Topic,Words,Frequency,Timestamp,Name
-1,"1983, militar, 22924, excelentísimo, penal",311,1983-01-01,-1_él_provincia_caso_año
0,"hombre, argentino, pueblo, democracia, militar",104,1983-01-01,0_argentino_argentina_país_gobierno
1,"intransigente, aceptacer, criterio, salvir, percibir",3,1983-01-01,1_presupuesto_gasto_ciento_millón
3,"debate, desaloje, solicitaría, manos, motivo",7,1983-01-01,3_debate_discusión_tema_debatir
4,"22207, normalizador, universidad, provisorio, decano",2,1983-01-01,4_educación_universidad_docente_educativ...
6,"procedimientos, penal, código, excarcelación, pena",21,1983-01-01,6_penal_código_pena_delito
7,"297, 296, 294, 207, sustitutivo",5,1983-01-01,7_afi_127_129_131
8,"temamos, reservar, tributar, 108, ios",1,1983-01-01,8_impuesto_ganancia_tributario_fiscal
9,"22924, reservar, mesa, derogar, ",1,1983-01-01,9_registrar_afi_él_136
10,"palahra, lie, referir, balestra, aclarar",5,1983-01-01,10_haber_él_sr_referir
11,"sindical, reordenamiento, obrero, bancada, sueldo",16,1983-01-01,11_trabajo_trabajador_empleador_laboral
13,"reservar, liquidación, posteriormente, sueldo, mesa",1,1983-01-01,13_precio_dólares_italo_millón
15,"balbín, illia, arturo, rendir, ricardo",1,1983-01-01,15_doctor_caride_hoz_ocupar
16,"ballesteros, solari, perl, asentimicn, arata",6,1983-01-01,16_resulta_pala_afi_sin
17,"unaniuno, celestino, luán, tamilia, tramo",1,1983-01-01,17_ferroviario_ruta_ferrocarril_transpor...
19,"zarriello, personalidad, fassi, samuel, referir",9,1983-01-01,19_jurar_jura_someter_sr
20,"manifestación, amablemente, extraordinarias, formo, advertir",4,1983-01-01,20_manifestaciones_manifestación_barra_l...
21,"am1, pliación, 286, 292, 290",6,1983-01-01,21_diputados_5282_pala_pág
22,"vecto, ejército, viola, tido, videla",2,1983-01-01,22_militar_fuerza_defensa_soldati
23,"peticiones, grandeza, celo, debate, respuesta",4,1983-01-01,23_político_democracia_partido_debate
24,"campanilla, legislativa, landin, abbiate, vistalli",3,1983-01-01,24_legislador_congreso_legislativo_parla...
25,"entrado, sr, cabañas, perl, reservado",3,1983-01-01,25_sr_pala_concedo_álvaro
29,"1983, opordiciembre, rectificado, tunidad, 263",7,1983-01-01,29_1984_1985_diputados_véanse
30,"mocionaies, 22702, 22021, dussol, nordeste",2,1983-01-01,30_agropecuario_ganadería_productor_agri...
32,"tupie, amaya, ballesteros, solari, into",2,1983-01-01,32_evangelios_santos_dios_jurar
33,"delictuoso, existencia, acto, advertir, justificarar",3,1983-01-01,33_justicialista_juez_justicia_bancada
36,"memoria, concretado, rendido, arata, camarlinghi",11,1983-01-01,36_memoria_rendido_homenajes_rendir
38,"cívica, radical, unión, anticiparo, discutirer",5,1983-01-01,38_cívica_radical_unión_nombre
40,"añes, resulla, , , ",2,1983-01-01,40_leito_aparicio_alderete_leavy
44,"bicarneral, repetición, respeto, afirmativamente, boca",1,1983-01-01,44_respeto_respetar_respetuoso_señores
46,"invitir, iniciación, resolver, momento, autorizado",3,1983-01-01,46_momento_plazo_quórum_oportuno
47,"sr, , , , ",2,1983-01-01,47_agost_carreño_2º_xii
50,"22924, 187, manzano, inconstitucional, estimar",2,1983-01-01,50_decreto_648_alidez_derogar
53,"secretaria, presentar, , , ",1,1983-01-01,53_secretario_jefe_gabinete_secretaria
54,"micrófono, pero, tono, aparentemente, jaroslavsky",1,1983-01-01,54_micrófono_audio_sonido_receptor
55,"comentes, lee, autor, tura, guiar",5,1983-01-01,55_redacción_autor_copia_citación
56,"ajustar, mantener, , , ",1,1983-01-01,56_continúir_finalizar_proseguir_continú...
60,"jaroslavsky, ustieia, sr, bargo, deberíar",6,1983-01-01,60_jaroslavsky_sr_manzano_proposición
62,"oir, risas, creer, , ",1,1983-01-01,62_risas_humor_risa_reír
64,"individualizarlos, provisional, fallecimiento, lépori, baglini",3,1983-01-01,64_provincia_provincias_jura_requerírsel...
65,"150, entrado, ios, horario, previamente",2,1983-01-01,65_boletín_prescindir_enunciación_resuel...
66,"acordar, , , , ",2,1983-01-01,66_yasky_espert_acordar_allende
73,"quòrum, indicación, sesionar, suficiente, casa",1,1983-01-01,73_casas_bue_considera_figueroa
87,"chubut, referir, él, , ",1,1983-01-01,87_chubut_pala_sidencia_monti
89,"desplazar, recordar, momento, , ",1,1983-01-01,89_recordar_italo_nalizado_olvidar
90,"modificacion, , , , ",1,1983-01-01,90_cambio_juntos_cambiar_interbloque
91,"alias, razón, , , ",1,1983-01-01,91_tema_motivo_razón_lógica
97,"dieta, goce, nfirmativo, brav, cun",13,1983-01-01,97_dieta_goce_homenajes_descuento
98,"entrado, giro, , , ",2,1983-01-01,98_vuelta_garrido_giro_carasso
100,"ramos, , , , ",1,1983-01-01,100_osuna_llancafilo_vásquez_punto
102,"peticiones, producido, poder, , ",2,1983-01-01,102_solicitud_peticiones_solicité_solici...
103,"benevolente, amabilidad, apreciación, apelar, servir",3,1983-01-01,103_agradecer_apreciación_agradecimiento...
104,"conté, preferencial, expresado, mañana, sostener",1,1983-01-01,104_mañana_ayer_acordar_desplacer
105,"autarquía, agropecuaria, tecnología, restituir, pleno",1,1983-01-01,105_ciencia_tecnología_innovación_tecnol...
106,"nacioís, 201, dieta, bravo, goce",1,1983-01-01,106_alimentario_alimento_programa_alimen...
109,"facto, 22924, derogación, autoamnistía, emanado",6,1983-01-01,109_corte_juez_patti_judicial
124,"leído, ramos, notar, contar, resolver",1,1983-01-01,124_leído_leer_afi_leeré
128,"terminado, volver, tema, , ",1,1983-01-01,128_volver_nuevamente_otorgué_afi
129,"subversión, amnistía, guerra, universal, terrorismo",7,1983-01-01,129_terrorismo_terrorista_humanos_derech...
130,"vivienda, alquileres, excepcional, desalojo, bancada",3,1983-01-01,130_vivienda_alquiler_vendedor_locación
131,"viernes, miércoles, diferir, jueves, proposición",3,1983-01-01,131_miércoles_jueves_semana_viernes
132,"arguindegui, pila, 164, nombre, apellido",2,1983-01-01,132_nombre_apellido_pila_corrección
138,"debate, , , , ",1,1983-01-01,138_lombardi_vidal_debate_vivero
141,"inasistente, diciemciembre, concurrir, figurar, ",1,1983-01-01,141_interrumpir_interrup_dencia_presi
149,"referir, él, , , ",2,1983-01-01,149_referir_él_refer_déjeme
154,"acepto, ponce, indicación, apoyo, ",1,1983-01-01,154_apoyo_apoyar_apoyamos_adelantar
165,"conexo, amnistir, alegado, atendible, carentes",1,1983-01-01,165_juicio_juez_doctor_actuación
169,"próximo, tema, , , ",1,1983-01-01,169_próximo_listado_seguir_afi
172,"referencia, , , , ",1,1983-01-01,172_referencia_coautor_referencien_lengu...
175,"dictaminar, recomendación, traslado, , ",1,1983-01-01,175_pedidos_mociones_informes_consulta
177,"reprimenda, bancada, radical, intransigent, terminantemente",4,1983-01-01,177_radical_radicalismo_bancada_evolució...
178,"recomendación, condición, momento, , ",1,1983-01-01,178_sugerencia_sugerir_sugerido_acepto
181,"respetar, , , , ",1,1983-01-01,181_petri_respetar_petmite_calma
183,"jalile, ufc, 1ívformes, féli, kümo",1,1983-01-01,183_evangelios_santos_jura_dios
187,"consulta, previo, problema, , ",1,1983-01-01,187_consulta_consultar_asesoramiento_ase...
-1,"1984, 84, diputados, él, militar",4956,1984-01-01,-1_él_provincia_caso_año
0,"argentino, chile, pueblo, hombre, tratado",1061,1984-01-01,0_argentino_argentina_país_gobierno
1,"presupuesto, déficit, 1984, externo, inflación",124,1984-01-01,1_presupuesto_gasto_ciento_millón
2,"conscripto, 1962, razón, clase, salud",37,1984-01-01,2_pastoriza_landau_abdala_silvestre
3,"debate, discusión, libre, sr, bancada",122,1984-01-01,3_debate_discusión_tema_debatir
4,"universidad, universitario, educación, provisorio, docente",111,1984-01-01,4_educación_universidad_docente_educativ...
5,"combustibles, energía, tello, rosas, gas",107,1984-01-01,5_energía_gas_combustible_combustibles
6,"penal, pena, código, prisión, multa",130,1984-01-01,6_penal_código_pena_delito
7,"138, 147, 133, 135, 134",140,1984-01-01,7_afi_127_129_131
8,"impuesto, impositivo, tributo, tributario, concertación",59,1984-01-01,8_impuesto_ganancia_tributario_fiscal
9,"columna, boletin, infoi, 5756, 1157",10,1984-01-01,9_registrar_afi_él_136
10,"él, conceder, referir, señoi, someter",66,1984-01-01,10_haber_él_sr_referir
11,"gremial, sindical, trabajo, trabajador, organización",107,1984-01-01,11_trabajo_trabajador_empleador_laboral
12,"medicamento, salud, asistencia, social, pública",55,1984-01-01,12_salud_discapacidad_paciente_pública
13,"moneda, bonex, cambio, tipo, explicasar",13,1984-01-01,13_precio_dólares_italo_millón
14,"president, presidenj, delimitándolo, objeto, reparación",16,1984-01-01,14_presiden_president_bue_sugerir
15,"doctor, legítimo, rendir, ocupar, justicialista",22,1984-01-01,15_doctor_caride_hoz_ocupar
16,"asentimicn, resulta, rabie, hono, sin",49,1984-01-01,16_resulta_pala_afi_sin
17,"ruta, tramo, transportes, 1984, pavimentación",204,1984-01-01,17_ferroviario_ruta_ferrocarril_transpor...
18,"21864, pensión, 18037, previsión, 18038",66,1984-01-01,18_pensión_previsional_jubilado_jubilaci...
19,"scalabrini, canning, locativo, someter, ortiz",38,1984-01-01,19_jurar_jura_someter_sr
20,"manifestaciones, manifestación, barra, rugir, solicitada1",75,1984-01-01,20_manifestaciones_manifestación_barra_l...
21,"diputados, 2052, fiar, 5236, 5763",82,1984-01-01,21_diputados_5282_pala_pág
22,"pianta, arguindegui, fuerzas, armadas, ascenso",25,1984-01-01,22_militar_fuerza_defensa_soldati
23,"democracia, político, bancada, popular, partido",42,1984-01-01,23_político_democracia_partido_debate
24,"legislador, legislativa, justicialista, celebración, bancada",33,1984-01-01,24_legislador_congreso_legislativo_parla...
25,"sr, pedrini, ruiz, cuestion, pugiiese",69,1984-01-01,25_sr_pala_concedo_álvaro
26,"vicepresidente, pascual, fappiano, candidatura, ocupar",32,1984-01-01,26_vicepresidente_vicepresidencia_ocupar...
27,"escuela, educación, 1984, adolfo, universidad",78,1984-01-01,27_educación_escuela_monumento_aconsejar
28,"84, lanas, 527, von, niederhausern",19,1984-01-01,28_2007_2010_2006_07
29,"1984, véanse, diputados, 29, vea",147,1984-01-01,29_1984_1985_diputados_véanse
30,"exclusión, vaquillonas, hacienda, revalúo, 100",63,1984-01-01,30_agropecuario_ganadería_productor_agri...
31,"deuda, externo, pregunta, banco, ministro",33,1984-01-01,31_deudor_deuda_hipotecario_crédito
32,"belarrinaga, restovicli, bautista, salutacion, proj",4,1984-01-01,32_evangelios_santos_dios_jurar
33,"justicialista, bancada, justicialismo, nombre, justicia",57,1984-01-01,33_justicialista_juez_justicia_bancada
34,"84, comité, convención, concubina, naciones",10,1984-01-01,34_matrimonio_divorcio_cónyuge_hijo
35,"frecuencia, antena, potencia, canal, 291",13,1984-01-01,35_teatral_radio_televisión_audiovisual
36,"memoria, concretado, pronunciado, rendido, rendir",65,1984-01-01,36_memoria_rendido_homenajes_rendir
37,"nuclear, energía, uranio, excelentísimo, miembros",31,1984-01-01,37_nuclear_energía_energético_gas
38,"cívica, unión, radical, bancada, suficientemente",29,1984-01-01,38_cívica_radical_unión_nombre
39,"votar, votai, votado, vot, 4ni",28,1984-01-01,39_votar_voté_votado_vota
40,"cumán, resulla, ítesulto, díputarln, ueneral",33,1984-01-01,40_leito_aparicio_alderete_leavy
41,"aeropuerto, pour, aeronave, président, casale",38,1984-01-01,41_aéreo_aerolíneas_argentinas_aeronave
42,"disculpa, disculpar, advertí, grifa, pa1555",12,1984-01-01,42_disculpe_disculpa_perdón_discúlpeme
43,"ministro, interpelante, contestar, pregunta, informativo",19,1984-01-01,43_ministros_gabinete_jefe_ministro
44,"zubiri, respeto, respetar, altísimo, puro",5,1984-01-01,44_respeto_respetar_respetuoso_señores
45,"escuchar, campana, sonar, caima, rugir",12,1984-01-01,45_escuchar_oradora_escuchaber_escuchen
46,"momento, plazo, asurto, solicitárselar, dú",33,1984-01-01,46_momento_plazo_quórum_oportuno
47,"torma, 2q, 2v, salla, 2p",19,1984-01-01,47_agost_carreño_2º_xii
48,"suiza, árbitro, bretaña, suizo, arbitral",4,1984-01-01,48_suizo_suiza_italo_accionista
49,"guarderia, materno, 109, infantil, hospital",1,1984-01-01,49_aborto_mujer_embarazo_salud
50,"refugiados, decreto, corresponse, pugliesel, sobve",12,1984-01-01,50_decreto_648_alidez_derogar
51,"mujer, elk, siempreviva, restitución, clavel",6,1984-01-01,51_mujer_violencia_01_género
52,"ley1, ley, aviso, definitivamente, ley2",15,1984-01-01,52_ley_aviso_roja_definitivamente
53,"gurioü, disculparme, secretario, secretaria, señot",5,1984-01-01,53_secretario_jefe_gabinete_secretaria
54,"mayoritaria, retirada, advertí, batir, micrófono",1,1984-01-01,54_micrófono_audio_sonido_receptor
55,"autor, redacción, citación, nota, provecto",35,1984-01-01,55_redacción_autor_copia_citación
56,"finalización, concluya, concedar, proseguir, continuo",10,1984-01-01,56_continúir_finalizar_proseguir_continú...
57,"dupuy, departamento, establereunión, diticia, cristóbal",9,1984-01-01,57_provincia_provincial_jurisdicción_int...
58,"storani, becerra, , , ",5,1984-01-01,58_registrado_sarghini_carrió_grosso
59,"cedrola, taquígrafos, lorenzo, director, diferido",11,1984-01-01,59_taquígrafos_director_cuerpo_monasteri...
60,"jaroslavsky, deslealtad, xag, iox, sr",47,1984-01-01,60_jaroslavsky_sr_manzano_proposición
61,"renuncia, presentado, públicas, deballi, obras",11,1984-01-01,61_renuncia_presentado_peticiones_renunc...
62,"risas, menéndez, benjamín, manifestaciones, humor",41,1984-01-01,62_risas_humor_risa_reír
63,"universidad, educación, educativo, pedagógico, docente",6,1984-01-01,63_educación_educativo_universidad_docen...
64,"fehrov1, formosu, fonavj, cuandfi, pilcaneyeu",14,1984-01-01,64_provincia_provincias_jura_requerírsel...
65,"128, 060d, ex466, ajusfándome, mayoruaria",13,1984-01-01,65_boletín_prescindir_enunciación_resuel...
66,"acordar, pedrini, márquez, , ",9,1984-01-01,66_yasky_espert_acordar_allende
67,"guelar, rugir, , , ",3,1984-01-01,67_massot_mayoraz_rugir_vallone
68,"inundación, zona, desastre, afectado, emergencia",38,1984-01-01,68_desastre_zona_emergencia_agropecuario
69,"pico, especializada, serralta, ferrocarril, taller",8,1984-01-01,69_de_la_que_el
70,"tabaco, cigarrillo, tabacalero, vendido, propaganda",11,1984-01-01,70_tabaco_cigarrillo_tabacalero_fumar
72,"7q, clencia, consideraci6n, estere, 8p",7,1984-01-01,72_6º_7º_1º_8º
73,"casa, homenajfüene, quisierar, carcelario, preferencial",9,1984-01-01,73_casas_bue_considera_figueroa
74,"campamento, carpa, turismo, metro, superficie",18,1984-01-01,74_turismo_turístico_viaje_actividad
75,"conferencia, abierto, unidad, mantener, debate",2,1984-01-01,75_inte_ocaña_conferencia_abierto
76,"nadal, taibo, ignorar, expresado, efectivamente",2,1984-01-01,76_compartir_pala_natalia_morán
78,"reconsideración, reconsiderar, balestra, formulo, nuevamente",32,1984-01-01,78_reconsideración_reconsiderar_formulo_...
80,"ambiente, conservación, naturales, recursos, interparlamentaria",20,1984-01-01,80_bosque_nativo_ambiental_forestal
81,"3475, 53s, modificarir, civil, venido",4,1984-01-01,81_civil_código_sustitución_padre
82,"veinte, ninuto, treinta, licitada, interpelado",9,1984-01-01,82_treinta_veinte_segundo_quince
83,"vea, 5753, 5731, peron, pág",8,1984-01-01,83_vea_pág_otación_él
84,"yamaguchi, , , , ",1,1984-01-01,84_yacobitti_verasay_pala_gollán
86,"lizondo, bautista, himno, 640983, casella",1,1984-01-01,86_estrofa_entonar_himno_orquesta
87,"chubut, 182, 180, referir, él",22,1984-01-01,87_chubut_pala_sidencia_monti
88,"girado, fútbol, estadio, deportes, córtese",9,1984-01-01,88_deportivo_antidopaje_deporte_fútbol
89,"recordar, manaña, jauretche, xiii, postergación",9,1984-01-01,89_recordar_italo_nalizado_olvidar
90,"sutilezas, enuncio, abruptamente, curioso, cambiar",4,1984-01-01,90_cambio_juntos_cambiar_interbloque
91,"uegativo, consideraciór, quisierar, bodo, entendimos",15,1984-01-01,91_tema_motivo_razón_lógica
92,"puestos, taquigraficas, abierto, presencia, electoral",11,1984-01-01,92_abierto_presencia_puestos_electoral
93,"levantar, mano, contar, necesario, ",1,1984-01-01,93_alzado_mano_levantar_afi
95,"bancaria, pasai, bancarios, sindicato, estatuto",4,1984-01-01,95_banco_central_directorio_negociación
96,"tina, , , , ",1,1984-01-01,96_pala_lena_austin_tina
97,"dieta, goce, homenajes, alimenticios, cuestion",43,1984-01-01,97_dieta_goce_homenajes_descuento
98,"vuelta, giro, guzmán, dii, proposición",27,1984-01-01,98_vuelta_garrido_giro_carasso
99,"83, rosauro, ausentar, 1984, comunica",4,1984-01-01,99_electoral_alianza_dni_candidato
100,"punto, , , , ",25,1984-01-01,100_osuna_llancafilo_vásquez_punto
101,"naje, home, , , ",1,1984-01-01,101_negativa_cero_negativos_nulo
102,"solicitud, alsogaray, solicitadal, xxvn, preterir",11,1984-01-01,102_solicitud_peticiones_solicité_solici...
103,"agradecer, autorizarme, gratificar, halagado, versación",9,1984-01-01,103_agradecer_apreciación_agradecimiento...
104,"mañana, ayer, oportunameni, considerado, sugerir",24,1984-01-01,104_mañana_ayer_acordar_desplacer
105,"tecnología, industria, ciapuscio, chehin, tecnológico",15,1984-01-01,105_ciencia_tecnología_innovación_tecnol...
106,"exclusión, alimentario, programa, pena, desperdicio",18,1984-01-01,106_alimentario_alimento_programa_alimen...
107,"loa, iniciadoro, limpieza, 192, regimen",2,1984-01-01,107_italo_compañía_empresa_firma
109,"militar, cuerpo, apelación, damnificado, sentencia",22,1984-01-01,109_corte_juez_patti_judicial
110,"5806, manifestar, proposición, cuerpo, prorrogar",2,1984-01-01,110_cuerpo_renumeración_corpacci_faculta...
112,"resulta, gorila, manifestaciones, cosa, tema",5,1984-01-01,112_resulta_gorleri_morales_gorila
114,"mercante, pesca, pesquero, marítimo, marina",27,1984-01-01,114_pesca_pesquero_mar_buque
116,"resolución1, resolución, resolucións, 6360, 6358",8,1984-01-01,116_resolución_disidencias_aciones_obser...
117,"haber, él, , , ",1,1984-01-01,117_suficientemente_apoyado_apoyar_consi...
119,"comenzar, lectivo, melón, eximir, formulo",7,1984-01-01,119_comenzar_individual_comienzo_empezar
120,"saharaui, arabe, democrática, oua, diplomático",4,1984-01-01,120_the_israel_palestino_convention
121,"toscas, cele, 929, brar, siderar",1,1984-01-01,121_castillo_loredo_ripoll_pichetto
122,"3q, 3ueno, atrículo, 3p, 5q",6,1984-01-01,122_3º_5º_polini_1º
123,"matadero, faenar, higiénico, salubridad, vacuna",4,1984-01-01,123_vacuna_vacunación_covid_salud
124,"leer, leído, lexto, sustitución, lee",20,1984-01-01,124_leído_leer_afi_leeré
126,"periodista, inquebrantabl, antorcha, sacrificado, abnegado",5,1984-01-01,126_periodista_periodístico_prensa_perio...
128,"volver, nuevamente, infirmante, acuer, rabanal",25,1984-01-01,128_volver_nuevamente_otorgué_afi
129,"terrorista, melón, magistfc, perpetrados, llamándome",7,1984-01-01,129_terrorismo_terrorista_humanos_derech...
130,"vivienda, vendedor, saldo, continuador, lote",38,1984-01-01,130_vivienda_alquiler_vendedor_locación
131,"semana, miércoles, jueves, refundir, próximo",19,1984-01-01,131_miércoles_jueves_semana_viernes
132,"nombre, apellido, bjetc, bagíini, 1guno",15,1984-01-01,132_nombre_apellido_pila_corrección
133,"negoció, encuademación, compilación, reserve, señoi",2,1984-01-01,133_negociación_negociador_negociar_nego...
134,"robson, copello, , , ",2,1984-01-01,134_afi_paulón_robson_copello
135,"changarín, madre, mujer, protección, concurrir",1,1984-01-01,135_aborto_mujer_embarazo_vida
136,"izai, alvaro, taquigraficas, alsogaray, puestos",1,1984-01-01,136_doña_himno_electoral_abierto
137,"resu, ta, tear, plan, ",3,1984-01-01,137_sírvar_resu_rizzotti_ta
138,"vidal, ampliar, debate, , ",5,1984-01-01,138_lombardi_vidal_debate_vivero
140,"comunicaciones, localidad, telefónico, correos, azcona",42,1984-01-01,140_localidad_telefónico_comunicaciones_...
141,"interrumpir, sírvanse, rugir, sírvase, coloquio",8,1984-01-01,141_interrumpir_interrup_dencia_presi
143,"cretacer, cñor, sej, aclaro, recién",4,1984-01-01,143_indicar_tienir_yo_pala
144,"suficientemente, apoyar, , , ",1,1984-01-01,144_martiarena_suficientemente_hagman_ap...
145,"medicamento, población, salud, atención, médico",2,1984-01-01,145_salud_medicina_médico_medicamento
146,"írio, solvay, soda, perseverancia, flor",4,1984-01-01,146_flores_plantee_riutort_planteo
147,"conocimiento, palean, lee, reserve, informacion",11,1984-01-01,147_conocimiento_información_tomar_conoc...
148,"jey, urriza, caso, requerido, similar",6,1984-01-01,148_caso_suponer_demandar_separado
149,"referir, él, refer, mis, ir",38,1984-01-01,149_referir_él_refer_déjeme
151,"parliculai, adopciód, 229d, nación1, unamtino",3,1984-01-01,151_autenticacer_archivar_formular_diari...
152,"oportunidad, tráriite, edacer, desearíamos, proy",13,1984-01-01,152_oportunidad_solicité_ocasión_aprovec...
153,"denar, constituciona, ori, honor, pot",6,1984-01-01,153_constitución_jura_requerírsele_esqui...
154,"apoyo, rabanal, adelantamos, postergación, huarte",7,1984-01-01,154_apoyo_apoyar_apoyamos_adelantar
155,"electrónicamente, rectifi, llave, rogar, dispositivo",4,1984-01-01,155_sistema_electrónicamente_funcionar_l...
156,"dárseno, apremio, implementado, avanzado, compartir",1,1984-01-01,156_iniciativa_ambos_resulta_brevedad
157,"supresión, desistir, aconsejar, suprimir, originario",5,1984-01-01,157_eliminación_suprimir_eliminado_elimi...
159,"reconsideración, reconsideracion, , , ",15,1984-01-01,159_reconsideración_reconsideracion_reco...
161,"coo, , , , ",1,1984-01-01,161_marziotta_cobos_manes_gisela
162,"pronuncie, proi, trada, pronunciamiento, usual",6,1984-01-01,162_pronunciamiento_pronuncie_acento_éli...
163,"importación, estadística, temporario, tasa, comercio",22,1984-01-01,163_exportación_importación_mercadería_c...
164,"ministro, economía, verbal, 530, alsogaray",14,1984-01-01,164_economía_ministro_ministerio_italo
165,"furque, actuación, juicio, archivar, 1984",25,1984-01-01,165_juicio_juez_doctor_actuación
168,"bioceánico, oportunidad, posibilidad, país, ",1,1984-01-01,168_biocombustibl_biodiésel_combustible_...
169,"pedii, próximo, seguir, intención, carácter",5,1984-01-01,169_próximo_listado_seguir_afi
171,"xvhi, xvu, xvn, xiv, xix",5,1984-01-01,171_ficación_afi_xiv_xix
172,"referencia, lenguir, rabanal, ferré, vitivinícola",9,1984-01-01,172_referencia_coautor_referencien_lengu...
174,"traslado, asentímiento, solicitud, liay, asentimiento",27,1984-01-01,174_traslado_montoto_solicitud_trasladar
175,"mociones, pedidos, informes, consulta, traslado",20,1984-01-01,175_pedidos_mociones_informes_consulta
176,"pregunta, contestar, rugir, dieho, hallasar",10,1984-01-01,176_pregunta_preguntar_contestar_respond...
177,"radical, radicalismo, 5350, pretar, rajatab",14,1984-01-01,177_radical_radicalismo_bancada_evolució...
178,"sugerencia, sugerido, sugerir, hura, drá",9,1984-01-01,178_sugerencia_sugerir_sugerido_acepto
180,"inconveniente, descontar, rabana, desisto, incurrir",11,1984-01-01,180_inconveniente_excusación_contrario_e...
181,"respetar, , , , ",3,1984-01-01,181_petri_respetar_petmite_calma
182,"pronuncie, pregunta, realización, acerca, ",3,1984-01-01,182_pregunta_realizar_preguntar_raro
183,"cretado, nunciada, pimentel, sesion, antesala",2,1984-01-01,183_evangelios_santos_jura_dios
184,"llamo, rugir, atención, público, desarrollo",2,1984-01-01,184_audiencia_guardar_público_requerírse...
185,"genera, agregado, rmino, genera1, bodo",34,1984-01-01,185_agregado_genera_resulta_gennaro
186,"tema, , , , ",1,1984-01-01,186_pala_tema_hase_interesado
187,"consulta, pronlo, invariablemente, dele, extemporáneo",10,1984-01-01,187_consulta_consultar_asesoramiento_ase...
188,"azúcar, azucarero, derivados, azúcares, caña",11,1984-01-01,188_azúcar_vino_fructosa_remolacha
189,"versión, taquigráfica, lebrada, procedería, taquigráfico",4,1984-01-01,189_versión_taquigráfico_taquigráfi_taqu...
-1,"italo, 1985, compañía, diputados, doctor",8118,1985-01-01,-1_él_provincia_caso_año
0,"argentino, hombre, 1985, pueblo, italo",725,1985-01-01,0_argentino_argentina_país_gobierno
1,"presupuesto, 1985, hacienda, externo, ciento",111,1985-01-01,1_presupuesto_gasto_ciento_millón
2,"razón, junio, salud, mayo, comprendido",28,1985-01-01,2_pastoriza_landau_abdala_silvestre
3,"debate, conversación, discusión, tema, conversar",135,1985-01-01,3_debate_discusión_tema_debatir
4,"cooperativa, ejercicio, valor, computabl, contribución",57,1985-01-01,4_educación_universidad_docente_educativ...
5,"energía, combustibles, turbina, cushamen, yacyretá",272,1985-01-01,5_energía_gas_combustible_combustibles
6,"penal, código, delito, espectáculo, pena",46,1985-01-01,6_penal_código_pena_delito
7,"preferente, 143, 109, agregado, emitido",47,1985-01-01,7_afi_127_129_131
8,"impuesto, enriquecimiento, valor, bolsa, impositiva",87,1985-01-01,8_impuesto_ganancia_tributario_fiscal
9,"folio, exhibir, 159, 121, 257",11,1985-01-01,9_registrar_afi_él_136
10,"haber, él, decir, ver, conocer",106,1985-01-01,10_haber_él_sr_referir
11,"trabajo, accidentes, 22248, trabajador, legislación",60,1985-01-01,11_trabajo_trabajador_empleador_laboral
12,"salud, asistencia, pública, hospital, langan",84,1985-01-01,12_salud_discapacidad_paciente_pública
13,"precio, dólares, italo, defecto, millón",679,1985-01-01,13_precio_dólares_italo_millón
14,"president, cicyp, presidentecomo, siena6028, washington",12,1985-01-01,14_presiden_president_bue_sugerir
15,"doctor, caride, hoz, klein, zubarán",551,1985-01-01,15_doctor_caride_hoz_ocupar
16,"asenti, perl, folcini, toranzo, miento",40,1985-01-01,16_resulta_pala_afi_sin
17,"ruta, casale, transportes, daud, 1985",120,1985-01-01,17_ferroviario_ruta_ferrocarril_transpor...
18,"previsión, pensión, seguridad, social, caja",68,1985-01-01,18_pensión_previsional_jubilado_jubilaci...
19,"conocer, italo, videla, hoz, sr",78,1985-01-01,19_jurar_jura_someter_sr
20,"manifestación, manifestaciones, barra, tercerio, stolkiner",24,1985-01-01,20_manifestaciones_manifestación_barra_l...
21,"5282, diputados, 4826, ayo, 2798",144,1985-01-01,21_diputados_5282_pala_pág
22,"militar, soldati, junta, comandante, ciae",429,1985-01-01,22_militar_fuerza_defensa_soldati
23,"defensa, rega, bancada, político, docente",44,1985-01-01,23_político_democracia_partido_debate
24,"legislador, proscribir, legislativo, político, autoconciencia",36,1985-01-01,24_legislador_congreso_legislativo_parla...
25,"sr, pugliese, ruiz, segovia, hoz",59,1985-01-01,25_sr_pala_concedo_álvaro
26,"vicepresidente, vicepresidencia, toranzo, pascual, demócrata",34,1985-01-01,26_vicepresidente_vicepresidencia_ocupar...
27,"1985, adolfo, mujer, dimasi, doctor",55,1985-01-01,27_educación_escuela_monumento_aconsejar
28,"85, 84, autor, retiro, 325",23,1985-01-01,28_2007_2010_2006_07
29,"1985, 526o, jamaka, diputados, 5585",162,1985-01-01,29_1984_1985_diputados_véanse
30,"ganadería, agricultura, hembra, bovino, desgravación",37,1985-01-01,30_agropecuario_ganadería_productor_agri...
31,"crédito, préstamo, aval, deuda, italo",126,1985-01-01,31_deudor_deuda_hipotecario_crédito
32,"unificación, preacuerdo, iglesia, asociación, santo",13,1985-01-01,32_evangelios_santos_dios_jurar
33,"justicialista, bancada, procurador, judicial, tribunal",96,1985-01-01,33_justicialista_juez_justicia_bancada
34,"hijo, padre, filiación, matrimonio, potestad",163,1985-01-01,34_matrimonio_divorcio_cónyuge_hijo
35,"teatral, teatro, instituto, doblaje, actividad",30,1985-01-01,35_teatral_radio_televisión_audiovisual
36,"memoria, rendido, rendir, pronunciado, doctor",51,1985-01-01,36_memoria_rendido_homenajes_rendir
37,"alcohol, combustible, etílico, energético, petropar",8,1985-01-01,37_nuclear_energía_energético_gas
38,"cívica, radical, unión, ford, sucio",24,1985-01-01,38_cívica_radical_unión_nombre
39,"votar, referéndum, cal, reconsideración, inlormábar",16,1985-01-01,39_votar_voté_votado_vota
40,"kti, lcctura, témino, rticular, tiéne",9,1985-01-01,40_leito_aparicio_alderete_leavy
41,"aeropuerto, vuelo, casale, aerolíneas, argentinas",32,1985-01-01,41_aéreo_aerolíneas_argentinas_aeronave
42,"condonar, perdón, aval, perdónenme, enderlin",29,1985-01-01,42_disculpe_disculpa_perdón_discúlpeme
43,"ministro, ministerio, excusado, hoz, invitación",48,1985-01-01,43_ministros_gabinete_jefe_ministro
44,"respeto, respetar, merecer, rccho, hilaridad",22,1985-01-01,44_respeto_respetar_respetuoso_señores
45,"nogueras, orelli, taquígrafo, escuchar, dificultar",6,1985-01-01,45_escuchar_oradora_escuchaber_escuchen
46,"momento, época, analizar, deliberer, període",62,1985-01-01,46_momento_plazo_quórum_oportuno
47,"xii, xvi, xiii, xxi, 2p",24,1985-01-01,47_agost_carreño_2º_xii
48,"suizo, suiza, italo, accionista, franco",360,1985-01-01,48_suizo_suiza_italo_accionista
49,"parto, obstétrico, obstetra, médico, nacimiento",15,1985-01-01,49_aborto_mujer_embarazo_salud
50,"648, decreto, 1961, concesión, nulidad",196,1985-01-01,50_decreto_648_alidez_derogar
51,"concubinato, mujer, preguntémonos, dedicar, justicialista",8,1985-01-01,51_mujer_violencia_01_género
52,"ley1, 14005, iniciadoro, habiéndose, 4154",8,1985-01-01,52_ley_aviso_roja_definitivamente
53,"secretario, subsecretario, turno, villarreal, srur",62,1985-01-01,53_secretario_jefe_gabinete_secretaria
54,"audición, cinta, grabación, careo, radiofónico",5,1985-01-01,54_micrófono_audio_sonido_receptor
55,"copia, redacción, libro, sellos, autor",40,1985-01-01,55_redacción_autor_copia_citación
56,"bruguer, mantener, renumerado, consejero, conclusión",22,1985-01-01,56_continúir_finalizar_proseguir_continú...
57,"provincia, representante, provincial, sismo, industrial",19,1985-01-01,57_provincia_provincial_jurisdicción_int...
58,"valiar, registración, registro, italo, pena",3,1985-01-01,58_registrado_sarghini_carrió_grosso
59,"cedrola, taquígrafos, lorenzo, director, fracasado",14,1985-01-01,59_taquígrafos_director_cuerpo_monasteri...
60,"jaroslavsky, proposición, mociones, expreso, movinvento",27,1985-01-01,60_jaroslavsky_sr_manzano_proposición
61,"renuncia, presentado, 6124, yotar, 6067",17,1985-01-01,61_renuncia_presentado_peticiones_renunc...
62,"risas, apiubado, pase, buenamente, respetir",15,1985-01-01,62_risas_humor_risa_reír
63,"docente, educación, austral, reducción, 58495",6,1985-01-01,63_educación_educativo_universidad_docen...
64,"anfibios, provincia, quimilí, montreaux, cesion",11,1985-01-01,64_provincia_provincias_jura_requerírsel...
65,"prescindir, enunciación, pase, resuelto, pronunciamiento",17,1985-01-01,65_boletín_prescindir_enunciación_resuel...
66,"pedrini, acordar, rmativo, af, xxiii",8,1985-01-01,66_yasky_espert_acordar_allende
67,"rugir, guelar, , , ",6,1985-01-01,67_massot_mayoraz_rugir_vallone
68,"sanitarias, obras, saneamiento, compensador, inundación",21,1985-01-01,68_desastre_zona_emergencia_agropecuario
69,"6364380, huapi, nahuel, norable, 94",1,1985-01-01,69_de_la_que_el
70,"tabaco, conversión, 19800, vidal, desagio",3,1985-01-01,70_tabaco_cigarrillo_tabacalero_fumar
71,"zanjar, 171, prescrito, 165, 170",1,1985-01-01,71_abstenciones_abstención_afi_195
72,"tienir, , , , ",2,1985-01-01,72_6º_7º_1º_8º
73,"casa, indicación, suficiente, supóngar, sesionar",15,1985-01-01,73_casas_bue_considera_figueroa
74,"85, 84, parques, deportes, turismo",13,1985-01-01,74_turismo_turístico_viaje_actividad
75,"nombren, bronstein, caride, hoz, acceso",2,1985-01-01,75_inte_ocaña_conferencia_abierto
76,"inconviente, haskins, sells, plender, deloitte",4,1985-01-01,76_compartir_pala_natalia_morán
77,"concedo, , , , ",1,1985-01-01,77_giacomo_stolbizer_nalizar_pala
78,"reconsideración, reconsiderar, psicodrama, psicoterapia, presto",15,1985-01-01,78_reconsideración_reconsiderar_formulo_...
80,"forestal, salicácea, naturales, forestación, recursos",10,1985-01-01,80_bosque_nativo_ambiental_forestal
81,"sustitución, civil, padre, código, hijo",102,1985-01-01,81_civil_código_sustitución_padre
82,"vacilo, quince, miramar, villarreal, demagogo",8,1985-01-01,82_treinta_veinte_segundo_quince
83,"ferré, 8188, sk, 8011, 1068",5,1985-01-01,83_vea_pág_otación_él
85,"prolijidad, cansancio, 110, falta, ",1,1985-01-01,85_abstenciones_abstención_afi_131
87,"chubut, sidencia, di, considerer, ",13,1985-01-01,87_chubut_pala_sidencia_monti
88,"espectáculo, deportivo, estadio, violencia, contravencional",36,1985-01-01,88_deportivo_antidopaje_deporte_fútbol
89,"recordar, italo, momento, recuerdo, lemos",91,1985-01-01,89_recordar_italo_nalizado_olvidar
90,"cambiar, cambio, modificar, equivoquar, asentimien",17,1985-01-01,90_cambio_juntos_cambiar_interbloque
91,"eci, disurso, acción, razón, landín",22,1985-01-01,91_tema_motivo_razón_lógica
92,"puestos, abierto, presencia, electoral, 128",11,1985-01-01,92_abierto_presencia_puestos_electoral
93,"mano, vocación, levantar, recién, tener",2,1985-01-01,93_alzado_mano_levantar_afi
95,"banco, central, directorio, negociación, italo",160,1985-01-01,95_banco_central_directorio_negociación
97,"dieta, goce, descuento, descontar, 2151",32,1985-01-01,97_dieta_goce_homenajes_descuento
98,"vuelta, giro, mantuve, mociones, probable",11,1985-01-01,98_vuelta_garrido_giro_carasso
99,"tripicchio, contratado, monserrat, desempeñar, planta",3,1985-01-01,99_electoral_alianza_dni_candidato
100,"punto, ramos, peronista, adherir, redacción",20,1985-01-01,100_osuna_llancafilo_vásquez_punto
101,"mendoza, xiii, traslado, , ",1,1985-01-01,101_negativa_cero_negativos_nulo
102,"solicitud, solicitarar, cursado, postergo, peticionado",16,1985-01-01,102_solicitud_peticiones_solicité_solici...
103,"agradecer, concluido, apreciación, atuvimos, presencia",11,1985-01-01,103_agradecer_apreciación_agradecimiento...
104,"mañana, apartar, lunes, sobreentendido, formulo",22,1985-01-01,104_mañana_ayer_acordar_desplacer
105,"científico, ciencia, tecnológico, finalidad, técnica",8,1985-01-01,105_ciencia_tecnología_innovación_tecnol...
106,"pan, coepan, romay, alimentario, programa",7,1985-01-01,106_alimentario_alimento_programa_alimen...
107,"italo, compañía, empresa, directorio, eci",153,1985-01-01,107_italo_compañía_empresa_firma
108,"renuncié, nombrar, compañía, , ",1,1985-01-01,108_cientemente_apoyado_sufi_juliano
109,"juridicidad, saquear, rectifica, acto, descalificado",8,1985-01-01,109_corte_juez_patti_judicial
110,"cuerpo, 849, 907, 852, 962",5,1985-01-01,110_cuerpo_renumeración_corpacci_faculta...
113,"4s4, lee, 23073, 19s5, eci",2,1985-01-01,113_2002_diputados_2001_noviembre
114,"pesquero, olivia, caleta, misinir, puerto",6,1985-01-01,114_pesca_pesquero_mar_buque
115,"secretario, ministro, , , ",1,1985-01-01,115_ministros_gabinete_jefe_sota
116,"resolución1, expresion, archivar, atentado, repudio",3,1985-01-01,116_resolución_disidencias_aciones_obser...
118,"auditoría, auditor, contabilidad, contador, balance",60,1985-01-01,118_auditoría_auditor_forlón_designado
119,"inicialar, comenzar, iniciar, inicial, mezzadri",11,1985-01-01,119_comenzar_individual_comienzo_empezar
120,"palestina, liberación, organización, pertenezar, inquirí",2,1985-01-01,120_the_israel_palestino_convention
121,"faldeo, catedral, viabilizar, cerro, descrito",1,1985-01-01,121_castillo_loredo_ripoll_pichetto
122,"3p, lima, oficial, seguramente, ",2,1985-01-01,122_3º_5º_polini_1º
124,"leer, leído, leeré, eotilor, rogaría",10,1985-01-01,124_leído_leer_afi_leeré
126,"periodístico, noticia, periodista, anterioiidad, empalm",15,1985-01-01,126_periodista_periodístico_prensa_perio...
128,"telia, volver, nuevamente, digámoslo, introducir",10,1985-01-01,128_volver_nuevamente_otorgué_afi
129,"humanos, derechos, actitud, atentado, formar",10,1985-01-01,129_terrorismo_terrorista_humanos_derech...
130,"23073, 14005, vivienda, rúbeo, lote",16,1985-01-01,130_vivienda_alquiler_vendedor_locación
131,"semana, miércoles, próximo, viernes, jueves",14,1985-01-01,131_miércoles_jueves_semana_viernes
132,"nombre, chavanne, apellido, carosio, desvincular",23,1985-01-01,132_nombre_apellido_pila_corrección
133,"negociación, negociador, negociar, negociadora, italo",133,1985-01-01,133_negociación_negociador_negociar_nego...
135,"asignación, idéntico, control, puerperio, periodicidad",2,1985-01-01,135_aborto_mujer_embarazo_vida
137,"resu, ta, sírvar, concretar, presentado",3,1985-01-01,137_sírvar_resu_rizzotti_ta
138,"debate, , , , ",3,1985-01-01,138_lombardi_vidal_debate_vivero
140,"telefónico, comunicaciones, localidad, telediscado, cabina",57,1985-01-01,140_localidad_telefónico_comunicaciones_...
141,"interrumpir, interferencia, rugir, sírvanse, correligionario",8,1985-01-01,141_interrumpir_interrup_dencia_presi
143,"dispongo, confundí, referirno, alguien, reparo",8,1985-01-01,143_indicar_tienir_yo_pala
144,"suficientemente, apoyar, , , ",1,1985-01-01,144_martiarena_suficientemente_hagman_ap...
145,"750000, inos, psicólogo, psi, profesión",4,1985-01-01,145_salud_medicina_médico_medicamento
146,"flores, riutort, chehin, ervaciones, 6702",9,1985-01-01,146_flores_plantee_riutort_planteo
147,"conocimiento, información, conocer, klein, estudio",57,1985-01-01,147_conocimiento_información_tomar_conoc...
148,"caso, jocosamente, encia, italo, quisierar",18,1985-01-01,148_caso_suponer_demandar_separado
149,"referir, él, , , ",9,1985-01-01,149_referir_él_refer_déjeme
150,"conde, acceder, posibilidad, , ",1,1985-01-01,150_laspina_acceder_afi_lasbanca
151,"autenticacer, archivar, formular, diarios, cuestion",10,1985-01-01,151_autenticacer_archivar_formular_diari...
152,"oportunidad, repercusión, superficialmente, litigiosa, conocí",17,1985-01-01,152_oportunidad_solicité_ocasión_aprovec...
153,"ejercierir, enterado, aplazamiento, ilustración, nominar",5,1985-01-01,153_constitución_jura_requerírsele_esqui...
154,"apoyo, apoyar, guzmán, bloquista, toranzo",9,1985-01-01,154_apoyo_apoyar_apoyamos_adelantar
155,"utilización, sistema, ganaríamos, homenaj, suscitado",9,1985-01-01,155_sistema_electrónicamente_funcionar_l...
156,"ahorraríar, manzano, iniciativa, permítame, brevedad",5,1985-01-01,156_iniciativa_ambos_resulta_brevedad
157,"supresión, negociado, quita, edición, considerado",3,1985-01-01,157_eliminación_suprimir_eliminado_elimi...
159,"reconsideración, , , , ",5,1985-01-01,159_reconsideración_reconsideracion_reco...
162,"pronuncie, formuloir, acento, pronunciar, levantado",6,1985-01-01,162_pronunciamiento_pronuncie_acento_éli...
163,"vecinal, fronterizo, tráfico, silvero, exportación",6,1985-01-01,163_exportación_importación_mercadería_c...
164,"economía, ministro, italo, ministerio, hoz",66,1985-01-01,164_economía_ministro_ministerio_italo
165,"juez, juicio, furque, doctor, archivar",41,1985-01-01,165_juicio_juez_doctor_actuación
169,"próximo, xiii, arribar, seguir, someter",5,1985-01-01,169_próximo_listado_seguir_afi
171,"xix, xxhi, xiv, xvm, xvn",8,1985-01-01,171_ficación_afi_xiv_xix
172,"referencia, eligió, ubico, recuerde, villarreal",13,1985-01-01,172_referencia_coautor_referencien_lengu...
173,"reitero, escuchar, , , ",3,1985-01-01,173_escuchar_garay_reitero_escúchenme
174,"traslado, solicitud, respondient, moc, co1",23,1985-01-01,174_traslado_montoto_solicitud_trasladar
175,"mociones, pedidos, informes, consulta, asunseptiembre",18,1985-01-01,175_pedidos_mociones_informes_consulta
176,"pregunte, jura, preguntar, pregunta, porq",17,1985-01-01,176_pregunta_preguntar_contestar_respond...
177,"radical, neuquénsr, bancada, comprometiéndono, distin",11,1985-01-01,177_radical_radicalismo_bancada_evolució...
178,"sugerencia, acepto, sugerido, directiva, terrile",6,1985-01-01,178_sugerencia_sugerir_sugerido_acepto
180,"excusación, causal, adivinado, cesar, escaso",22,1985-01-01,180_inconveniente_excusación_contrario_e...
181,"tomer, , , , ",1,1985-01-01,181_petri_respetar_petmite_calma
182,"pregunta, inquietar, aue, srur, basualdo",8,1985-01-01,182_pregunta_realizar_preguntar_raro
183,"allegrone, eva, antesala, concurrent, aproximar",1,1985-01-01,183_evangelios_santos_jura_dios
184,"audiencia, alegar, precepto, públicamente, cuidar",5,1985-01-01,184_audiencia_guardar_público_requerírse...
185,"agregado, fappiano, , , ",7,1985-01-01,185_agregado_genera_resulta_gennaro
186,"hase, tema, , , ",4,1985-01-01,186_pala_tema_hase_interesado
187,"consulta, asesoramiento, asesorar, consultar, eci",38,1985-01-01,187_consulta_consultar_asesoramiento_ase...
188,"azúcar, remolacha, fructosa, edulcorant, monosacárido",33,1985-01-01,188_azúcar_vino_fructosa_remolacha
189,"taquigráfico, declacer, versión, revés, nota",2,1985-01-01,189_versión_taquigráfico_taquigráfi_taqu...
-1,"1986, divorcio, partes, matrimonio, él",5000,1986-01-01,-1_él_provincia_caso_año
0,"argentino, país, deuda, banco, 1986",781,1986-01-01,0_argentino_argentina_país_gobierno
1,"austral, presupuesto, 1986, déficit, 1985",229,1986-01-01,1_presupuesto_gasto_ciento_millón
2,"brizuela, gómez, razón, alsogaray, abril",34,1986-01-01,2_pastoriza_landau_abdala_silvestre
3,"debate, discusión, tema, sr, argumentación",172,1986-01-01,3_debate_discusión_tema_debatir
4,"docente, educación, cooperativa, universidad, titularización",63,1986-01-01,4_educación_universidad_docente_educativ...
5,"energía, combustibles, limay, hidronor, gas",77,1986-01-01,5_energía_gas_combustible_combustibles
6,"penal, código, pena, austral, delito",69,1986-01-01,6_penal_código_pena_delito
7,"117, 133, pág, 131, aseveración",53,1986-01-01,7_afi_127_129_131
8,"impuesto, agregado, normalización, contribuyente, impositiva",90,1986-01-01,8_impuesto_ganancia_tributario_fiscal
9,"sarias, 188, 157, 164, 189",11,1986-01-01,9_registrar_afi_él_136
10,"él, apartar, tratar, oportunidad, anotar",72,1986-01-01,10_haber_él_sr_referir
11,"colectivo, convenio, huelga, trabajo, negociación",64,1986-01-01,11_trabajo_trabajador_empleador_laboral
12,"salud, asistencia, pública, medicamento, berri",97,1986-01-01,12_salud_discapacidad_paciente_pública
13,"venta, bien, precio, previsionales, levándola",20,1986-01-01,13_precio_dólares_italo_millón
14,"president, apartar, cuerpo, reiniciar, presidente",18,1986-01-01,14_presiden_president_bue_sugerir
15,"doctor, ocupar, vanossi, merecí, guelar",20,1986-01-01,15_doctor_caride_hoz_ocupar
16,"elizalde, asent, tículo, putado, memora",38,1986-01-01,16_resulta_pala_afi_sin
17,"ruta, transportes, félix, ríquez, héctor",103,1986-01-01,17_ferroviario_ruta_ferrocarril_transpor...
18,"escribano, notarial, escribanos, complementario, previsión",39,1986-01-01,18_pensión_previsional_jubilado_jubilaci...
19,"antesala, aproximar, alsogaray, estrado, storani",29,1986-01-01,19_jurar_jura_someter_sr
20,"manifestación, manifestaciones, vertido, informes, acuérdesir",31,1986-01-01,20_manifestaciones_manifestación_barra_l...
21,"diputados, 8166, 4906, 7848, 6474",92,1986-01-01,21_diputados_5282_pala_pág
22,"sacco, teniente, coronel, combate, ministro",51,1986-01-01,22_militar_fuerza_defensa_soldati
23,"resignación, inteligencia, sivak, radical, moratoria",36,1986-01-01,23_político_democracia_partido_debate
24,"laguna, mandato, legislador, trienio, senador",14,1986-01-01,24_legislador_congreso_legislativo_parla...
25,"sr, pido, blanco, pugliese, tiene",39,1986-01-01,25_sr_pala_concedo_álvaro
26,"vicepresidente, pascual, nominación, cuerpo, designación",34,1986-01-01,26_vicepresidente_vicepresidencia_ocupar...
27,"educación, edificio, escuela, 1986, adolfo",107,1986-01-01,27_educación_escuela_monumento_aconsejar
28,"85, 86, autor, 363, agiegur",19,1986-01-01,28_2007_2010_2006_07
29,"1986, diputados, 3911, ele, abril",116,1986-01-01,29_1984_1985_diputados_véanse
30,"lechera, ganadería, agricultura, concertación, lechero",64,1986-01-01,30_agropecuario_ganadería_productor_agri...
31,"deuda, deudor, banco, externo, dólares",48,1986-01-01,31_deudor_deuda_hipotecario_crédito
32,"clerici, fe, cornaglia, sammartino, religioso",3,1986-01-01,32_evangelios_santos_dios_jurar
33,"justicialista, juez, probabilidad, justicia, justicialismo",46,1986-01-01,33_justicialista_juez_justicia_bancada
34,"matrimonio, divorcio, cónyuge, separación, matrimonial",216,1986-01-01,34_matrimonio_divorcio_cónyuge_hijo
35,"teatral, teatro, instituto, actividad, directorio",52,1986-01-01,35_teatral_radio_televisión_audiovisual
36,"memoria, rendido, pronunciado, rendir, escultora",18,1986-01-01,36_memoria_rendido_homenajes_rendir
37,"energía, nuclear, yugoslavia, petroquímica, cooperación",12,1986-01-01,37_nuclear_energía_energético_gas
38,"cívica, radical, unión, intransigente, nombre",23,1986-01-01,38_cívica_radical_unión_nombre
39,"votar, votado, fastidier, referirir, arregl",16,1986-01-01,39_votar_voté_votado_vota
40,"digón, clérici, giacosa, vanossi, tiete",37,1986-01-01,40_leito_aparicio_alderete_leavy
41,"aéreo, designado, aeronave, línea, vuelo",21,1986-01-01,41_aéreo_aerolíneas_argentinas_aeronave
42,"disculpa, disculparmar, atenguir, lamento, conformeli",15,1986-01-01,42_disculpe_disculpa_perdón_discúlpeme
43,"ministro, pregunta, contestar, paraministerial, interpelación",43,1986-01-01,43_ministros_gabinete_jefe_ministro
44,"respetar, rogar, respeto, calumniós, respetuoso",16,1986-01-01,44_respeto_respetar_respetuoso_señores
45,"escuchar, quíteme, brav, monserrat, interrumpir",17,1986-01-01,45_escuchar_oradora_escuchaber_escuchen
46,"momento, turno, rectificación, horario, payasada",26,1986-01-01,46_momento_plazo_quórum_oportuno
47,"xiii, xii, xvi, xvii, xviii",42,1986-01-01,47_agost_carreño_2º_xii
49,"nacido, fenilcetonuria, recién, prueba, libreta",9,1986-01-01,49_aborto_mujer_embarazo_salud
50,"85, 1985, decreto, libro, copia",8,1986-01-01,50_decreto_648_alidez_derogar
51,"matrimonio, divorcio, familia, mujer, vincular",6,1986-01-01,51_mujer_violencia_01_género
52,"ley1, ley2, iniciadoro, habiéndose, insercion",4,1986-01-01,52_ley_aviso_roja_definitivamente
53,"secretario, hacienda, interrumpir, subsecretarios, baglini",29,1986-01-01,53_secretario_jefe_gabinete_secretaria
54,"micrófono, dirigirnos, advertí, manejar, tamiento",8,1986-01-01,54_micrófono_audio_sonido_receptor
55,"autor, copia, parágrafo, redacción, acercársela",28,1986-01-01,55_redacción_autor_copia_citación
56,"continúe, anotads, finalizar, diríjar, restar",15,1986-01-01,56_continúir_finalizar_proseguir_continú...
57,"provincial, provincia, jurisdicción, intervenir, territorio",44,1986-01-01,57_provincia_provincial_jurisdicción_int...
58,"sarquis, bordón, registrado, refeír, constar",7,1986-01-01,58_registrado_sarghini_carrió_grosso
59,"cedrola, taquígrafos, lorenzo, director, cuerpo",30,1986-01-01,59_taquígrafos_director_cuerpo_monasteri...
60,"jaroslavsky, zaffore, manzano, conocimiento, 597",67,1986-01-01,60_jaroslavsky_sr_manzano_proposición
61,"renuncia, presentado, peticiones, vocal, elevar",49,1986-01-01,61_renuncia_presentado_peticiones_renunc...
62,"risas, predilección, humor, mentirijilla, ubiqúese",29,1986-01-01,62_risas_humor_risa_reír
63,"docente, estatuto, pedagógico, maestro, enseñanza",11,1986-01-01,63_educación_educativo_universidad_docen...
64,"provincia, 23019, rendii, familiaridad, traslativa",16,1986-01-01,64_provincia_provincias_jura_requerírsel...
65,"sospechar, 278, pase, presumir, dolo",26,1986-01-01,65_boletín_prescindir_enunciación_resuel...
66,"acordar, , , , ",4,1986-01-01,66_yasky_espert_acordar_allende
67,"guelar, rugir, srur, previamente, relativo",14,1986-01-01,67_massot_mayoraz_rugir_vallone
68,"inundación, zona, inundable, agua, población",28,1986-01-01,68_desastre_zona_emergencia_agropecuario
70,"tabaco, cigarrillo, productor, multinacional, gaseosa",21,1986-01-01,70_tabaco_cigarrillo_tabacalero_fumar
72,"8p, 8v, 6q, 7p, noveno",7,1986-01-01,72_6º_7º_1º_8º
73,"casa, indicación, sesionar, exceder, quince",3,1986-01-01,73_casas_bue_considera_figueroa
74,"turismo, convención, contratantes, turístico, importación",9,1986-01-01,74_turismo_turístico_viaje_actividad
75,"carbamato, carbamiato, carranza, compuesto, nombre",2,1986-01-01,75_inte_ocaña_conferencia_abierto
76,"suceptibilidad, lesionar, vertido, unidad, compartir",1,1986-01-01,76_compartir_pala_natalia_morán
77,"concedo, concedar, , , ",4,1986-01-01,77_giacomo_stolbizer_nalizar_pala
78,"reconsideración, reconsiderar, pronunciamiento, tuvera, malí",32,1986-01-01,78_reconsideración_reconsiderar_formulo_...
80,"86, recursos, 85, ambiente, naturales",10,1986-01-01,80_bosque_nativo_ambiental_forestal
81,"civil, código, 164, norri, romano",85,1986-01-01,81_civil_código_sustitución_padre
82,"segundo, córtese, 21, treinta, rendir",8,1986-01-01,82_treinta_veinte_segundo_quince
83,"véare, rnorab, 4786, 4896, 4938",5,1986-01-01,83_vea_pág_otación_él
87,"sidencia, di, chubut, vencido, ven",23,1986-01-01,87_chubut_pala_sidencia_monti
88,"pretendieran, ionesco, teatral, crematístico, presumir",3,1986-01-01,88_deportivo_antidopaje_deporte_fútbol
89,"recordar, unificar, breve, iva, confusión",7,1986-01-01,89_recordar_italo_nalizado_olvidar
90,"desafuero, laguna, equivaler, cambio, serie",3,1986-01-01,90_cambio_juntos_cambiar_interbloque
91,"fundar, motivo, proceder, planteamiento, caprichoso",11,1986-01-01,91_tema_motivo_razón_lógica
92,"puestos, abierto, presencia, electoral, sesion",19,1986-01-01,92_abierto_presencia_puestos_electoral
93,"explíquele, electrónicamente, abrir, ajustado, levantado",2,1986-01-01,93_alzado_mano_levantar_afi
95,"banco, tesorería, fimayo, tesoro, contador",5,1986-01-01,95_banco_central_directorio_negociación
97,"dieta, goce, pág, vea, 4727",19,1986-01-01,97_dieta_goce_homenajes_descuento
98,"vuelta, giro, 193, girado, bisciotti",18,1986-01-01,98_vuelta_garrido_giro_carasso
99,"proclamado, radiograma, bravo, candidato, 1983",11,1986-01-01,99_electoral_alianza_dni_candidato
100,"punto, ramos, exclusión, , ",10,1986-01-01,100_osuna_llancafilo_vásquez_punto
101,"23298, afirmativamente, negativamente, 120, pronunciamiento",2,1986-01-01,101_negativa_cero_negativos_nulo
102,"solicitud, peticiona1, solicitir, convocatoria, peticiones",15,1986-01-01,102_solicitud_peticiones_solicité_solici...
103,"agradecer, muer, conscripción, permitirme, gentileza",5,1986-01-01,103_agradecer_apreciación_agradecimiento...
104,"mañana, desplacer, incorporado, trarir, desplazamiento",26,1986-01-01,104_mañana_ayer_acordar_desplacer
105,"cibernética, medir, ciencia, mediocres, tecnología",4,1986-01-01,105_ciencia_tecnología_innovación_tecnol...
106,"alimentario, programa, delegado, alimento, natale",9,1986-01-01,106_alimentario_alimento_programa_alimen...
108,"renuncia, , , , ",2,1986-01-01,108_cientemente_apoyado_sufi_juliano
109,"juicio, interpretación, supremo, juez, derecho",9,1986-01-01,109_corte_juez_patti_judicial
110,"cuerpo, dosear, intercalarar, revisoro, pollo",10,1986-01-01,110_cuerpo_renumeración_corpacci_faculta...
113,"5045, 4993, 19s, diferido, 31",2,1986-01-01,113_2002_diputados_2001_noviembre
114,"mar, convenio, partes, ribereño, pesquero",17,1986-01-01,114_pesca_pesquero_mar_buque
115,"sota, , , , ",1,1986-01-01,115_ministros_gabinete_jefe_sota
116,"resolución1, 4130, solicitudes, resolucion, sanciona",4,1986-01-01,116_resolución_disidencias_aciones_obser...
117,"suficientemente, apoyado, apoyar, decidir, ",1,1986-01-01,117_suficientemente_apoyado_apoyar_consi...
118,"revisorar, introducido, , , ",1,1986-01-01,118_auditoría_auditor_forlón_designado
119,"beligerancia, comienzo, concluir, figurar, eliminar",4,1986-01-01,119_comenzar_individual_comienzo_empezar
120,"the, convention, only, apply, will",17,1986-01-01,120_the_israel_palestino_convention
122,"5p, 5q, punto, , ",4,1986-01-01,122_3º_5º_polini_1º
123,"vacuna, antiaftós, oleoso, antibrucélico, ganadería",3,1986-01-01,123_vacuna_vacunación_covid_salud
124,"leído, leer, sustitución, originario, mencionado",6,1986-01-01,124_leído_leer_afi_leeré
126,"contra, antisandinista, periodista, julia, urraca",7,1986-01-01,126_periodista_periodístico_prensa_perio...
128,"volver, nuevamente, result, pellín, srur",21,1986-01-01,128_volver_nuevamente_otorgué_afi
129,"terrorismo, sitio, terrorista, bomba, erradicar",7,1986-01-01,129_terrorismo_terrorista_humanos_derech...
130,"vivienda, 23073, ramos, perder, arabolaza",8,1986-01-01,130_vivienda_alquiler_vendedor_locación
131,"miércoles, próximo, semana, jueves, soücito",18,1986-01-01,131_miércoles_jueves_semana_viernes
132,"nombre, honarable, 3731, rué, proposición",8,1986-01-01,132_nombre_apellido_pila_corrección
133,"postura, acreedor, parcial, contexto, negociación",1,1986-01-01,133_negociación_negociador_negociar_nego...
136,"endeiza, chilenos, salutacion, puestos, eduardo",1,1986-01-01,136_doña_himno_electoral_abierto
137,"resu, vcncido, ta, llora, veintinueve",6,1986-01-01,137_sírvar_resu_rizzotti_ta
138,"debate, vidal, señalada, , ",10,1986-01-01,138_lombardi_vidal_debate_vivero
140,"localidad, telediscado, telefónico, instalación, teléfono",21,1986-01-01,140_localidad_telefónico_comunicaciones_...
141,"interrumpir, hágamelo, guelar, conminar, sírvanse",10,1986-01-01,141_interrumpir_interrup_dencia_presi
143,"permítame, aceptarar, sús, je, concedo",6,1986-01-01,143_indicar_tienir_yo_pala
144,"suficientemente, apoyar, elesear, concedérsela, pellín",16,1986-01-01,144_martiarena_suficientemente_hagman_ap...
145,"licitación, medicamento, prórroga, niño, salud",7,1986-01-01,145_salud_medicina_médico_medicamento
146,"riutort, flores, galletita, compensándolar, 226",14,1986-01-01,146_flores_plantee_riutort_planteo
147,"tiende, información, conocimiento, reiterir, recabar",8,1986-01-01,147_conocimiento_información_tomar_conoc...
148,"casella, suponer, caso, pronunciamiento, favorable",9,1986-01-01,148_caso_suponer_demandar_separado
149,"referir, él, presentado, , ",24,1986-01-01,149_referir_él_refer_déjeme
151,"autenticacer, diarios, formular, archivar, someter",7,1986-01-01,151_autenticacer_archivar_formular_diari...
152,"oportunidad, ilimitado, explicar, proclamar, convencimiento",19,1986-01-01,152_oportunidad_solicité_ocasión_aprovec...
153,"alberdi, interpretar, constitución, federalista, redistribuir",4,1986-01-01,153_constitución_jura_requerírsele_esqui...
154,"apoyo, apoyar, auyero, requeer, srur",12,1986-01-01,154_apoyo_apoyar_apoyamos_adelantar
155,"funcionar, sistema, electrónicamente, utilización, habilita",7,1986-01-01,155_sistema_electrónicamente_funcionar_l...
156,"hidronor, iniciativa, reiniciacer, desearir, inoperante",10,1986-01-01,156_iniciativa_ambos_resulta_brevedad
157,"insania, interdicción, supresión, suprimir, sustituir",3,1986-01-01,157_eliminación_suprimir_eliminado_elimi...
158,"deducción, llegar, , , ",1,1986-01-01,158_estévez_rendido_vertido_milman
159,"reconsideración, reconsideracion, reconsiderar, vuelta, ",22,1986-01-01,159_reconsideración_reconsideracion_reco...
162,"pronunciamiento, pronuncie, interpreté, pronuncien, zaffore",10,1986-01-01,162_pronunciamiento_pronuncie_acento_éli...
163,"rentas, exportación, promoción, irritativa, pirquitas",6,1986-01-01,163_exportación_importación_mercadería_c...
164,"alsogaray, ministro, conteste, escu, economía",5,1986-01-01,164_economía_ministro_ministerio_italo
165,"guglielminetti, incidente, juez, auto, klein",10,1986-01-01,165_juicio_juez_doctor_actuación
169,"seguido, próximo, cuerpo, seguir, fondo",4,1986-01-01,169_próximo_listado_seguir_afi
171,"xvn, xiv, ntiago, xdor, xj3",10,1986-01-01,171_ficación_afi_xiv_xix
172,"referencia, sarquis, conté, coautor, ingaramo",15,1986-01-01,172_referencia_coautor_referencien_lengu...
173,"garay, previa, agregado, escuchar, ",6,1986-01-01,173_escuchar_garay_reitero_escúchenme
174,"traslado, xxv, trasladar, solicitud, condición",12,1986-01-01,174_traslado_montoto_solicitud_trasladar
175,"mociones, pedidos, informes, consulta, comisiem",20,1986-01-01,175_pedidos_mociones_informes_consulta
176,"pregunta, contestar, dispondrer, repreguntar, releer",9,1986-01-01,176_pregunta_preguntar_contestar_respond...
177,"radicalismo, radical, refierar, auténticamente, rogar",8,1986-01-01,177_radical_radicalismo_bancada_evolució...
178,"acepto, sugerencia, sugerir, formulo, preopinante",4,1986-01-01,178_sugerencia_sugerir_sugerido_acepto
180,"guardar, guelar, pectativa, plicado, obviamen",12,1986-01-01,180_inconveniente_excusación_contrario_e...
181,"respetar, , , , ",5,1986-01-01,181_petri_respetar_petmite_calma
182,"pregunta, guelar, relacionado, preguntar, ",6,1986-01-01,182_pregunta_realizar_preguntar_raro
185,"agregado, bservaciones, , , ",15,1986-01-01,185_agregado_genera_resulta_gennaro
186,"tema, , , , ",4,1986-01-01,186_pala_tema_hase_interesado
187,"consulta, pedi, sar, anotar, pa",7,1986-01-01,187_consulta_consultar_asesoramiento_ase...
188,"vino, hit, cerveza, común, desbloquear",17,1986-01-01,188_azúcar_vino_fructosa_remolacha
189,"taquigráfico, versión, ratifico, leámoslir, tendí",7,1986-01-01,189_versión_taquigráfico_taquigráfi_taqu...
-1,"1987, traslado, 1986, austral, ord",2317,1987-01-01,-1_él_provincia_caso_año
0,"traslado, argentino, armado, fuerza, militar",448,1987-01-01,0_argentino_argentina_país_gobierno
1,"presupuesto, austral, 1987, 1986, ciento",102,1987-01-01,1_presupuesto_gasto_ciento_millón
2,"gómez, delfino, bruno, alsogaray, jane",26,1987-01-01,2_pastoriza_landau_abdala_silvestre
3,"debate, discusión, agotado, prolongar, rogar",80,1987-01-01,3_debate_discusión_tema_debatir
4,"universidad, educación, 23151, superior, austral",35,1987-01-01,4_educación_universidad_docente_educativ...
5,"energía, gas, gasoducto, combustibles, srur",25,1987-01-01,5_energía_gas_combustible_combustibles
6,"obediencia, legislación, manrique, militar, debido",24,1987-01-01,6_penal_código_pena_delito
7,"pág, nacîon, 6372, 3975, dlljutados",20,1987-01-01,7_afi_127_129_131
8,"impuesto, normalización, impositivo, dividendo, bolsa",33,1987-01-01,8_impuesto_ganancia_tributario_fiscal
9,"159, 136, 141, señores, fundar",3,1987-01-01,9_registrar_afi_él_136
10,"tratar, él, plantear, referir, déjese",24,1987-01-01,10_haber_él_sr_referir
11,"colectivo, negociación, trabajo, trabajador, convenio",107,1987-01-01,11_trabajo_trabajador_empleador_laboral
12,"anssal, salud, seguro, social, agente",60,1987-01-01,12_salud_discapacidad_paciente_pública
13,"quebranto, indicador, 31000, millón, negri",3,1987-01-01,13_precio_dólares_italo_millón
14,"president, presidencia, señot, cia, 181",5,1987-01-01,14_presiden_president_bue_sugerir
15,"doctor, favaloro, alsogaray, cirujano, social",20,1987-01-01,15_doctor_caride_hoz_ocupar
16,"orieta, ibrar, bario, mtado, rmativo",15,1987-01-01,16_resulta_pala_afi_sin
17,"transportes, ríquez, héctor, félix, ferrocarril",60,1987-01-01,17_ferroviario_ruta_ferrocarril_transpor...
18,"previsión, 372, 79, seguridad, social",16,1987-01-01,18_pensión_previsional_jubilado_jubilaci...
19,"alsogaray, jurar, requerido, aproximar, estrado",25,1987-01-01,19_jurar_jura_someter_sr
20,"manifestación, manifestaciones, diputado1, rugir, núestro",17,1987-01-01,20_manifestaciones_manifestación_barra_l...
21,"4531, 656, 157, 143, peticiones",4,1987-01-01,21_diputados_5282_pala_pág
22,"armado, 365, répública, supremo, fuerza",4,1987-01-01,22_militar_fuerza_defensa_soldati
23,"militar, defensa, armado, político, fuerza",40,1987-01-01,23_político_democracia_partido_debate
24,"legislador, zubiri, firmar, camisar, legislatura",22,1987-01-01,24_legislador_congreso_legislativo_parla...
25,"sr, kuedir, interrupj, silva, pugiiese",17,1987-01-01,25_sr_pala_concedo_álvaro
26,"vicepresidente, duhalde, candidatura, vicepresidencia, renovador",32,1987-01-01,26_vicepresidente_vicepresidencia_ocupar...
27,"dra, nom, juzg, dem, ord",91,1987-01-01,27_educación_escuela_monumento_aconsejar
28,"86, crotoxiua, efacto, reqtiierar, extraodinaria",9,1987-01-01,28_2007_2010_2006_07
29,"1987, feria, 86, alfabetizadoro, 23114",14,1987-01-01,29_1984_1985_diputados_véanse
30,"recaído, cunicultura, 87, agropecuario, 86",10,1987-01-01,30_agropecuario_ganadería_productor_agri...
31,"deuda, lending, externo, renegociación, cifra",14,1987-01-01,31_deudor_deuda_hipotecario_crédito
32,"clerici, adaime, pampuro, cappelleri, junte",4,1987-01-01,32_evangelios_santos_dios_jurar
33,"divertimiento, álgunos, habere, vejamen, reajustada",11,1987-01-01,33_justicialista_juez_justicia_bancada
34,"matrimonio, cónyuge, esposo, impedimento, separación",9,1987-01-01,34_matrimonio_divorcio_cónyuge_hijo
35,"televisión, radio, emisora, canal, cultura",9,1987-01-01,35_teatral_radio_televisión_audiovisual
36,"memoria, rendido, oxenford, pronunciado, rendir",21,1987-01-01,36_memoria_rendido_homenajes_rendir
37,"nuclear, ionizante, armamento, cnea, desarme",7,1987-01-01,37_nuclear_energía_energético_gas
38,"cívica, radical, unión, blanco, sanciojeír",18,1987-01-01,38_cívica_radical_unión_nombre
39,"votar, votat, cerrado, 858, libro",9,1987-01-01,39_votar_voté_votado_vota
40,"resulla, founa, palabia, rción, hacc",18,1987-01-01,40_leito_aparicio_alderete_leavy
41,"aeronave, aviación, vuelo, aeropuerto, explotador",8,1987-01-01,41_aéreo_aerolíneas_argentinas_aeronave
42,"molesto, íle, disculpado, lamento, nacíon",6,1987-01-01,42_disculpe_disculpa_perdón_discúlpeme
43,"ministro, interior, quinterno, contesta, comprometiéndono",11,1987-01-01,43_ministros_gabinete_jefe_ministro
44,"micolega, brillantísimo, nje, vario, respeto",5,1987-01-01,44_respeto_respetar_respetuoso_señores
45,"taquígrafo, escuchar, oer, inquilino, tello",10,1987-01-01,45_escuchar_oradora_escuchaber_escuchen
46,"momento, horas, facilitad, 150, logré",18,1987-01-01,46_momento_plazo_quórum_oportuno
47,"xiii, xii, xvi, traslado, 2q",19,1987-01-01,47_agost_carreño_2º_xii
50,"foimulo, 1987, extraordinario, 1694, comisione",2,1987-01-01,50_decreto_648_alidez_derogar
52,"ley1, 2083, aviso, definitivamente, ",3,1987-01-01,52_ley_aviso_roja_definitivamente
54,"taquígrafo, tumulto, magnificar, grabar, superposición",1,1987-01-01,54_micrófono_audio_sonido_receptor
55,"redacción, 8695, citacion, sesion, original",10,1987-01-01,55_redacción_autor_copia_citación
56,"concluyoir, termino, bisciotti, breve, verter",6,1987-01-01,56_continúir_finalizar_proseguir_continú...
57,"viedma, cupo, patagónico, asentamiento, patagones",10,1987-01-01,57_provincia_provincial_jurisdicción_int...
58,"buffer, bizantino, amortiguador, predecir, bruno",3,1987-01-01,58_registrado_sarghini_carrió_grosso
59,"cedrola, lorenzo, director, taquígrafos, taquígrafo",17,1987-01-01,59_taquígrafos_director_cuerpo_monasteri...
60,"jaroslavsky, mañana, bisciotti, obviacer, 175",43,1987-01-01,60_jaroslavsky_sr_manzano_proposición
61,"renuncia, presentado, macaya, nota, rfirmativo",28,1987-01-01,61_renuncia_presentado_peticiones_renunc...
62,"risas, confosar, estupefacción, explíqueme, salgo",7,1987-01-01,62_risas_humor_risa_reír
63,"convergencia, pedagógico, sindical, democrático, conflicto",4,1987-01-01,63_educación_educativo_universidad_docen...
64,"serralta, altamente, trascendente, contratación, vecino",3,1987-01-01,64_provincia_provincias_jura_requerírsel...
65,"licencias, prescindir, enunciación, pase, resuelto",17,1987-01-01,65_boletín_prescindir_enunciación_resuel...
66,"acordar, , , , ",1,1987-01-01,66_yasky_espert_acordar_allende
68,"043, inundación, noroeste, implementación, afectado",9,1987-01-01,68_desastre_zona_emergencia_agropecuario
69,"ii, íi, ui, uiio, li",3,1987-01-01,69_de_la_que_el
70,"fumador, comida, barbeito, tabaco, pepe",3,1987-01-01,70_tabaco_cigarrillo_tabacalero_fumar
72,"6p, 9p, 8p, , ",4,1987-01-01,72_6º_7º_1º_8º
73,"casa, suficiente, reunierar, bisciotti, fracasado",7,1987-01-01,73_casas_bue_considera_figueroa
74,"turismo, turístico, bello, bárbara, pedro",5,1987-01-01,74_turismo_turístico_viaje_actividad
75,"conferencia, abierto, unidad, mantener, debate",1,1987-01-01,75_inte_ocaña_conferencia_abierto
77,"concedar, , , , ",2,1987-01-01,77_giacomo_stolbizer_nalizar_pala
78,"reconsideración, estudiir, conservar, formulo, devolver",5,1987-01-01,78_reconsideración_reconsiderar_formulo_...
81,"1112, omisión, subrogatoria, mecanográfico, concordantemente",3,1987-01-01,81_civil_código_sustitución_padre
82,"minutos, izamiento, treinta, pase, inconveniente",3,1987-01-01,82_treinta_veinte_segundo_quince
83,"gri1, 2524, 2266, septuagésimo, 2518",3,1987-01-01,83_vea_pág_otación_él
87,"churoia, cuertm, directoi, jigr, ifo",2,1987-01-01,87_chubut_pala_sidencia_monti
88,"ríver, limitado, sociedad, asociativo, colectivo",1,1987-01-01,88_deportivo_antidopaje_deporte_fútbol
89,"recordar, mando, breve, estipulado, recorder",7,1987-01-01,89_recordar_italo_nalizado_olvidar
90,"mayoritaria, bancada, minoritario, modificar, cambio",4,1987-01-01,90_cambio_juntos_cambiar_interbloque
91,"motivo, adoptado, concedo, vanoli, nuevamente",12,1987-01-01,91_tema_motivo_razón_lógica
92,"puestos, presencia, abierto, electoral, alfredo",17,1987-01-01,92_abierto_presencia_puestos_electoral
93,"mano, provocador, mutilado, provocado, stolkiner",3,1987-01-01,93_alzado_mano_levantar_afi
95,"contratación, mundial, banco, sensitivo, pistrelli",2,1987-01-01,95_banco_central_directorio_negociación
96,"tina, , , , ",1,1987-01-01,96_pala_lena_austin_tina
97,"dieta, goce, homenaj, mociones, pedidos",14,1987-01-01,97_dieta_goce_homenajes_descuento
98,"dil, putado, , , ",1,1987-01-01,98_vuelta_garrido_giro_carasso
99,"electoral, 1987, saludar, atentamente, leoni",15,1987-01-01,99_electoral_alianza_dni_candidato
100,"punto, ramos, , , ",6,1987-01-01,100_osuna_llancafilo_vásquez_punto
101,"doza, men, , , ",1,1987-01-01,101_negativa_cero_negativos_nulo
102,"solicitud, accedí, desisto, malograr, resu",8,1987-01-01,102_solicitud_peticiones_solicité_solici...
103,"apreciación, agradecer, solicité, predisposición, estár",7,1987-01-01,103_agradecer_apreciación_agradecimiento...
104,"mañana, proseguirir, obro, formulo, vairetti",9,1987-01-01,104_mañana_ayer_acordar_desplacer
105,"ciencia, tecnología, área, científico, esfuerzo",8,1987-01-01,105_ciencia_tecnología_innovación_tecnol...
106,"4304, fgualmcnte, 4181, enveír, puntualizar",1,1987-01-01,106_alimentario_alimento_programa_alimen...
107,"firma, incluir, , , ",2,1987-01-01,107_italo_compañía_empresa_firma
109,"ánimo, quórum, consumado, autor, justicia",6,1987-01-01,109_corte_juez_patti_judicial
110,"jaro, cuerpo, lavsky, asimilabl, stolkiner",4,1987-01-01,110_cuerpo_renumeración_corpacci_faculta...
114,"navio, astiz, satisfacer, tormes, ascenso",5,1987-01-01,114_pesca_pesquero_mar_buque
116,"resolución2, integracion, permanente, , ",1,1987-01-01,116_resolución_disidencias_aciones_obser...
117,"suficientemente, apoyado, proclamar, apoyar, ",2,1987-01-01,117_suficientemente_apoyado_apoyar_consi...
119,"comenzar, apurado, iniciar, mulqui, primero",9,1987-01-01,119_comenzar_individual_comienzo_empezar
122,"pactaren, 5q, 3el, tercer, figurir",4,1987-01-01,122_3º_5º_polini_1º
123,"panamericano, zoonosis, experimento, vacuna, wistar",3,1987-01-01,123_vacuna_vacunación_covid_salud
124,"leer, alfabetizacion, declaración4, difusion, leído",5,1987-01-01,124_leído_leer_afi_leeré
126,"versión, taquigráfico, dejir, asuman, periodista",2,1987-01-01,126_periodista_periodístico_prensa_perio...
128,"volver, resolver, iniciativa, , ",2,1987-01-01,128_volver_nuevamente_otorgué_afi
129,"pronunciado, torturador, atentado, piezn, rennis",4,1987-01-01,129_terrorismo_terrorista_humanos_derech...
130,"locación, alquiler, índice, cálculo, porcentual",10,1987-01-01,130_vivienda_alquiler_vendedor_locación
131,"jueves, miércoles, viernes, uando, facultado",6,1987-01-01,131_miércoles_jueves_semana_viernes
132,"nombre, dispongo, monserrat, natale, anunciar",6,1987-01-01,132_nombre_apellido_pila_corrección
133,"negociacion, permanencia, fomento, colectivo, convenio",1,1987-01-01,133_negociación_negociador_negociar_nego...
137,"resu, ta, , , ",7,1987-01-01,137_sírvar_resu_rizzotti_ta
138,"debate, razón, , , ",5,1987-01-01,138_lombardi_vidal_debate_vivero
140,"localidad, departamento, telefónico, instalación, cabina",11,1987-01-01,140_localidad_telefónico_comunicaciones_...
141,"interrumpir, nos, interrup, ción, interrumpirmar",10,1987-01-01,141_interrumpir_interrup_dencia_presi
144,"suficientemente, apoyar, , , ",4,1987-01-01,144_martiarena_suficientemente_hagman_ap...
145,"salud, obra, social, seguro, sindicato",6,1987-01-01,145_salud_medicina_médico_medicamento
146,"riutort, flores, bloquista, adhiero, sancassani",4,1987-01-01,146_flores_plantee_riutort_planteo
147,"tratarnento, conocimiento, informacion, impreso, auyero",6,1987-01-01,147_conocimiento_información_tomar_conoc...
148,"caso, ingie, autorizado, sado, modificar",12,1987-01-01,148_caso_suponer_demandar_separado
149,"referir, él, , , ",5,1987-01-01,149_referir_él_refer_déjeme
151,"autenticacer, archivar, formular, corrección, diarios",6,1987-01-01,151_autenticacer_archivar_formular_diari...
152,"oportunidad, formulasir, ratifico, reflejado, corzo",12,1987-01-01,152_oportunidad_solicité_ocasión_aprovec...
153,"abocado, interpelación, hallar, contemplado, ocasión",2,1987-01-01,153_constitución_jura_requerírsele_esqui...
154,"bisciotti, apoyar, jueves, adelantar, apoyo",4,1987-01-01,154_apoyo_apoyar_apoyamos_adelantar
155,"falla, electrónicamente, llave, rugir, posiblemente",4,1987-01-01,155_sistema_electrónicamente_funcionar_l...
156,"apartir, iniciativa, invitado, participante, brevedad",5,1987-01-01,156_iniciativa_ambos_resulta_brevedad
159,"reconsideración, , , , ",2,1987-01-01,159_reconsideración_reconsideracion_reco...
162,"pronuncie, modilicación, resu, ta, recibido",3,1987-01-01,162_pronunciamiento_pronuncie_acento_éli...
163,"estaño, pirquitas, arancelaria, importación, 655",3,1987-01-01,163_exportación_importación_mercadería_c...
165,"juez, denuncia, juicio, doctor, divorcio",6,1987-01-01,165_juicio_juez_doctor_actuación
169,"ordinario, próximo, seguir, tema, ",3,1987-01-01,169_próximo_listado_seguir_afi
171,"xiv, xvm, xix, , ",4,1987-01-01,171_ficación_afi_xiv_xix
172,"referencia, erta, níi, lavsky, jaros",7,1987-01-01,172_referencia_coautor_referencien_lengu...
173,"garay, resiüta, finalice, continúe, antelación",8,1987-01-01,173_escuchar_garay_reitero_escúchenme
174,"traslado, vrn, direccion, xxiv, vialidad",19,1987-01-01,174_traslado_montoto_solicitud_trasladar
175,"mociones, pedidos, informes, consulta, elijar",8,1987-01-01,175_pedidos_mociones_informes_consulta
176,"responder, stolkiner, pregunta, tema, ",3,1987-01-01,176_pregunta_preguntar_contestar_respond...
177,"radical, sublevarir, agravien, mantuve, manrique",7,1987-01-01,177_radical_radicalismo_bancada_evolució...
180,"insumido, tata, interrelacionado, inconveniente, deseoso",6,1987-01-01,180_inconveniente_excusación_contrario_e...
181,"respetar, márquez, toma, , ",3,1987-01-01,181_petri_respetar_petmite_calma
182,"preguntar, , , , ",1,1987-01-01,182_pregunta_realizar_preguntar_raro
184,"público, , , , ",1,1987-01-01,184_audiencia_guardar_público_requerírse...
185,"agregado, , , , ",9,1987-01-01,185_agregado_genera_resulta_gennaro
186,"tema, , , , ",2,1987-01-01,186_pala_tema_hase_interesado
187,"consulta, inclusion, extraordinarias, razonabilidad, asesoramiento",5,1987-01-01,187_consulta_consultar_asesoramiento_ase...
188,"azúcar, caña, 23292, fructosa, cupificación",3,1987-01-01,188_azúcar_vino_fructosa_remolacha
189,"versión, taquigráfico, taquígrafo, distribuir, incidente",6,1987-01-01,189_versión_taquigráfico_taquigráfi_taqu...
-1,"1988, industrial, promoción, diputados, provincia",3316,1988-01-01,-1_él_provincia_caso_año
0,"argentino, sarmiento, hombre, 1988, país",660,1988-01-01,0_argentino_argentina_país_gobierno
1,"presupuesto, 1988, austral, déficit, inflación",114,1988-01-01,1_presupuesto_gasto_ciento_millón
2,"avila, rodrigo, gómez, nuin, balanda",32,1988-01-01,2_pastoriza_landau_abdala_silvestre
3,"debate, discusión, córtese, manzano, tema",115,1988-01-01,3_debate_discusión_tema_debatir
4,"veintidós, noveciento, secretar, docente, ciat",81,1988-01-01,4_educación_universidad_docente_educativ...
5,"carbón, 88, turbio, energía, termoeléctrico",50,1988-01-01,5_energía_gas_combustible_combustibles
6,"penal, código, pena, condicional, prisión",59,1988-01-01,6_penal_código_pena_delito
7,"4121, 206, dlpüíadós, éeunión, cribe",24,1988-01-01,7_afi_127_129_131
8,"impuesto, dirección, impositiva, beneficio, alícuota",42,1988-01-01,8_impuesto_ganancia_tributario_fiscal
9,"6691, cursado, 6739, 185d, pág",2,1988-01-01,9_registrar_afi_él_136
10,"él, enuncíelo, durañona, tratar, vedia",28,1988-01-01,10_haber_él_sr_referir
11,"asociado, trabajo, cooperativa, 88, trabajador",33,1988-01-01,11_trabajo_trabajador_empleador_laboral
12,"dental, salud, seguro, anssal, prótesis",34,1988-01-01,12_salud_discapacidad_paciente_pública
13,"5409, implantación, numeración, propon, boleto",2,1988-01-01,13_precio_dólares_italo_millón
14,"president, mañana, cedrola, presidenciap, usticiulismo",12,1988-01-01,14_presiden_president_bue_sugerir
15,"doctor, personalidad, sídente, relevarer, 6276",11,1988-01-01,15_doctor_caride_hoz_ocupar
16,"resu, iiliinicnlo, afirmr, izuela, asentifri",16,1988-01-01,16_resulta_pala_afi_sin
17,"latinoamericano, encuentro, energía, petróleo, transportes",22,1988-01-01,17_ferroviario_ruta_ferrocarril_transpor...
18,"pensión, graciabl, viuda, jubilación, libreta",88,1988-01-01,18_pensión_previsional_jubilado_jubilaci...
19,"alsogaray, prfagosto, musitani, raquigraio, qej",16,1988-01-01,19_jurar_jura_someter_sr
20,"manifestación, protesta, manifestaciones, diplomático, prestadp",21,1988-01-01,20_manifestaciones_manifestación_barra_l...
21,"diputados, 3994, 32i, 6478, camaf",59,1988-01-01,21_diputados_5282_pala_pág
22,"aeroparque, fuerza, ministro, defensa, armado",76,1988-01-01,22_militar_fuerza_defensa_soldati
23,"telegrama, catamarqucño, radical, político, democrático",30,1988-01-01,23_político_democracia_partido_debate
24,"legislador, discriminatorio, legislativo, senador, racial",32,1988-01-01,24_legislador_congreso_legislativo_parla...
25,"sr, sugerido, roslasvsfcy, levantarar, concepo",25,1988-01-01,25_sr_pala_concedo_álvaro
26,"duhalde, vicepresidente, candidatura, vicepresidencia, demócrata",17,1988-01-01,26_vicepresidente_vicepresidencia_ocupar...
27,"1988, municipalidad, monumento, metro, calle",33,1988-01-01,27_educación_escuela_monumento_aconsejar
28,"88, 87, inclusión, socchi, 847",30,1988-01-01,28_2007_2010_2006_07
29,"1988, véanse, diputados, 3941, sic",65,1988-01-01,29_1984_1985_diputados_véanse
30,"universidad, nordeste, universitario, rural, provincia",11,1988-01-01,30_agropecuario_ganadería_productor_agri...
31,"actualizacion, lending, deudas, riego, disposidel",11,1988-01-01,31_deudor_deuda_hipotecario_crédito
32,"dalmiro, angelelli, clerici, virgen, monseñor",6,1988-01-01,32_evangelios_santos_dios_jurar
33,"justicialista, manzano, clérici, bancada, donación",30,1988-01-01,33_justicialista_juez_justicia_bancada
34,"familia, tribunal, minoridad, juzgado, qun",4,1988-01-01,34_matrimonio_divorcio_cónyuge_hijo
35,"nuclear, canal, hiroshima, viento, soplar",13,1988-01-01,35_teatral_radio_televisión_audiovisual
36,"memoria, rendido, vertido, mamerto, esquiú",24,1988-01-01,36_memoria_rendido_homenajes_rendir
37,"radiación, nuclear, material, ionizante, uranio",10,1988-01-01,37_nuclear_energía_energético_gas
38,"cívica, radical, unión, bancada, nombre",43,1988-01-01,38_cívica_radical_unión_nombre
39,"teñe, votar, votai, vote, requeririr",5,1988-01-01,39_votar_voté_votado_vota
40,"aramouni, eniitar, vsdcido, jsntre, ríós",27,1988-01-01,40_leito_aparicio_alderete_leavy
41,"varsovia, protocolo, contratante, aéreo, contratantes",17,1988-01-01,41_aéreo_aerolíneas_argentinas_aeronave
42,"erróneamente, discúlpeme, disculpa, utilizar, razón",2,1988-01-01,42_disculpe_disculpa_perdón_discúlpeme
43,"ministro, pregunta, responder, culto, exteriores",22,1988-01-01,43_ministros_gabinete_jefe_ministro
44,"respeto, durafiona, bandejo, escucharer, respetar",9,1988-01-01,44_respeto_respetar_respetuoso_señores
45,"escuchar, quitaré, preocúpesir, descuente, inasistencia",11,1988-01-01,45_escuchar_oradora_escuchaber_escuchen
46,"momento, dui, cambareri, turno, esperarer",14,1988-01-01,46_momento_plazo_quórum_oportuno
47,"xiii, xvi, xii, xvii, xviii",24,1988-01-01,47_agost_carreño_2º_xii
49,"fecundación, esterilidad, asistido, fecundacion, 4612",3,1988-01-01,49_aborto_mujer_embarazo_salud
50,"decreto, 762, 64, extraordinario, órden",7,1988-01-01,50_decreto_648_alidez_derogar
51,"pronunciado, celebración, confusa, inverso, manrique",3,1988-01-01,51_mujer_violencia_01_género
52,"ley1, afuíriátivo, aplicaciónr1, denunciaiir, expidir",3,1988-01-01,52_ley_aviso_roja_definitivamente
53,"horavie, nerviosidad, secretario, secretaria, aclarar",7,1988-01-01,53_secretario_jefe_gabinete_secretaria
54,"sonido, apremiado, decair, nivel, digón",4,1988-01-01,54_micrófono_audio_sonido_receptor
55,"autor, conformidad, copia, coautor, apoyaiir",18,1988-01-01,55_redacción_autor_copia_citación
56,"aermativo, proseguir, stión, cue, continua",9,1988-01-01,56_continúir_finalizar_proseguir_continú...
57,"provincia, provincial, coparticipación, riqueza, solidaridad",27,1988-01-01,57_provincia_provincial_jurisdicción_int...
58,"sarmientino, storani, registro, año, ",3,1988-01-01,58_registrado_sarghini_carrió_grosso
59,"cedrola, lorenzo, taquígrafos, director, fracasado",31,1988-01-01,59_taquígrafos_director_cuerpo_monasteri...
60,"jaroslavsky, manzano, taquigráfico, comedia, retirar",45,1988-01-01,60_jaroslavsky_sr_manzano_proposición
61,"renuncia, presentado, peticiones, elevar, integrante",26,1988-01-01,61_renuncia_presentado_peticiones_renunc...
62,"risas, impedirar, ajusto, autocracia, advertido",6,1988-01-01,62_risas_humor_risa_reír
63,"docente, estudiantil, conflicto, radicalismo, educación",6,1988-01-01,63_educación_educativo_universidad_docen...
64,"fundación, región, 426, refeír, tomasella",6,1988-01-01,64_provincia_provincias_jura_requerírsel...
65,"206, rectificación, interpretación, manzano, corrección",24,1988-01-01,65_boletín_prescindir_enunciación_resuel...
66,"pellin, mencionado, , , ",1,1988-01-01,66_yasky_espert_acordar_allende
67,"rugir, , , , ",1,1988-01-01,67_massot_mayoraz_rugir_vallone
68,"organismo, potable, snap, agua, saneamiento",8,1988-01-01,68_desastre_zona_emergencia_agropecuario
69,"cleofurtd, ikui, nnü, prescrite, 5492",1,1988-01-01,69_de_la_que_el
70,"cigarrillo, tabaco, 88, fumar, 87",43,1988-01-01,70_tabaco_cigarrillo_tabacalero_fumar
72,"6obre, morlón, 11a, izamiento, mandar",2,1988-01-01,72_6º_7º_1º_8º
73,"casa, ckorola, racasado, 1ü, reunierir",6,1988-01-01,73_casas_bue_considera_figueroa
74,"turismo, estatutos, miembros, asamblea, organización",5,1988-01-01,74_turismo_turístico_viaje_actividad
75,"conferencia, abierto, unidad, mantener, debate",12,1988-01-01,75_inte_ocaña_conferencia_abierto
76,"fundar, urgencia, entrar, compartir, cuerpo",1,1988-01-01,76_compartir_pala_natalia_morán
77,"concedar, , , , ",1,1988-01-01,77_giacomo_stolbizer_nalizar_pala
78,"reconsideración, reconsiderar, córtese, formulo, corporizar",7,1988-01-01,78_reconsideración_reconsiderar_formulo_...
80,"forestal, forestación, reforestación, representación, director",10,1988-01-01,80_bosque_nativo_ambiental_forestal
81,"alberti, 87, autoría, 839, 639",3,1988-01-01,81_civil_código_sustitución_padre
82,"treinta, segundo, quince, cincuenta, expirado",12,1988-01-01,82_treinta_veinte_segundo_quince
83,"vea, véasj, póg, lieneias, solid",6,1988-01-01,83_vea_pág_otación_él
84,"quilico, , , , ",1,1988-01-01,84_yacobitti_verasay_pala_gollán
87,"chubut, , , , ",5,1988-01-01,87_chubut_pala_sidencia_monti
88,"básquetbol, deportes, subsecretaría, campeonato, basquetbol",3,1988-01-01,88_deportivo_antidopaje_deporte_fútbol
89,"aplazamiento, atener, ganar, recordar, él",1,1988-01-01,89_recordar_italo_nalizado_olvidar
90,"transición, quebrantar, estaríar, fácil, estructura",1,1988-01-01,90_cambio_juntos_cambiar_interbloque
91,"deberfa, motivo, planteamiento, preferente, correctamente",8,1988-01-01,91_tema_motivo_razón_lógica
92,"puestos, abierto, presencia, electoral, alberto",19,1988-01-01,92_abierto_presencia_puestos_electoral
95,"ia88, ptiemb, contradice, permítanmir, anun",2,1988-01-01,95_banco_central_directorio_negociación
97,"dieta, goce, homenajes, 1205, camaf",13,1988-01-01,97_dieta_goce_homenajes_descuento
98,"vuelta, negaitva, rogar, , ",12,1988-01-01,98_vuelta_garrido_giro_carasso
99,"sonego, dipuoctubre, pugliesei, simones, extraorehnaiii",3,1988-01-01,99_electoral_alianza_dni_candidato
100,"alsogarayl, punto, , , ",3,1988-01-01,100_osuna_llancafilo_vásquez_punto
102,"solicitud, sosolicitar, acceder, convocación, desisto",13,1988-01-01,102_solicitud_peticiones_solicité_solici...
103,"agradecer, deferencia, físicamente, muttis, brindado",4,1988-01-01,103_agradecer_apreciación_agradecimiento...
104,"mañana, ayer, reconsiderar, firmé, figurar",11,1988-01-01,104_mañana_ayer_acordar_desplacer
107,"asentimien, born, bunge, menéndez, pertenecer",2,1988-01-01,107_italo_compañía_empresa_firma
109,"quómair, rum, aignasse, vargas, cercenamiento",1,1988-01-01,109_corte_juez_patti_judicial
112,"resulta, , , , ",1,1988-01-01,112_resulta_gorleri_morales_gorila
113,"5723, 988, octubre, diputados, ",1,1988-01-01,113_2002_diputados_2001_noviembre
114,"mercante, marina, vialidad, pjresidente, 6397",1,1988-01-01,114_pesca_pesquero_mar_buque
115,"extensivo, idéntico, ministros, régimen, ",1,1988-01-01,115_ministros_gabinete_jefe_sota
116,"recaidos, proposicion, resolucion, declaracion, disidencias",8,1988-01-01,116_resolución_disidencias_aciones_obser...
117,"suficientemente, apoyado, apoyar, proclamar, inconveniente",4,1988-01-01,117_suficientemente_apoyado_apoyar_consi...
119,"palabral, empezar, zanjar, avalos, abusar",6,1988-01-01,119_comenzar_individual_comienzo_empezar
120,"the, convention, only, apply, will",1,1988-01-01,120_the_israel_palestino_convention
122,"5p, período, , , ",2,1988-01-01,122_3º_5º_polini_1º
123,"sindrome, prenupcial, adquirida, inmunodeficiencia, vih",3,1988-01-01,123_vacuna_vacunación_covid_salud
124,"leído, expidir, distinto, , ",2,1988-01-01,124_leído_leer_afi_leeré
126,"periodista, escándalo, reportaje, ucedelstas, anuaria",7,1988-01-01,126_periodista_periodístico_prensa_perio...
128,"tomaseíla, volver, resu, cima, cuestion",6,1988-01-01,128_volver_nuevamente_otorgué_afi
129,"violir, atentado, agina, perpetrado, comu1",5,1988-01-01,129_terrorismo_terrorista_humanos_derech...
130,"pondo, 21581, vivienda, 23091, remunerada",2,1988-01-01,130_vivienda_alquiler_vendedor_locación
131,"jueves, semana, miércoles, próximo, cuestiórt",9,1988-01-01,131_miércoles_jueves_semana_viernes
132,"autoadhesiva, virgen, tclla, tarpeta, banderín",4,1988-01-01,132_nombre_apellido_pila_corrección
136,"luder, italo, sesion, puestos, 137",1,1988-01-01,136_doña_himno_electoral_abierto
137,"resu, ta, signo, chubut, vuelta",19,1988-01-01,137_sírvar_resu_rizzotti_ta
138,"debate, , , , ",7,1988-01-01,138_lombardi_vidal_debate_vivero
140,"localidad, telefónico, radioenlace, villegas, saboya",1,1988-01-01,140_localidad_telefónico_comunicaciones_...
141,"interrumpir, sírvanse, hallar, finalidad, ",2,1988-01-01,141_interrumpir_interrup_dencia_presi
144,"suficientemente, apoyar, realizar, , ",3,1988-01-01,144_martiarena_suficientemente_hagman_ap...
145,"potable, población, saneamiento, agua, excreta",4,1988-01-01,145_salud_medicina_médico_medicamento
146,"bogado, ervaciones, eleuterio, 88, floro",5,1988-01-01,146_flores_plantee_riutort_planteo
147,"información, rendir, distinto, tener, ",2,1988-01-01,147_conocimiento_información_tomar_conoc...
148,"caso, continúe, posteriori, aramburu, formulo",9,1988-01-01,148_caso_suponer_demandar_separado
149,"referir, él, , , ",5,1988-01-01,149_referir_él_refer_déjeme
150,"acceder, requerido, , , ",2,1988-01-01,150_laspina_acceder_afi_lasbanca
151,"autenticacer, diarios, archivarán1, formular, corrección",10,1988-01-01,151_autenticacer_archivar_formular_diari...
152,"oportunidad, reservoir, solicité, bago, surgiar",10,1988-01-01,152_oportunidad_solicité_ocasión_aprovec...
153,"6276, delibero, así, supremacía, constitución",5,1988-01-01,153_constitución_jura_requerírsele_esqui...
154,"respaldamos, apoyo, clérici, indicación, dictaminar",5,1988-01-01,154_apoyo_apoyar_apoyamos_adelantar
155,"electrónicamente, íntimamente, comprensión, conveniente, vinculado",2,1988-01-01,155_sistema_electrónicamente_funcionar_l...
156,"enunciada, aprobada, proposición, evaluación, traslado",4,1988-01-01,156_iniciativa_ambos_resulta_brevedad
157,"suprimir, deí, eliminar, , ",6,1988-01-01,157_eliminación_suprimir_eliminado_elimi...
159,"resu, reconsiderar, ta, reconsideración, ",2,1988-01-01,159_reconsideración_reconsideracion_reco...
162,"pronuncie, acento, élite, enunciacer, elite",9,1988-01-01,162_pronunciamiento_pronuncie_acento_éli...
163,"papa, avalos, importación, polonia, pojaco",4,1988-01-01,163_exportación_importación_mercadería_c...
164,"matzkin, formación, juicio, ministro, economía",1,1988-01-01,164_economía_ministro_ministerio_italo
165,"buceta, juez, doctor, juicio, 87",4,1988-01-01,165_juicio_juez_doctor_actuación
167,"hcí, , , , ",1,1988-01-01,167_carro_nanni_mounier_car
171,"xiv, xix, , , ",5,1988-01-01,171_ficación_afi_xiv_xix
172,"referencia, encabezamiento, incluido, finalmente, nuevamente",7,1988-01-01,172_referencia_coautor_referencien_lengu...
173,"garay, dccir, tomasella, cima, for",5,1988-01-01,173_escuchar_garay_reitero_escúchenme
174,"traslado, , , , ",1,1988-01-01,174_traslado_montoto_solicitud_trasladar
175,"pedidos, mociones, informes, consulta, provisional",16,1988-01-01,175_pedidos_mociones_informes_consulta
176,"pregunta, englobarla, requiercn, desistar, echagüe",5,1988-01-01,176_pregunta_preguntar_contestar_respond...
177,"radical, fteunién, 5238, espuriamente, llevé",9,1988-01-01,177_radical_radicalismo_bancada_evolució...
178,"sugerido, sugerencia, sugerir, amabilidad, aramburu",9,1988-01-01,178_sugerencia_sugerir_sugerido_acepto
180,"refutar, manifestación, tal, desarrollar, existir",2,1988-01-01,180_inconveniente_excusación_contrario_e...
181,"respetar, , , , ",2,1988-01-01,181_petri_respetar_petmite_calma
182,"pregunta, , , , ",3,1988-01-01,182_pregunta_realizar_preguntar_raro
184,"viético, soi, infiltración, palco, públicas",3,1988-01-01,184_audiencia_guardar_público_requerírse...
185,"agregado, , , , ",2,1988-01-01,185_agregado_genera_resulta_gennaro
186,"tema, , , , ",3,1988-01-01,186_pala_tema_hase_interesado
187,"consulta, anote, aclaracion, insistencia, aconsejar",7,1988-01-01,187_consulta_consultar_asesoramiento_ase...
189,"taquigráfico, taquígrafo, versión, dispusiser, clarificación",5,1988-01-01,189_versión_taquigráfico_taquigráfi_taqu...
-1,"1989, emergencia, 89, diputados, él",3207,1989-01-01,-1_él_provincia_caso_año
0,"1989, emergencia, económico, país, iva",520,1989-01-01,0_argentino_argentina_país_gobierno
1,"ele, 1989, presupuesto, austral, déficit",86,1989-01-01,1_presupuesto_gasto_ciento_millón
2,"gómez, soria, sonego, cardo, rodrigo",38,1989-01-01,2_pastoriza_landau_abdala_silvestre
3,"debate, discusión, formulo, breve, lázara",80,1989-01-01,3_debate_discusión_tema_debatir
4,"educativo, universidad, incremento, 88, quilmes",17,1989-01-01,4_educación_universidad_docente_educativ...
5,"regalía, gas, precio, hidrocarburo, ypf",108,1989-01-01,5_energía_gas_combustible_combustibles
6,"estupefaciente, pena, prisión, penal, reprimir",71,1989-01-01,6_penal_código_pena_delito
7,"163, 144, electrónicamente, 651s, 147",27,1989-01-01,7_afi_127_129_131
8,"impuesto, iva, tributario, ele, reforma",129,1989-01-01,8_impuesto_ganancia_tributario_fiscal
9,"7959, efigies, pá5018, 23635, 4710",6,1989-01-01,9_registrar_afi_él_136
10,"apartar, haber, ele, él, raer",28,1989-01-01,10_haber_él_sr_referir
11,"trabajador, trabajo, despido, laboral, indemnización",30,1989-01-01,11_trabajo_trabajador_empleador_laboral
12,"droga, cocaína, consumo, coca, estupefaciente",35,1989-01-01,12_salud_discapacidad_paciente_pública
13,"precio, billetes, circulacion, emision, dosis",27,1989-01-01,13_precio_dólares_italo_millón
14,"president, presidente, manzano, abreviándolo, presidentepropongo",12,1989-01-01,14_presiden_president_bue_sugerir
15,"doctor, ucedé, aitura, extravié, malliov",14,1989-01-01,15_doctor_caride_hoz_ocupar
16,"vedia, picrri, rolando, jurar, íncojporan",28,1989-01-01,16_resulta_pala_afi_sin
17,"89, rodante, departameneo, bisoiotti, muiíimodal",8,1989-01-01,17_ferroviario_ruta_ferrocarril_transpor...
18,"jubilado, pensión, mutual, retiro, instituto",34,1989-01-01,18_pensión_previsional_jubilado_jubilaci...
19,"requerido, jurar, renuncia, jura, reinaldo",47,1989-01-01,19_jurar_jura_someter_sr
20,"manifestaciones, zamora, manifestación, autorizad, coinunieacer",11,1989-01-01,20_manifestaciones_manifestación_barra_l...
21,"diputados, 7908, 2138, nacioin, 2268",45,1989-01-01,21_diputados_5282_pala_pág
22,"defensa, 22955, leethra, g212, pdcienibve",5,1989-01-01,22_militar_fuerza_defensa_soldati
23,"nominatividad, anónimo, político, manzano, anonimato",22,1989-01-01,23_político_democracia_partido_debate
24,"legislador, baños, manzano, ministro, dificultoso",37,1989-01-01,24_legislador_congreso_legislativo_parla...
25,"sr, picrri, permite, diputado, zamora",55,1989-01-01,25_sr_pala_concedo_álvaro
26,"vicepresidente, vanossi, alasino, ambrosio, reinaldo",40,1989-01-01,26_vicepresidente_vicepresidencia_ocupar...
27,"1989, aviso, osvaldo, junio, 1988",10,1989-01-01,27_educación_escuela_monumento_aconsejar
28,"ordinario, 89, 88, 1989, 19s9",12,1989-01-01,28_2007_2010_2006_07
29,"1989, 1781, 1753, diputados, véanse",34,1989-01-01,29_1984_1985_diputados_véanse
30,"89, agropecuario, 88, cereales, productor",37,1989-01-01,30_agropecuario_ganadería_productor_agri...
31,"externo, deuda, suscripción, 19686, bono",18,1989-01-01,31_deudor_deuda_hipotecario_crédito
32,"avallan, bassarti, soinkeer, avílenlo, aleude",2,1989-01-01,32_evangelios_santos_dios_jurar
33,"justicialista, justíciaiista, desisto, caray, beneficiir",13,1989-01-01,33_justicialista_juez_justicia_bancada
34,"inscripción, 63, nacimiento, heredero, declaratoria",3,1989-01-01,34_matrimonio_divorcio_cónyuge_hijo
35,"radio, radiodifusión, emisora, canal, privatizar",39,1989-01-01,35_teatral_radio_televisión_audiovisual
36,"memoria, rendido, vertido, pronunciado, camus",15,1989-01-01,36_memoria_rendido_homenajes_rendir
37,"the, nuclear, and, agreement, this",13,1989-01-01,37_nuclear_energía_energético_gas
38,"cívica, radical, unión, nombre, integrante",30,1989-01-01,38_cívica_radical_unión_nombre
39,"votar, incornoracer, aíiumalivo, formaa, contmuíícióilfdel",17,1989-01-01,39_votar_voté_votado_vota
40,"aramouni, tueutíiul, íñor, llanui, néuquén",26,1989-01-01,40_leito_aparicio_alderete_leavy
41,"yate, aeronave, automóvil, rural, reemplazar",6,1989-01-01,41_aéreo_aerolíneas_argentinas_aeronave
42,"discúlpeme, disculpe, solicité, cuestion, insistencia",3,1989-01-01,42_disculpe_disculpa_perdón_discúlpeme
43,"conitestar, ilutados, señev, ministro, agilizaríar",6,1989-01-01,43_ministros_gabinete_jefe_ministro
44,"explieitarar, respeto, activamente, dedicación, consentir",4,1989-01-01,44_respeto_respetar_respetuoso_señores
45,"innrk, reputo, escuchar, cosita, escucharer",8,1989-01-01,45_escuchar_oradora_escuchaber_escuchen
46,"período, ordinario, intercalar, incluido, sta",13,1989-01-01,46_momento_plazo_quórum_oportuno
47,"xviii, xii, xvi, contener, 2ri",14,1989-01-01,47_agost_carreño_2º_xii
49,"terca, résped, cerno, rodrigue, psíquicamente",2,1989-01-01,49_aborto_mujer_embarazo_salud
50,"1989, 714, implantar, 3058, mayo",3,1989-01-01,50_decreto_648_alidez_derogar
52,"ley1, iniciadoro, aviso, seando, definitivamente",5,1989-01-01,52_ley_aviso_roja_definitivamente
53,"secretario, frigerl, prosecretario, secretaria, matzkin",9,1989-01-01,53_secretario_jefe_gabinete_secretaria
54,"torácico, micrófono, s19, cambial, voz",5,1989-01-01,54_micrófono_audio_sonido_receptor
55,"autor, conformidad, asentimiento, queacer, boecomo",14,1989-01-01,55_redacción_autor_copia_citación
56,"initrsc, termino, coautor, sos, permanencia",5,1989-01-01,56_continúir_finalizar_proseguir_continú...
57,"provincia, privatización, puerto, gobernador, asentamiento",13,1989-01-01,57_provincia_provincial_jurisdicción_int...
58,"icitado, eormosa, registrado, aparecer, borda",5,1989-01-01,58_registrado_sarghini_carrió_grosso
59,"taquígrafos, cedrola, lorenzo, 157, director",16,1989-01-01,59_taquígrafos_director_cuerpo_monasteri...
60,"jaroslavsky, pase, durañona, exhortación, indignación",35,1989-01-01,60_jaroslavsky_sr_manzano_proposición
61,"renuncia, presentado, presentación, cormillot, everardo",37,1989-01-01,61_renuncia_presentado_peticiones_renunc...
62,"risas, ntimie, rilar, riso, provecí",8,1989-01-01,62_risas_humor_risa_reír
63,"formulár, ecuación, ínstitu, relativo, necesitarir",3,1989-01-01,63_educación_educativo_universidad_docen...
64,"custer, jura, involucrar, requerido, regímén",2,1989-01-01,64_provincia_provincias_jura_requerírsel...
65,"1989, período, 1ds9, peterior, 7973",11,1989-01-01,65_boletín_prescindir_enunciación_resuel...
66,"pellin, ditado, rechazar, debate, ",2,1989-01-01,66_yasky_espert_acordar_allende
67,"rugir, , , , ",2,1989-01-01,67_massot_mayoraz_rugir_vallone
68,"dedicado, independientemente, consciente, tesoro, imposible",1,1989-01-01,68_desastre_zona_emergencia_agropecuario
69,"inflación, ele, azúcar, azucarero, dólar",17,1989-01-01,69_de_la_que_el
70,"tabaco, fondo, excedent, productor, 19800",31,1989-01-01,70_tabaco_cigarrillo_tabacalero_fumar
71,"consecuencia1, lan, 235, , ",1,1989-01-01,71_abstenciones_abstención_afi_195
72,"6q, 6p, pensár, abocado, paro",6,1989-01-01,72_6º_7º_1º_8º
73,"oficialmente, aranda, casa, casas, convocado",5,1989-01-01,73_casas_bue_considera_figueroa
74,"turístico, turismo, partes, contratantes, cooperación",5,1989-01-01,74_turismo_turístico_viaje_actividad
75,"mnta, bordín, profili, carosio, conferencia",3,1989-01-01,75_inte_ocaña_conferencia_abierto
78,"reconsideración, aramouni, reconsiderar, 116, quinto",9,1989-01-01,78_reconsideración_reconsiderar_formulo_...
80,"conversárar, todiciembre, 6131, austral, 500000000",2,1989-01-01,80_bosque_nativo_ambiental_forestal
81,"698, cofirmante, 383, s9, 434",1,1989-01-01,81_civil_código_sustitución_padre
82,"anotación, dir, treinta, breve, ampliamente",3,1989-01-01,82_treinta_veinte_segundo_quince
83,"nivr, 7fi3, airi, velase, mtos",4,1989-01-01,83_vea_pág_otación_él
85,"paccc, cofirmante, mejo, 901, s9",1,1989-01-01,85_abstenciones_abstención_afi_131
86,"coca, coqueo, hoja, inca, costumbre",1,1989-01-01,86_estrofa_entonar_himno_orquesta
87,"chubut, , , , ",4,1989-01-01,87_chubut_pala_sidencia_monti
88,"quiniela, premio, club, juniors, juego",7,1989-01-01,88_deportivo_antidopaje_deporte_fútbol
89,"agotar, interferir, recordar, rectificar, previamente",3,1989-01-01,89_recordar_italo_nalizado_olvidar
90,"sotelo, modificacion, sugerencia, alterar, totalmente",4,1989-01-01,90_cambio_juntos_cambiar_interbloque
91,"desisto, originario, refeír, registrir, xii",6,1989-01-01,91_tema_motivo_razón_lógica
92,"puestos, sesion, abierto, presencia, electoral",9,1989-01-01,92_abierto_presencia_puestos_electoral
95,"parra, encaje, corca, ersiones, banco",4,1989-01-01,95_banco_central_directorio_negociación
97,"dieta, goce, descuento, homenajes, votar1",12,1989-01-01,97_dieta_goce_homenajes_descuento
99,"domiciliado, electoral, 1989, dni, 1987",24,1989-01-01,99_electoral_alianza_dni_candidato
100,"punto, , , , ",1,1989-01-01,100_osuna_llancafilo_vásquez_punto
102,"solicitud, xiíi, solicitarme, plantearé, cedere",8,1989-01-01,102_solicitud_peticiones_solicité_solici...
103,"laya, vivido, mosconi, satisfacción, preceder",2,1989-01-01,103_agradecer_apreciación_agradecimiento...
104,"mañana, aprovechacer, sabsr, inervación, prorroguir",8,1989-01-01,104_mañana_ayer_acordar_desplacer
105,"científico, tecnológico, investigación, innovar, innovación",4,1989-01-01,105_ciencia_tecnología_innovación_tecnol...
106,"alimentario, programa, ejecutoro, ejecutora, unidad",20,1989-01-01,106_alimentario_alimento_programa_alimen...
107,"esul, elevadores, listada, terminales, ger",4,1989-01-01,107_italo_compañía_empresa_firma
108,"renunciar, renuncia, presentado, , ",3,1989-01-01,108_cientemente_apoyado_sufi_juliano
109,"discriminatorio, interpretación, peligroso, interpretativo, antecedenir",4,1989-01-01,109_corte_juez_patti_judicial
110,"conjugación, refiriéndome, cuerpo, prolongar, designe",3,1989-01-01,110_cuerpo_renumeración_corpacci_faculta...
114,"embarcación, puerto, quequén, ele, multinacional",12,1989-01-01,114_pesca_pesquero_mar_buque
115,"guerrero, , , , ",2,1989-01-01,115_ministros_gabinete_jefe_sota
116,"proposicion, recaidos, resolucion, declaracion, resolución1",6,1989-01-01,116_resolución_disidencias_aciones_obser...
117,"suficientemente, apoyar, apoyado, solíeili, díputadi",7,1989-01-01,117_suficientemente_apoyado_apoyar_consi...
122,"diputad, prioritariamente, tre, tercer, agregar",4,1989-01-01,122_3º_5º_polini_1º
123,"ascgurable, polio, ijue, contratir, seguro",1,1989-01-01,123_vacuna_vacunación_covid_salud
124,"leído, leer, él, , ",4,1989-01-01,124_leído_leer_afi_leeré
125,"espinoza, , , , ",1,1989-01-01,125_contigiani_selva_afi_espinoza
126,"vmióm, cotii, di5984, pillado, alude",3,1989-01-01,126_periodista_periodístico_prensa_perio...
128,"volver, durañona, vedia, córtese, estudio",3,1989-01-01,128_volver_nuevamente_otorgué_afi
129,"atentado, confederacion, 2479, confederación, repudio",4,1989-01-01,129_terrorismo_terrorista_humanos_derech...
130,"alquiler, 1989, locativo, mes, inquilino",12,1989-01-01,130_vivienda_alquiler_vendedor_locación
131,"miércoles, vixaordiuaria, viernes, jueves, ruin",5,1989-01-01,131_miércoles_jueves_semana_viernes
132,"riutort, anuncio, nombre, manzano, corrección",2,1989-01-01,132_nombre_apellido_pila_corrección
136,"aquiles, fortunio, domingo, jura, electoral",1,1989-01-01,136_doña_himno_electoral_abierto
137,"resu, ta, , , ",2,1989-01-01,137_sírvar_resu_rizzotti_ta
138,"debate, , , , ",8,1989-01-01,138_lombardi_vidal_debate_vivero
141,"interrumpir, interrupc, óu, concederé, irrupción",5,1989-01-01,141_interrumpir_interrup_dencia_presi
143,"hacerlol, propono, picrri, nen, encabezar",5,1989-01-01,143_indicar_tienir_yo_pala
144,"suficientemente, apoyar, efectuer, puebla, chubut",8,1989-01-01,144_martiarena_suficientemente_hagman_ap...
145,"atribuyo, argumentativo, inserte, abundamiento, innecesariamente",1,1989-01-01,145_salud_medicina_médico_medicamento
146,"eslá, picrri, plantee, rosas, planteo",3,1989-01-01,146_flores_plantee_riutort_planteo
147,"matzbin, obro, conocimiento, información, consistente",6,1989-01-01,147_conocimiento_información_tomar_conoc...
148,"referido, tema, caso, , ",1,1989-01-01,148_caso_suponer_demandar_separado
149,"referir, él, , , ",3,1989-01-01,149_referir_él_refer_déjeme
150,"lasbanca, toriza, desairado, castiella, au",3,1989-01-01,150_laspina_acceder_afi_lasbanca
151,"someter, servaciones, obj, autenticacer, diarios",6,1989-01-01,151_autenticacer_archivar_formular_diari...
152,"oportunidad, referencia, , , ",2,1989-01-01,152_oportunidad_solicité_ocasión_aprovec...
153,"ordinario, período, dccisión, contribüción, finalizar",6,1989-01-01,153_constitución_jura_requerírsele_esqui...
154,"dqsear, snficíentemnite, apoyo, limitaré, apoyar",8,1989-01-01,154_apoyo_apoyar_apoyamos_adelantar
155,"electrónicamente, rectificación, utilizar, tranquilidad, modos",4,1989-01-01,155_sistema_electrónicamente_funcionar_l...
156,"iniciativa, invariablemente, encarecer, solicitud, manrique",6,1989-01-01,156_iniciativa_ambos_resulta_brevedad
157,"suprimir, tema, , , ",2,1989-01-01,157_eliminación_suprimir_eliminado_elimi...
159,"reconsideración, , , , ",7,1989-01-01,159_reconsideración_reconsideracion_reco...
162,"pronunciamiento, diferido, pronuncie, suprimir, originario",3,1989-01-01,162_pronunciamiento_pronuncie_acento_éli...
163,"temporaria, constituido, exportación, 23046, princip",7,1989-01-01,163_exportación_importación_mercadería_c...
164,"vfucia, tresidente, transl, ministro, maukin",5,1989-01-01,164_economía_ministro_ministerio_italo
165,"publicidad, perseguir, condena, pena, guzmér",2,1989-01-01,165_juicio_juez_doctor_actuación
168,"bios, , , , ",1,1989-01-01,168_biocombustibl_biodiésel_combustible_...
171,"nsw, xiv, contener, , ",3,1989-01-01,171_ficación_afi_xiv_xix
172,"referencia, ido, pronuncie, formulo, previamente",14,1989-01-01,172_referencia_coautor_referencien_lengu...
173,"garay, momentáneo, sustitutiva, ibarbia, solicitarar",6,1989-01-01,173_escuchar_garay_reitero_escúchenme
175,"mociones, pedidos, informes, consulta, mform",3,1989-01-01,175_pedidos_mociones_informes_consulta
176,"posteriori, reiterar, abordar, específico, pregunta",2,1989-01-01,176_pregunta_preguntar_contestar_respond...
177,"ucedé, cesanteado, quorum, radical, radicalismo",3,1989-01-01,177_radical_radicalismo_bancada_evolució...
178,"sugerencia, efeotuado, agradecer, hecho, ",3,1989-01-01,178_sugerencia_sugerir_sugerido_acepto
180,"ucede, inconveniente, resumir, supresión, sugerencia",3,1989-01-01,180_inconveniente_excusación_contrario_e...
182,"rjue, realizar, , , ",2,1989-01-01,182_pregunta_realizar_preguntar_raro
184,"promulgación, propiciar, entrar, vigencia, público",1,1989-01-01,184_audiencia_guardar_público_requerírse...
185,"agregado, gencal, llevar, , ",8,1989-01-01,185_agregado_genera_resulta_gennaro
187,"consulta, ivlanilesitacioiaes, nform, blcqu, erable",6,1989-01-01,187_consulta_consultar_asesoramiento_ase...
188,"bebida, jugo, vino, cola, champaña",13,1989-01-01,188_azúcar_vino_fructosa_remolacha
-1,"ele, quo, corte, jos, jas",584,1990-01-01,-1_él_provincia_caso_año
0,"jas, 110, isla, ele, territorio",117,1990-01-01,0_argentino_argentina_país_gobierno
1,"prestigio, únieamente, musitado, ijurañona, honorabio",2,1990-01-01,1_presupuesto_gasto_ciento_millón
2,"aviso, 1990, oscar, abril, eduardo",6,1990-01-01,2_pastoriza_landau_abdala_silvestre
3,"fueguino, debate, sr, quo, malvinas",23,1990-01-01,3_debate_discusión_tema_debatir
4,"extraoidinari, aclarafinanciamiento, peder, argén, sc",2,1990-01-01,4_educación_universidad_docente_educativ...
5,"quo, reforma, corte, suprema, explícito",1,1990-01-01,5_energía_gas_combustible_combustibles
6,"penal, delito, peligro, caución, conducta",20,1990-01-01,6_penal_código_pena_delito
7,"7737, fntro, j990, 119, abril",2,1990-01-01,7_afi_127_129_131
8,"quo, ocultare, activo, penalizacióii, nucvtro",3,1990-01-01,8_impuesto_ganancia_tributario_fiscal
9,"eico, 173, lia, proposición, 110",1,1990-01-01,9_registrar_afi_él_136
10,"mies, bia, resar, acón, sírvanse",6,1990-01-01,10_haber_él_sr_referir
11,"salario, teda, empleador, aporte, 110",2,1990-01-01,11_trabajo_trabajador_empleador_laboral
13,"entel, dólares, pliego, millón, privatizar",2,1990-01-01,13_precio_dólares_italo_millón
14,"109u, cánu, tuciutián, esídentc, suenes",5,1990-01-01,14_presiden_president_bue_sugerir
16,"aclaraciú, prxyilecío, lusiton, acéptame, ilonre",14,1990-01-01,16_resulta_pala_afi_sin
17,"ferrocarriles, ferroviario, argentinos, ferrocarril, ramal",10,1990-01-01,17_ferroviario_ruta_ferrocarril_transpor...
18,"seguridad, social, previsión, eonavi, quo",10,1990-01-01,18_pensión_previsional_jubilado_jubilaci...
19,"apartir, íaserjones, osíavshy, tapavetli, afinraiiva",9,1990-01-01,19_jurar_jura_someter_sr
20,"iieialista, lomacer, galenas, 19s0, cerno",4,1990-01-01,20_manifestaciones_manifestación_barra_l...
23,"corte, tribunal, cíe, suprema, ele",12,1990-01-01,23_político_democracia_partido_debate
24,"ircer, occso, interine, tíw, haeiend",4,1990-01-01,24_legislador_congreso_legislativo_parla...
25,"sr, alusino, concedo, alasino, señor",19,1990-01-01,25_sr_pala_concedo_álvaro
26,"señorita, aguado, silvina, administrativa, lia",1,1990-01-01,26_vicepresidente_vicepresidencia_ocupar...
29,"7775, diputad, 1990, storani, abril",1,1990-01-01,29_1984_1985_diputados_véanse
31,"icerea, eouocer, amanuense, doblo, cínicamente",2,1990-01-01,31_deudor_deuda_hipotecario_crédito
33,"justieialisrne, naeii, cnarbolado, justicialisr, poní",3,1990-01-01,33_justicialista_juez_justicia_bancada
35,"haga, show, canal, , ",1,1990-01-01,35_teatral_radio_televisión_audiovisual
37,"esc, 7262, osta, lugoeste, señediputado",1,1990-01-01,37_nuclear_energía_energético_gas
38,"cívica, plan7, 26o, carso, srgirir",4,1990-01-01,38_cívica_radical_unión_nombre
39,"resuua, lüíciatíva, ntivo, bario, ais",2,1990-01-01,39_votar_voté_votado_vota
40,"tlosek, tneuniún, llío, tic, ",4,1990-01-01,40_leito_aparicio_alderete_leavy
41,"entel, ferrocarriles, cuestionario, argentinos, aerolíneas",2,1990-01-01,41_aéreo_aerolíneas_argentinas_aeronave
42,"catarsis, explicable, aquejar, indignación, disculpa",1,1990-01-01,42_disculpe_disculpa_perdón_discúlpeme
43,"ministro, públicos, obras, servicios, pregunta",11,1990-01-01,43_ministros_gabinete_jefe_ministro
44,"exigir, respetar, , , ",1,1990-01-01,44_respeto_respetar_respetuoso_señores
46,"uro, , , , ",1,1990-01-01,46_momento_plazo_quórum_oportuno
47,"interruociéa, iv, ra, , ",1,1990-01-01,47_agost_carreño_2º_xii
49,"soeinl, centile, circunscribir, parto, señalo",1,1990-01-01,49_aborto_mujer_embarazo_salud
52,"ley1, mosca, expidir, prolongado, aviso",1,1990-01-01,52_ley_aviso_roja_definitivamente
54,"poneuna, estuviere, explosión, coma, obligado",1,1990-01-01,54_micrófono_audio_sonido_receptor
57,"prefación, legislatura, consulta, erigir, sandwich",1,1990-01-01,57_provincia_provincial_jurisdicción_int...
58,"euvre, lbarbio, , , ",2,1990-01-01,58_registrado_sarghini_carrió_grosso
59,"ccdkola, taquisü1, persistiendo, llora, din",1,1990-01-01,59_taquígrafos_director_cuerpo_monasteri...
60,"jaroslavsky, señor, manzano, tevo, alenlo",8,1990-01-01,60_jaroslavsky_sr_manzano_proposición
61,"lectura, sedar, corrien, humberto, del",1,1990-01-01,61_renuncia_presentado_peticiones_renunc...
62,"riso, señor, el, , ",1,1990-01-01,62_risas_humor_risa_reír
64,"creacion7, tenia, creacion, provincialización, convocado",3,1990-01-01,64_provincia_provincias_jura_requerírsel...
65,"estáu, responsahiiidael, miranda, acopiar, consid",2,1990-01-01,65_boletín_prescindir_enunciación_resuel...
66,"cneslión, pava, , , ",1,1990-01-01,66_yasky_espert_acordar_allende
68,"lluego, compostura, debido, , ",1,1990-01-01,68_desastre_zona_emergencia_agropecuario
69,"il, ii, tacta, ií, ni",21,1990-01-01,69_de_la_que_el
73,"inrmpción, residencia, lazara, , ",2,1990-01-01,73_casas_bue_considera_figueroa
75,"nor, , , , ",1,1990-01-01,75_inte_ocaña_conferencia_abierto
77,"concedo, , , , ",2,1990-01-01,77_giacomo_stolbizer_nalizar_pala
82,"utilizaré, pava, quince, unidad, ",1,1990-01-01,82_treinta_veinte_segundo_quince
87,"chubut, , , , ",1,1990-01-01,87_chubut_pala_sidencia_monti
91,"resoltar, señordiputado, preferente, carácter, ",1,1990-01-01,91_tema_motivo_razón_lógica
92,"jlegrini, pereunión, ansíente, poüegríni, 5fi",1,1990-01-01,92_abierto_presencia_puestos_electoral
97,"solícito, dieta, descontar, proporcional, jos",1,1990-01-01,97_dieta_goce_homenajes_descuento
98,"caray, , , , ",1,1990-01-01,98_vuelta_garrido_giro_carasso
99,"lederal, homero, disi, humberto, incorporar",1,1990-01-01,99_electoral_alianza_dni_candidato
100,"ramos, , , , ",1,1990-01-01,100_osuna_llancafilo_vásquez_punto
102,"solicitir, aclaro, , , ",1,1990-01-01,102_solicitud_peticiones_solicité_solici...
104,"comentario, mañana, realmente, existir, ",1,1990-01-01,104_mañana_ayer_acordar_desplacer
109,"corte, tribunal, suprema, justicia, testar",8,1990-01-01,109_corte_juez_patti_judicial
117,"suficientemente, apoyado, apoyar, , ",1,1990-01-01,117_suficientemente_apoyado_apoyar_consi...
132,"uíinuatiira, rrju, rtssíu, apndu, imks",3,1990-01-01,132_nombre_apellido_pila_corrección
141,"interrumpir, lugar, , , ",1,1990-01-01,141_interrumpir_interrup_dencia_presi
143,"intemip, presídeme, muí, me, permití",3,1990-01-01,143_indicar_tienir_yo_pala
147,"doro, alasino, información, , ",1,1990-01-01,147_conocimiento_información_tomar_conoc...
148,"tomen, cpie, recaudo, contrario, aplicar",1,1990-01-01,148_caso_suponer_demandar_separado
168,"alasino, yeme, canutado, idearte, bioja",1,1990-01-01,168_biocombustibl_biodiésel_combustible_...
171,"ycnia, , , , ",1,1990-01-01,171_ficación_afi_xiv_xix
177,"radicalismo, pinado, fume, croir, sabendo",5,1990-01-01,177_radical_radicalismo_bancada_evolució...
178,"taparellí, acepto, sugerencia, manzano, ",1,1990-01-01,178_sugerencia_sugerir_sugerido_acepto
-1,"2001, con, pro, re, de",3041,2001-01-01,-1_él_provincia_caso_año
0,"convertibilidad, 2001, argentina, pro, re",431,2001-01-01,0_argentino_argentina_país_gobierno
1,"reservado, gasto, convertibilidad, control, euro",35,2001-01-01,1_presupuesto_gasto_ciento_millón
2,"residuo, votan, inda, colodrero, manzotti",19,2001-01-01,2_pastoriza_landau_abdala_silvestre
3,"debate, pro, discusión, consenso, yecto",72,2001-01-01,3_debate_discusión_tema_debatir
4,"diu, recoleta, patio, oculta, genitomamario",6,2001-01-01,4_educación_universidad_docente_educativ...
5,"804, eléctrico, 23696, decreto, participado",15,2001-01-01,5_energía_gas_combustible_combustibles
6,"24390, prisión, procesado, penal, preventivo",46,2001-01-01,6_penal_código_pena_delito
7,"emiti, gativa, resul, doctorquinzio, rcdaeeión",17,2001-01-01,7_afi_127_129_131
8,"impuesto, ganancia, tributario, competitividad, exención",71,2001-01-01,8_impuesto_ganancia_tributario_fiscal
9,"registrar, conforme, vo, se, exhibir",12,2001-01-01,9_registrar_afi_él_136
10,"alessandro, lecho, dipu, pemasetti, presídencia",23,2001-01-01,10_haber_él_sr_referir
11,"colectivo, convenio, illente, venio, nonna",14,2001-01-01,11_trabajo_trabajador_empleador_laboral
12,"hospital, salud, pami, 24901, cobertura",28,2001-01-01,12_salud_discapacidad_paciente_pública
13,"laprisionpreventiva, eero, regimende, sell, rentabili",5,2001-01-01,13_precio_dólares_italo_millón
14,"presiden, roggero, bue, penniso, infonna",70,2001-01-01,14_presiden_president_bue_sugerir
15,"sidente, vicepre, ocupa, silio, régimeo",5,2001-01-01,15_doctor_caride_hoz_ocupar
16,"resulta, pala, fommlado, putado, seíloro",84,2001-01-01,16_resulta_pala_afi_sin
17,"adenda, concesión, concesionario, canon, contrato",6,2001-01-01,17_ferroviario_ruta_ferrocarril_transpor...
18,"instituto, den, 19032, ugl, pensión",26,2001-01-01,18_pensión_previsional_jubilado_jubilaci...
19,"natale, resulta, ramírez, abuchee, hwnildemente",17,2001-01-01,19_jurar_jura_someter_sr
20,"manifestación, manifestaciones, sanciona, toralmente, sancio",22,2001-01-01,20_manifestaciones_manifestación_barra_l...
21,"diputados, pala, celestina, resulta, apéndi",46,2001-01-01,21_diputados_5282_pala_pág
22,"explieaeión, uimiento, iiiteligencia, autorizaciondel, gueita",4,2001-01-01,22_militar_fuerza_defensa_soldati
23,"lógica, tra, que, pue, dadano",17,2001-01-01,23_político_democracia_partido_debate
24,"radiactivo, residuo, delegación, legislador, australia",50,2001-01-01,24_legislador_congreso_legislativo_parla...
25,"sr, colodrero, pascual, interrup, resulta",35,2001-01-01,25_sr_pala_concedo_álvaro
26,"vicepresidente, britos, vicepresidencia, cambareri, apo",18,2001-01-01,26_vicepresidente_vicepresidencia_ocupar...
27,"ángulo, medir, hito, iii, interno",7,2001-01-01,27_educación_escuela_monumento_aconsejar
28,"resulta, 2001, proyec, expediente, 2000",17,2001-01-01,28_2007_2010_2006_07
29,"2001, mayo, resulta, fonnu2, vrr",12,2001-01-01,29_1984_1985_diputados_véanse
30,"aftosa, agricultura, agropecuaria, citrícola, ganadería",13,2001-01-01,30_agropecuario_ganadería_productor_agri...
31,"bancario, deuda, crédito, quiebra, bono",25,2001-01-01,31_deudor_deuda_hipotecario_crédito
32,"puesto, seño, jurar, dios, juramen",25,2001-01-01,32_evangelios_santos_dios_jurar
33,"justicialista, veintinueve, varios, entrevis, inlposi",9,2001-01-01,33_justicialista_juez_justicia_bancada
34,"aspirante, guarda, adopción, aspirantes, registro",5,2001-01-01,34_matrimonio_divorcio_cónyuge_hijo
35,"radio, sueldo, atc, télam, vayru11os",5,2001-01-01,35_teatral_radio_televisión_audiovisual
36,"memoria, nuto, guar, aroldo, delki",7,2001-01-01,36_memoria_rendido_homenajes_rendir
37,"nuclear, energía, material, reactor, australia",16,2001-01-01,37_nuclear_energía_energético_gas
38,"sebriano, avanzarrepito, ral, negociacio, 6584",2,2001-01-01,38_cívica_radical_unión_nombre
39,"vota, votar, votacio, carrió, alcan",25,2001-01-01,39_votar_voté_votado_vota
40,"ticne, arias, anote, entien, seüor",13,2001-01-01,40_leito_aparicio_alderete_leavy
41,"aerolíneas, argentinas, español, iberia, aéreo",23,2001-01-01,41_aéreo_aerolíneas_argentinas_aeronave
42,"disculpe, conmocioné, enojé, temünar, perdón",7,2001-01-01,42_disculpe_disculpa_perdón_discúlpeme
43,"viníendo, teen, ministro, giere, infraestructu",6,2001-01-01,43_ministros_gabinete_jefe_ministro
44,"putado, di, respeto, modismo, respondan",10,2001-01-01,44_respeto_respetar_respetuoso_señores
45,"escuchar, licita, silen, putado, so",15,2001-01-01,45_escuchar_oradora_escuchaber_escuchen
46,"anóteme, teen, ticuatro, orado, momento",12,2001-01-01,46_momento_plazo_quórum_oportuno
47,"rivas, sr, , , ",3,2001-01-01,47_agost_carreño_2º_xii
48,"inverti, discutien, seüor, estuviser, suiza",1,2001-01-01,48_suizo_suiza_italo_accionista
49,"salud, método, sexual, procreación, anticonceptivo",24,2001-01-01,49_aborto_mujer_embarazo_salud
50,"804, 01, decreto, 1387, referido",12,2001-01-01,50_decreto_648_alidez_derogar
51,"mujer, femenino, parti, indelegablc, retrotraenne",4,2001-01-01,51_mujer_violencia_01_género
52,"ley, sancio, nado, mocionde, 3852",16,2001-01-01,52_ley_aviso_roja_definitivamente
53,"mentario, parla, secretaria, secretaría, agrega",3,2001-01-01,53_secretario_jefe_gabinete_secretaria
54,"cantante, aclarar, dencia, presi, oposición",1,2001-01-01,54_micrófono_audio_sonido_receptor
55,"autori, soli, zar, afirmati, mocionde",7,2001-01-01,55_redacción_autor_copia_citación
56,"terminan, fundan1ento, giere, aparta, continu",4,2001-01-01,56_continúir_finalizar_proseguir_continú...
57,"reciprocidad, provin, colono, provincial, arias",17,2001-01-01,57_provincia_provincial_jurisdicción_int...
58,"megar, , , , ",1,2001-01-01,58_registrado_sarghini_carrió_grosso
59,"subdirector, taquígrafos, monasterio, imprenta, 16y48",5,2001-01-01,59_taquígrafos_director_cuerpo_monasteri...
60,"matzkin, íanza, ensei, gwla, extrai",1,2001-01-01,60_jaroslavsky_sr_manzano_proposición
61,"renuncia, resulta, presentado, acepta, considera",17,2001-01-01,61_renuncia_presentado_peticiones_renunc...
62,"risas, requie, vol, rir, pital",4,2001-01-01,62_risas_humor_risa_reír
64,"2658, aludi, vivien, seüor, provincia",5,2001-01-01,64_provincia_provincias_jura_requerírsel...
65,"camapv, rcglan1cnto, pcrnasetti, discul, sci1or",6,2001-01-01,65_boletín_prescindir_enunciación_resuel...
66,"acorda, conce, peyrou, , ",2,2001-01-01,66_yasky_espert_acordar_allende
67,"rugir, , , , ",1,2001-01-01,67_massot_mayoraz_rugir_vallone
68,"seüor, palma, zona, 01, desastre",4,2001-01-01,68_desastre_zona_emergencia_agropecuario
69,"instituto, den, 19032, ugl, prestacional",25,2001-01-01,69_de_la_que_el
70,"tabaco, tabacalero, 19800, fondo, ductor",15,2001-01-01,70_tabaco_cigarrillo_tabacalero_fumar
71,"abstencio, registrado, nuevamente, nes, modificar",1,2001-01-01,71_abstenciones_abstención_afi_195
72,"ipci6n, intern, busti, dipu, ",1,2001-01-01,72_6º_7º_1º_8º
73,"bue, considera, tma, dificil, gusto",14,2001-01-01,73_casas_bue_considera_figueroa
74,"turismo, viaje, turístico, nieve, ushuaia",6,2001-01-01,74_turismo_turístico_viaje_actividad
75,"inte, , , , ",66,2001-01-01,75_inte_ocaña_conferencia_abierto
76,"colodrcro, tiséis, frater, afectuoso, quin",3,2001-01-01,76_compartir_pala_natalia_morán
77,"pala, concedo, , , ",12,2001-01-01,77_giacomo_stolbizer_nalizar_pala
78,"reconsideración, porbue, mular, for, putado",3,2001-01-01,78_reconsideración_reconsiderar_formulo_...
79,"considera, pala, san, , ",32,2001-01-01,79_considera_schlotthauer_nieri_pala
80,"forestal, superficie, real, superficiario, propietario",1,2001-01-01,80_bosque_nativo_ambiental_forestal
82,"hora20, íor, seí, ficar, acuer",2,2001-01-01,82_treinta_veinte_segundo_quince
83,"nentaria, pgr, 1271, 1248, vea",1,2001-01-01,83_vea_pág_otación_él
84,"pala, , , , ",8,2001-01-01,84_yacobitti_verasay_pala_gollán
85,"doza, men, 108, so, meter",1,2001-01-01,85_abstenciones_abstención_afi_131
87,"pala, chubut, interrup, sr, ",19,2001-01-01,87_chubut_pala_sidencia_monti
89,"recordar, varios, derogaciondelarticul03, ai1ículo, privile",6,2001-01-01,89_recordar_italo_nalizado_olvidar
90,"for, modificado, facilitar, pro, modificar",3,2001-01-01,90_cambio_juntos_cambiar_interbloque
91,"copi, irving, _a, _t_, m_a",7,2001-01-01,91_tema_motivo_razón_lógica
92,"puesto, donantorrioarnaldo, matzk, 6560, mercedes",3,2001-01-01,92_abierto_presencia_puestos_electoral
93,"trónico, elec, alzado, deberer, resulta",1,2001-01-01,93_alzado_mano_levantar_afi
96,"pala, , , , ",32,2001-01-01,96_pala_lena_austin_tina
97,"de, dictamen, 2000, 2001, modificación",6,2001-01-01,97_dieta_goce_homenajes_descuento
98,"putado, , , , ",1,2001-01-01,98_vuelta_garrido_giro_carasso
99,"domicilio, electoral, tapso, alianza, matrícula",13,2001-01-01,99_electoral_alianza_dni_candidato
101,"fonnante, emiti, afinnativa, 990, negati",2,2001-01-01,101_negativa_cero_negativos_nulo
102,"solicitud, yectos, flo, labra, asentimiento",4,2001-01-01,102_solicitud_peticiones_solicité_solici...
103,"solicita, atanasof, jos, adelantar, agradecer",1,2001-01-01,103_agradecer_apreciación_agradecimiento...
104,"pasan10s, invitaré, 3940, veinticin, reu",3,2001-01-01,104_mañana_ayer_acordar_desplacer
105,"riesgo, tecnológico, innovación, base, empresa",10,2001-01-01,105_ciencia_tecnología_innovación_tecnol...
108,"renuncia, , , , ",1,2001-01-01,108_cientemente_apoyado_sufi_juliano
109,"seriedad, fuerzos, dda, coinci, premie",2,2001-01-01,109_corte_juez_patti_judicial
110,"pfevio, raión, camafío, corporado, requie",3,2001-01-01,110_cuerpo_renumeración_corpacci_faculta...
111,"considera, resulta, consideración, vitar, en",31,2001-01-01,111_considera_resulta_koning_brouwer
112,"resulta, , , , ",59,2001-01-01,112_resulta_gorleri_morales_gorila
113,"2001, noviembre, diputados, marzo, pala",44,2001-01-01,113_2002_diputados_2001_noviembre
114,"pesca, pesquero, puerto, 24922, mar",18,2001-01-01,114_pesca_pesquero_mar_buque
116,"resolución, sancio, pejtinent, resoluciól, úádo",4,2001-01-01,116_resolución_disidencias_aciones_obser...
117,"suficientemente, apoyado, resulta, apoyar, de",6,2001-01-01,117_suficientemente_apoyado_apoyar_consi...
119,"gistran, emiti, compu, dispongo, entendimiento",2,2001-01-01,119_comenzar_individual_comienzo_empezar
120,"exprt, libe1tad, olloni, 921, etchevehere",1,2001-01-01,120_the_israel_palestino_convention
123,"frigorífico, aftosa, carne, ciadanlentar, agti",1,2001-01-01,123_vacuna_vacunación_covid_salud
124,"leído, resulta, , , ",2,2001-01-01,124_leído_leer_afi_leeré
128,"nuevamente, resulta, rogar, inter, dipu",5,2001-01-01,128_volver_nuevamente_otorgué_afi
129,"terrorismo, terrorista, perpetrado, américa, atentado",9,2001-01-01,129_terrorismo_terrorista_humanos_derech...
130,"23091, bariazarra, vivienda, viviendas, postulant",3,2001-01-01,130_vivienda_alquiler_vendedor_locación
131,"semana, miércoles, caí, malla, interpre",6,2001-01-01,131_miércoles_jueves_semana_viernes
132,"mego, portancia, pacho, esti, lis",3,2001-01-01,132_nombre_apellido_pila_corrección
133,"tergar, dencia, presi, pos, raíz",2,2001-01-01,133_negociación_negociador_negociar_nego...
135,"aborto, esterilización, mujer, salud, sexual",5,2001-01-01,135_aborto_mujer_embarazo_vida
137,"tear, plan, , , ",2,2001-01-01,137_sírvar_resu_rizzotti_ta
140,"celular, telefonía, auxilio, colucigno, usuario",2,2001-01-01,140_localidad_telefónico_comunicaciones_...
141,"interrup, pem1itir, bue, dencia, penniso",29,2001-01-01,141_interrumpir_interrup_dencia_presi
142,"pala, , , , ",14,2001-01-01,142_ginocchio_benegas_pala_lynch
143,"lencio, bue, atírmar, afrrmativo, cuáf",13,2001-01-01,143_indicar_tienir_yo_pala
145,"favaloro, medicina, falbo, carmen, conmemoración",4,2001-01-01,145_salud_medicina_médico_medicamento
146,"flores, dicta, afimlat1va, penrliso, ob1296",8,2001-01-01,146_flores_plantee_riutort_planteo
147,"inmediatamen, infonna, putado, di, preopinante",2,2001-01-01,147_conocimiento_información_tomar_conoc...
148,"iuent, inconve, solici, quintela, vitar",3,2001-01-01,148_caso_suponer_demandar_separado
151,"autenticacer, archivar, diarios, fommlan, formulán",4,2001-01-01,151_autenticacer_archivar_formular_diari...
152,"ternúnir, oportunidad, glamento, qui, licitar",7,2001-01-01,152_oportunidad_solicité_ocasión_aprovec...
153,"rosselli, al, ran, requerírsele, puesto",2,2001-01-01,153_constitución_jura_requerírsele_esqui...
154,"apoyar, pemasetti, cionado, pecto, blo",5,2001-01-01,154_apoyo_apoyar_apoyamos_adelantar
155,"tancia, funcionar, cons, registro, sistema",2,2001-01-01,155_sistema_electrónicamente_funcionar_l...
156,"iniciativa, asentimiento, afilmativo, emplee, oportmúdad",11,2001-01-01,156_iniciativa_ambos_resulta_brevedad
159,"reconsideración, , , , ",1,2001-01-01,159_reconsideración_reconsideracion_reco...
162,"pronunciamiento, acorda, cuefp, pronuncie, camaüo",8,2001-01-01,162_pronunciamiento_pronuncie_acento_éli...
163,"importación, científico, productiva, tecnología, 732n2",4,2001-01-01,163_exportación_importación_mercadería_c...
164,"econonúa, ecuador, arias, asesorar, economista",3,2001-01-01,164_economía_ministro_ministerio_italo
165,"enor, puño, gularidad, chaya, irre",2,2001-01-01,165_juicio_juez_doctor_actuación
168,"biodiésel, inficionar, oti, ambien, presario",2,2001-01-01,168_biocombustibl_biodiésel_combustible_...
169,"próximo, aswlto, ferenciar, resulta, afmnativo",4,2001-01-01,169_próximo_listado_seguir_afi
170,"pala, , , , ",13,2001-01-01,170_pala_afi__
172,"sustancial, referencia, aspecto, , ",1,2001-01-01,172_referencia_coautor_referencien_lengu...
175,"dobo, cór, taria, reglamen, sidente",1,2001-01-01,175_pedidos_mociones_informes_consulta
177,"temario, sent, habíar, arribar, habilitado",1,2001-01-01,177_radical_radicalismo_bancada_evolució...
180,"ilación, pierdo, concedo, ber, quie",2,2001-01-01,180_inconveniente_excusación_contrario_e...
181,"petmite, respetar, , , ",2,2001-01-01,181_petri_respetar_petmite_calma
182,"fonnular, balter, baglini, pregunta, realizar",2,2001-01-01,182_pregunta_realizar_preguntar_raro
183,"puesto, juramen, jura, evangelios, santos",10,2001-01-01,183_evangelios_santos_jura_dios
185,"infom1ante, lii, acep, resulta, agregado",1,2001-01-01,185_agregado_genera_resulta_gennaro
186,"pala, , , , ",15,2001-01-01,186_pala_tema_hase_interesado
187,"consulta, dicional, timiento, asen, simplemen",4,2001-01-01,187_consulta_consultar_asesoramiento_ase...
188,"vino, vitivinicultura, instituto, fusión, qjj",2,2001-01-01,188_azúcar_vino_fructosa_remolacha
-1,"2002, partido, electoral, político, diputados",3242,2002-01-01,-1_él_provincia_caso_año
0,"2002, banco, político, argentina, financiero",729,2002-01-01,0_argentino_argentina_país_gobierno
1,"presupuesto, gasto, pesos, 2002, millón",161,2002-01-01,1_presupuesto_gasto_ciento_millón
2,"grand, correa, rivas, saredi, olivero",42,2002-01-01,2_pastoriza_landau_abdala_silvestre
3,"debate, discusión, tema, acordar, avanzar",90,2002-01-01,3_debate_discusión_tema_debatir
4,"docente, incentivo, universidad, planilla, educación",53,2002-01-01,4_educación_universidad_docente_educativ...
5,"gas, combustible, gnc, gasoil, 2002",37,2002-01-01,5_energía_gas_combustible_combustibles
6,"penal, código, 2002, pena, delito",31,2002-01-01,6_penal_código_pena_delito
7,"arrojar, 178, 179, 181, 133",47,2002-01-01,7_afi_127_129_131
8,"impuesto, prórroga, ganancia, tributario, alícuota",61,2002-01-01,8_impuesto_ganancia_tributario_fiscal
9,"registrar, 217, 169, 134, 238",28,2002-01-01,9_registrar_afi_él_136
10,"referir, él, anotar, conceder, espejo",36,2002-01-01,10_haber_él_sr_referir
11,"2001, trabajo, zúñiga, trabajador, 23551",15,2002-01-01,11_trabajo_trabajador_empleador_laboral
12,"medicamento, genérico, farmacéutico, prescripción, marca",24,2002-01-01,12_salud_discapacidad_paciente_pública
13,"3617, reciproco, computo, tuerca, previsionales",8,2002-01-01,13_precio_dólares_italo_millón
14,"presiden, president, acordar, agotar, bue",90,2002-01-01,14_presiden_president_bue_sugerir
15,"estanislao, pacientemen, allende, doctor, fazio",6,2002-01-01,15_doctor_caride_hoz_ocupar
16,"resulta, pala, putado, ostropolsky, pemasetti",37,2002-01-01,16_resulta_pala_afi_sin
17,"vacían, viaje, patrón, dorado, ruta",5,2002-01-01,17_ferroviario_ruta_ferrocarril_transpor...
18,"pensión, 01, beneficio, regímén, 24733",58,2002-01-01,18_pensión_previsional_jubilado_jubilaci...
19,"fracasada, historico, quédese, propues, plantearer",8,2002-01-01,19_jurar_jura_someter_sr
20,"manifestación, manifestaciones, bravo, escucharíar, retíresar",18,2002-01-01,20_manifestaciones_manifestación_barra_l...
21,"36ª, diputados, 38ª, 29ª, 21ª",58,2002-01-01,21_diputados_5282_pala_pág
22,"ministrativa, requiero, cuer, alcan, fmanciero",2,2002-01-01,22_militar_fuerza_defensa_soldati
23,"colapso, sábán, político, saqueo, encuesta",20,2002-01-01,23_político_democracia_partido_debate
24,"legislador, asco, quórum, roggero, vinculante",51,2002-01-01,24_legislador_congreso_legislativo_parla...
25,"sr, concedo, petmiso, diputadp, polino",12,2002-01-01,25_sr_pala_concedo_álvaro
26,"vicepresidente, britos, oraldo, vicepresidencia, nominación",28,2002-01-01,26_vicepresidente_vicepresidencia_ocupar...
27,"paleontológico, arqueológico, 2002, subrogancia, competente",14,2002-01-01,27_educación_escuela_monumento_aconsejar
28,"2002, 2001, constar, 189, 847",26,2002-01-01,28_2007_2010_2006_07
29,"1851, 1872, lee, retirar, incluir",3,2002-01-01,29_1984_1985_diputados_véanse
30,"4101, agropecuario, nutricional, 10, exportador",21,2002-01-01,30_agropecuario_ganadería_productor_agri...
31,"deudor, crédito, cer, hipotecario, banco",63,2002-01-01,31_deudor_deuda_hipotecario_crédito
32,"rapetti, inés, cappelleri, evangelios, impugnacion",4,2002-01-01,32_evangelios_santos_dios_jurar
33,"justicialista, azul, magistrados, blanco, enjuiciamiento",39,2002-01-01,33_justicialista_juez_justicia_bancada
34,"prescindent, identidad, anoche, amenazado, gratuidad",2,2002-01-01,34_matrimonio_divorcio_cónyuge_hijo
35,"cine, artes, audiovisuales, fútbol, directtv",16,2002-01-01,35_teatral_radio_televisión_audiovisual
36,"memoria, rendido, pronunciado, rendir, duarte",15,2002-01-01,36_memoria_rendido_homenajes_rendir
37,"itc, atómica, gasoil, energía, petrolero",16,2002-01-01,37_nuclear_energía_energético_gas
38,"cívica, radical, unión, 6644, nominación",18,2002-01-01,38_cívica_radical_unión_nombre
39,"votar, vota, votado, urtubey, votaríir",24,2002-01-01,39_votar_voté_votado_vota
40,"ario, espacho, roggero, ferirme, ajústese",14,2002-01-01,40_leito_aparicio_alderete_leavy
41,"radarización, aérea, regiones, aeropuerto, aeropuertos",11,2002-01-01,41_aéreo_aerolíneas_argentinas_aeronave
42,"disculpa, perdón, disculpe, perdóneme, agreda",16,2002-01-01,42_disculpe_disculpa_perdón_discúlpeme
43,"ministros, gabinete, jefe, 202, responder",8,2002-01-01,43_ministros_gabinete_jefe_ministro
44,"respetar, respeto, 2726, merecer, terar",11,2002-01-01,44_respeto_respetar_respetuoso_señores
45,"escuchar, oradora, escuchen, continúir, rogar",22,2002-01-01,45_escuchar_oradora_escuchaber_escuchen
46,"momento, plazo, converti, gus, pítulo",16,2002-01-01,46_momento_plazo_quórum_oportuno
47,"castro, rivas, basar, , ",4,2002-01-01,47_agost_carreño_2º_xii
49,"malformación, harina, modifica2404, anencefalia, bífida",1,2002-01-01,49_aborto_mujer_embarazo_salud
50,"decreto, derogación, 01, 588, tazzioli",13,2002-01-01,50_decreto_648_alidez_derogar
51,"tenden, ligereza, valoni, femández, machista",3,2002-01-01,51_mujer_violencia_01_género
52,"ley, aviso, definitivamente, iniciadoro, siderurgico",10,2002-01-01,52_ley_aviso_roja_definitivamente
53,"secretario, anunciar, trata, retraso, semana",5,2002-01-01,53_secretario_jefe_gabinete_secretaria
54,"testacer, micrófono, desactivir, cantado, fonna",3,2002-01-01,54_micrófono_audio_sonido_receptor
55,"copia, redacción, insistir, distribuirer, comi",18,2002-01-01,55_redacción_autor_copia_citación
56,"sideración, tinto, concluyo, con, pital",7,2002-01-01,56_continúir_finalizar_proseguir_continú...
57,"provincial, coparticipación, salvación, salto, municipal",12,2002-01-01,57_provincia_provincial_jurisdicción_int...
58,"carrió, acla, ración, ejemplar, correa",9,2002-01-01,58_registrado_sarghini_carrió_grosso
59,"onzález, monasterio, taquígrafos, horacio, director",9,2002-01-01,59_taquígrafos_director_cuerpo_monasteri...
60,"lamisovsky, epitafio, atendí, jaroslavsky, entendi",6,2002-01-01,60_jaroslavsky_sr_manzano_proposición
61,"renuncia, acepta, presentado, trito, electoral",14,2002-01-01,61_renuncia_presentado_peticiones_renunc...
62,"risas, echele, efectuarl, acláreselo, sonrient",7,2002-01-01,62_risas_humor_risa_reír
63,"chilecito, universidad, junín, urgencia, educación",9,2002-01-01,63_educación_educativo_universidad_docen...
64,"viesa, 5972, atrar, situacion, incorpore",8,2002-01-01,64_provincia_provincias_jura_requerírsel...
65,"2002, prescindir, enunciación, 129, giro",20,2002-01-01,65_boletín_prescindir_enunciación_resuel...
66,"acordar, repartir, salvar, inconveniente, sacar",8,2002-01-01,66_yasky_espert_acordar_allende
67,"rugir, , , , ",5,2002-01-01,67_massot_mayoraz_rugir_vallone
68,"24959, desastre, 549, declaracion, cosecha",2,2002-01-01,68_desastre_zona_emergencia_agropecuario
69,"rátb, couret, nty, m0dificación, lapalabta",3,2002-01-01,69_de_la_que_el
70,"fumar, plant, cente, mular, beer",2,2002-01-01,70_tabaco_cigarrillo_tabacalero_fumar
72,"del7, trece, 9r, conven, ñora",5,2002-01-01,72_6º_7º_1º_8º
73,"bue, considera, seiíor, , ",7,2002-01-01,73_casas_bue_considera_figueroa
74,"turístico, turismo, accavallo, turisticos, pueblo",1,2002-01-01,74_turismo_turístico_viaje_actividad
75,"inte, , , , ",13,2002-01-01,75_inte_ocaña_conferencia_abierto
76,"compartir, restar, sejas, loutaif, solmoirago",5,2002-01-01,76_compartir_pala_natalia_morán
77,"pala, concedar, ceder, , ",7,2002-01-01,77_giacomo_stolbizer_nalizar_pala
78,"reconsiderar, reconsideración, proceder, libro, concedar",8,2002-01-01,78_reconsideración_reconsiderar_formulo_...
79,"considera, pala, , , ",12,2002-01-01,79_considera_schlotthauer_nieri_pala
80,"forestal, 25080, hectárea, forestar, incentivo",5,2002-01-01,80_bosque_nativo_ambiental_forestal
82,"treinta, consideffieion, doba, permanecer, redondeo",13,2002-01-01,82_treinta_veinte_segundo_quince
84,"pala, , , , ",4,2002-01-01,84_yacobitti_verasay_pala_gollán
86,"entonar, estrofa, himno, jornada, argentino",2,2002-01-01,86_estrofa_entonar_himno_orquesta
87,"pala, , , , ",5,2002-01-01,87_chubut_pala_sidencia_monti
89,"recordar, recordándola, sertar, santia, escuchen",14,2002-01-01,89_recordar_italo_nalizado_olvidar
90,"pensár, modificacion, modificar, modificado, or",8,2002-01-01,90_cambio_juntos_cambiar_interbloque
91,"áni, limítese, tema, inconcluso, comen",17,2002-01-01,91_tema_motivo_razón_lógica
92,"abierto, presencia, doña, electoral, sesion",13,2002-01-01,92_abierto_presencia_puestos_electoral
93,"levantar, mano, ario, identificar, quintela",8,2002-01-01,93_alzado_mano_levantar_afi
95,"negocios, servini, definitivo, conter, procesamiento",2,2002-01-01,95_banco_central_directorio_negociación
96,"pala, , , , ",10,2002-01-01,96_pala_lena_austin_tina
97,"dieta, goce, descuento, noventa, 391",8,2002-01-01,97_dieta_goce_homenajes_descuento
98,"vuelta, putado, , , ",3,2002-01-01,98_vuelta_garrido_giro_carasso
99,"electoral, junta, renuncia, alianza, escrutinio",11,2002-01-01,99_electoral_alianza_dni_candidato
102,"solicitud, tienelo, tar, nota, acep",4,2002-01-01,102_solicitud_peticiones_solicité_solici...
103,"agradecer, inclúyame, úl, explicación, tima",11,2002-01-01,103_agradecer_apreciación_agradecimiento...
104,"mañana, ciñir, dragan, próximo, ario",12,2002-01-01,104_mañana_ayer_acordar_desplacer
105,"ciencia, tecnología, actividad, inversión, pbi",3,2002-01-01,105_ciencia_tecnología_innovación_tecnol...
106,"alimentario, nutrición, nutricional, programa, encuesta",25,2002-01-01,106_alimentario_alimento_programa_alimen...
107,"firma, dueño, integrante, , ",3,2002-01-01,107_italo_compañía_empresa_firma
108,"renuncias, renunciar, renuncia, mandato, ",5,2002-01-01,108_cientemente_apoyado_sufi_juliano
109,"corte, judicial, suprema, juez, juicio",18,2002-01-01,109_corte_juez_patti_judicial
110,"cuerpo, omitir, entendido, alchouron, lograr",4,2002-01-01,110_cuerpo_renumeración_corpacci_faculta...
111,"considera, resulta, , , ",5,2002-01-01,111_considera_resulta_koning_brouwer
112,"resulta, , , , ",11,2002-01-01,112_resulta_gorleri_morales_gorila
113,"2002, diputados, enero, abril, octubre",62,2002-01-01,113_2002_diputados_2001_noviembre
114,"presijencia, portucu, formulárir, sigilo, tonelada",2,2002-01-01,114_pesca_pesquero_mar_buque
115,"ministros, gabinete, jefe, , ",1,2002-01-01,115_ministros_gabinete_jefe_sota
116,"resolución, mocionde, termino, sancio, ordenymocion",14,2002-01-01,116_resolución_disidencias_aciones_obser...
117,"suficientemente, apoyado, apoyar, suficiente, lafalla",5,2002-01-01,117_suficientemente_apoyado_apoyar_consi...
118,"auditoría, 4709845, suma, 1000000, dispónese",3,2002-01-01,118_auditoría_auditor_forlón_designado
119,"comienzo, inicio, advertí, ronda, agotado",7,2002-01-01,119_comenzar_individual_comienzo_empezar
120,"embajada, atentado, israel, levene, bisordi",8,2002-01-01,120_the_israel_palestino_convention
122,"elimi, tre, nen, considera, en",3,2002-01-01,122_3º_5º_polini_1º
123,"aftosa, fiebre, erradicación, tofízar, desfinanciada",1,2002-01-01,123_vacuna_vacunación_covid_salud
124,"leído, ñora, leo, fayad, inte",3,2002-01-01,124_leído_leer_afi_leeré
126,"sitial, filmen, chiste, jerárquico, señores",2,2002-01-01,126_periodista_periodístico_prensa_perio...
127,"acevedo, diputa, , , ",2,2002-01-01,127_arroyo_valdés_acevedo_polledo
128,"claque, estrella, nuevamente, volver, esperar",3,2002-01-01,128_volver_nuevamente_otorgué_afi
129,"disciplinamiento, declinar, noham, aten1, 6173",2,2002-01-01,129_terrorismo_terrorista_humanos_derech...
130,"doscientos, 99, vivienda, estarir, ocupación",1,2002-01-01,130_vivienda_alquiler_vendedor_locación
131,"semana, próximo, sesionir, mociono, expeditivo",12,2002-01-01,131_miércoles_jueves_semana_viernes
132,"nombre, acota, resulta, hicie, computir",10,2002-01-01,132_nombre_apellido_pila_corrección
133,"renegociado, greso, negoció, renegocie, ratificar",1,2002-01-01,133_negociación_negociador_negociar_nego...
138,"debate, , , , ",2,2002-01-01,138_lombardi_vidal_debate_vivero
140,"corrupto, minicorrupción, posteó, habler, fraudulento",1,2002-01-01,140_localidad_telefónico_comunicaciones_...
141,"interrup, interrumpir, sidencia, permik, venia",9,2002-01-01,141_interrumpir_interrup_dencia_presi
142,"pala, , , , ",3,2002-01-01,142_ginocchio_benegas_pala_lynch
143,"currito, testar, tienir, vara, mi",4,2002-01-01,143_indicar_tienir_yo_pala
145,"medicamento, genérico, salud, neri, dispersión",5,2002-01-01,145_salud_medicina_médico_medicamento
146,"plantee, aclare, vitar, abocado, consensuar",3,2002-01-01,146_flores_plantee_riutort_planteo
147,"viadas, informacion, menores, creacion, íntegro",3,2002-01-01,147_conocimiento_información_tomar_conoc...
148,"caso, trata, becerra, intransigente, genérico",8,2002-01-01,148_caso_suponer_demandar_separado
149,"referir, quintela, él, , ",3,2002-01-01,149_referir_él_refer_déjeme
150,"acceder, , , , ",8,2002-01-01,150_laspina_acceder_afi_lasbanca
151,"someter, definitivo, sostener, , ",3,2002-01-01,151_autenticacer_archivar_formular_diari...
152,"dígame, oportunidad, zamora, exactamente, correcto",3,2002-01-01,152_oportunidad_solicité_ocasión_aprovec...
153,"constitución, mecánico, prescribir, debido, sugerir",5,2002-01-01,153_constitución_jura_requerírsele_esqui...
154,"apoyar, conca, apoyo, garré, efectuar",6,2002-01-01,154_apoyo_apoyar_apoyamos_adelantar
155,"digital, identificado, identificar, ario, 4544",9,2002-01-01,155_sistema_electrónicamente_funcionar_l...
156,"iniciativa, pami, trataríar, floreciente, próximo",12,2002-01-01,156_iniciativa_ambos_resulta_brevedad
157,"eliminación, suprimir, 86la, glón, eliminado",19,2002-01-01,157_eliminación_suprimir_eliminado_elimi...
159,"reconsideración, , , , ",3,2002-01-01,159_reconsideración_reconsideracion_reco...
162,"pronunciamiento, pronuncie, alessandro, polino, asen",11,2002-01-01,162_pronunciamiento_pronuncie_acento_éli...
163,"inea, agregado, alto, exportación, exportaciones",4,2002-01-01,163_exportación_importación_mercadería_c...
164,"condenar, madre, bono, entregar, padre",1,2002-01-01,164_economía_ministro_ministerio_italo
165,"doctor, juicio, suprema, 835, connor",9,2002-01-01,165_juicio_juez_doctor_actuación
169,"próximo, seguidamente, siguiente, despa, someter",8,2002-01-01,169_próximo_listado_seguir_afi
170,"pala, , , , ",7,2002-01-01,170_pala_afi__
172,"referencia, zuccardi, va, resulta, rio",4,2002-01-01,172_referencia_coautor_referencien_lengu...
173,"escuchar, contestar, , , ",5,2002-01-01,173_escuchar_garay_reitero_escúchenme
175,"provisional, elegir, disposición, , ",1,2002-01-01,175_pedidos_mociones_informes_consulta
176,"quietudes, doza, miem, bro, responder",4,2002-01-01,176_pregunta_preguntar_contestar_respond...
177,"lemas, saá, avalar, radicalismo, designación",2,2002-01-01,177_radical_radicalismo_bancada_evolució...
178,"sugerencia, acepto, sugerir, opinar, alternativo",5,2002-01-01,178_sugerencia_sugerir_sugerido_acepto
180,"expresar, stolbizer, rápidamente, desdoblamiento, mencionir",5,2002-01-01,180_inconveniente_excusación_contrario_e...
181,"respetar, , , , ",5,2002-01-01,181_petri_respetar_petmite_calma
182,"pregunta, realizar, , , ",2,2002-01-01,182_pregunta_realizar_preguntar_raro
183,"gladi, lofrano, doña, inés, renun1",3,2002-01-01,183_evangelios_santos_jura_dios
184,"audiencia, público, , , ",1,2002-01-01,184_audiencia_guardar_público_requerírse...
185,"agregado, alchouron, resulta, agregar, ",3,2002-01-01,185_agregado_genera_resulta_gennaro
186,"pala, tema, , , ",7,2002-01-01,186_pala_tema_hase_interesado
187,"perti, nente, consecuen, consulta, ",1,2002-01-01,187_consulta_consultar_asesoramiento_ase...
189,"taquigráfico, versión, tráigame, introdujser, buscarer",5,2002-01-01,189_versión_taquigráfico_taquigráfi_taqu...
-1,"de, 2003, con, pro, re",1977,2003-01-01,-1_él_provincia_caso_año
0,"banco, de, con, 2003, software",226,2003-01-01,0_argentino_argentina_país_gobierno
1,"presupuesto, que, fondo, pre, presu",62,2003-01-01,1_presupuesto_gasto_ciento_millón
2,"votan, martinez, martfnez, putado, correa",44,2003-01-01,2_pastoriza_landau_abdala_silvestre
3,"debate, que, discusión, es, la",28,2003-01-01,3_debate_discusión_tema_debatir
4,"docente, educación, junín, universidad, 2003",24,2003-01-01,4_educación_universidad_docente_educativ...
5,"arcal, nafta, combustible, gasoil, alícuota",26,2003-01-01,5_energía_gas_combustible_combustibles
6,"delito, penal, pena, código, bis",73,2003-01-01,6_penal_código_pena_delito
7,"150, y79, 3387, 2893, resulta",10,2003-01-01,7_afi_127_129_131
8,"impuesto, suma, 2004, equivalente, contribuyente",28,2003-01-01,8_impuesto_ganancia_tributario_fiscal
9,"mativo, registrs, afrr, 1510, dían",3,2003-01-01,9_registrar_afi_él_136
10,"palagar, cotiúsión, hosti, acepto, esfuer",5,2003-01-01,10_haber_él_sr_referir
11,"corrido, parto, gozar, adopción, preparto",12,2003-01-01,11_trabajo_trabajador_empleador_laboral
12,"prótesis, sucursal, afiliado, prestacional, prestador",9,2003-01-01,12_salud_discapacidad_paciente_pública
13,"carbrar, y2002, compensaciony, diputaw, inciso2",4,2003-01-01,13_precio_dólares_italo_millón
14,"presiden, bue, sefior, advertir, president",159,2003-01-01,14_presiden_president_bue_sugerir
15,"evasión, volonté, severo, berro, estaría",2,2003-01-01,15_doctor_caride_hoz_ocupar
16,"resulta, pala, considera, fonnulado, el",48,2003-01-01,16_resulta_pala_afi_sin
17,"2003, 2002, zulema, scozzina, daher",8,2003-01-01,17_ferroviario_ruta_ferrocarril_transpor...
18,"pensión, contributiva, graciabl, 582, párrafo",12,2003-01-01,18_pensión_previsional_jubilado_jubilaci...
19,"or, sefior, puesto, resulta, juramen",25,2003-01-01,19_jurar_jura_someter_sr
20,"osear, presi, prolonga, camafío, rizada",2,2003-01-01,20_manifestaciones_manifestación_barra_l...
21,"considera, diputados, seflor, resulta, j7",18,2003-01-01,21_diputados_5282_pala_pág
22,"tropa, fuerza, armado, zas, fuer",13,2003-01-01,22_militar_fuerza_defensa_soldati
23,"pami, cram, acervo, alfredo, down",13,2003-01-01,23_político_democracia_partido_debate
24,"legislador, mandato, sefior, dipusu, nutio",20,2003-01-01,24_legislador_congreso_legislativo_parla...
25,"sr, camañ, resulta, pala, pido",15,2003-01-01,25_sr_pala_concedo_álvaro
26,"vicepresidente, vicepresidencia, señ, consecuen, or",18,2003-01-01,26_vicepresidente_vicepresidencia_ocupar...
27,"2003, contratante, de, metro, cultural",13,2003-01-01,27_educación_escuela_monumento_aconsejar
28,"2003, ooo, 101, 504, sumadepesosoncemillones",13,2003-01-01,28_2007_2010_2006_07
29,"747, pala, 2003, mayo, diputados",1,2003-01-01,29_1984_1985_diputados_véanse
30,"silo, propietario, común, copropiedad, pietario",9,2003-01-01,30_agropecuario_ganadería_productor_agri...
31,"deudor, hipotecario, acreedor, mutuo, mora",18,2003-01-01,31_deudor_deuda_hipotecario_crédito
32,"juramen, puesto, evangelios, querido, santos",51,2003-01-01,32_evangelios_santos_dios_jurar
33,"conflicpor, cantaño, pri, 5507, justicialista",15,2003-01-01,33_justicialista_juez_justicia_bancada
34,"paternidad, hijo, marido, padre, 259",5,2003-01-01,34_matrimonio_divorcio_cónyuge_hijo
35,"película, grabación, emisora, soporte, exhibir",6,2003-01-01,35_teatral_radio_televisión_audiovisual
36,"pensión, vejez, neri, memoria, baja",8,2003-01-01,36_memoria_rendido_homenajes_rendir
37,"combustible, petróleo, precio, nafta, porcentual",10,2003-01-01,37_nuclear_energía_energético_gas
38,"señ, cívica, unión, radical, or",16,2003-01-01,38_cívica_radical_unión_nombre
39,"vota, votado, negati, voté, se",22,2003-01-01,39_votar_voté_votado_vota
40,"ínte, pbr, reite, solícito, especifi",5,2003-01-01,40_leito_aparicio_alderete_leavy
41,"aerolínea, contratante, designado, partes, aeronave",7,2003-01-01,41_aéreo_aerolíneas_argentinas_aeronave
42,"perdón, disculpa, 11icité, dipucargo, estuvieron",6,2003-01-01,42_disculpe_disculpa_perdón_discúlpeme
43,"buetunidad, procéder, consideras, constitudón, trav",2,2003-01-01,43_ministros_gabinete_jefe_ministro
44,"bravo, gozarar, raso, preocuper, ñores",4,2003-01-01,44_respeto_respetar_respetuoso_señores
45,"seiiora, lencio, doro, mite, ora",3,2003-01-01,45_escuchar_oradora_escuchaber_escuchen
46,"lecfivo, tcionado, ículo, vario, sefi",6,2003-01-01,46_momento_plazo_quórum_oportuno
47,"conside, xiii, ración, tículo, ar",1,2003-01-01,47_agost_carreño_2º_xii
49,"parto, guarda, adopción, 177, nacimiento",2,2003-01-01,49_aborto_mujer_embarazo_salud
50,"del28, extension, decreto, 2002, 247103",6,2003-01-01,50_decreto_648_alidez_derogar
51,"mujer, positivo, cupo, cantón, desigualdad",7,2003-01-01,51_mujer_violencia_01_género
52,"roja, emblema, luna, media, ley",25,2003-01-01,52_ley_aviso_roja_definitivamente
53,"elprocedimiento, preparatodo, secretario, presiden, up",5,2003-01-01,53_secretario_jefe_gabinete_secretaria
54,"litaci6n, habí, iputado, iden, pres",1,2003-01-01,54_micrófono_audio_sonido_receptor
55,"sefior, diputed, gunte, palaficaciones, cámaniente",8,2003-01-01,55_redacción_autor_copia_citación
56,"continuar, iniciati, sideración, pital, proseguir",3,2003-01-01,56_continúir_finalizar_proseguir_continú...
57,"efectivizar, vincia, pro, miércól, afirmativamet",3,2003-01-01,57_provincia_provincial_jurisdicción_int...
59,"cong, tazzioli, monasterio, taquígrafos, mut1",9,2003-01-01,59_taquígrafos_director_cuerpo_monasteri...
61,"renuncia, resulta, presentado, considera, schiaretti",9,2003-01-01,61_renuncia_presentado_peticiones_renunc...
62,"risas, iista, gusto, sefiora, tergar",7,2003-01-01,62_risas_humor_risa_reír
64,"seftora, recorrimos, camañ, storero, presiden",2,2003-01-01,64_provincia_provincias_jura_requerírsel...
65,"3102, giro, bole, enun, tín",10,2003-01-01,65_boletín_prescindir_enunciación_resuel...
68,"2003, 25735, señ, desastre, zona",6,2003-01-01,68_desastre_zona_emergencia_agropecuario
69,"de, la, que, el, 2003",124,2003-01-01,69_de_la_que_el
70,"señ, or, tabacalero, contrabando, incre",5,2003-01-01,70_tabaco_cigarrillo_tabacalero_fumar
72,"décimo, vuelta, hacer, lugar, apoyar",1,2003-01-01,72_6º_7º_1º_8º
73,"bue, considera, considerl, suficie, lción",21,2003-01-01,73_casas_bue_considera_figueroa
74,"rural, turismo, establecimiento, turista, gastronómico",3,2003-01-01,74_turismo_turístico_viaje_actividad
75,"inte, , , , ",11,2003-01-01,75_inte_ocaña_conferencia_abierto
76,"br, pala, loutaif, huillier, compartir",2,2003-01-01,76_compartir_pala_natalia_morán
77,"pala, resulta, stolbizer, , ",9,2003-01-01,77_giacomo_stolbizer_nalizar_pala
78,"reconsiderar, reconsideración, lavo, resulta, tratamien",4,2003-01-01,78_reconsideración_reconsiderar_formulo_...
79,"considera, pala, , , ",26,2003-01-01,79_considera_schlotthauer_nieri_pala
81,"3955, donación, heredero, acción, donatario",1,2003-01-01,81_civil_código_sustitución_padre
82,"24y, a20, dondee, fior, minutos",5,2003-01-01,82_treinta_veinte_segundo_quince
83,"abs, 1vea, aplau, camañ, tención",1,2003-01-01,83_vea_pág_otación_él
84,"pala, , , , ",7,2003-01-01,84_yacobitti_verasay_pala_gollán
85,"abs, mativo, afir, tención, 144",1,2003-01-01,85_abstenciones_abstención_afi_131
87,"pala, , , , ",14,2003-01-01,87_chubut_pala_sidencia_monti
88,"desprolijidad, mentar4l, formaiconjunta, lgpila, erradicacionde",3,2003-01-01,88_deportivo_antidopaje_deporte_fútbol
89,"olviden, habla, olvidé, vención, inter",4,2003-01-01,89_recordar_italo_nalizado_olvidar
90,"modifica, cambio, introducido, reflexión, original",2,2003-01-01,90_cambio_juntos_cambiar_interbloque
91,"ñora, legislado, bue, por, res",2,2003-01-01,91_tema_motivo_razón_lógica
92,"nieva, electo, alejandro, sesion, puesto",1,2003-01-01,92_abierto_presencia_puestos_electoral
93,"pital, alzado, sugie, ca, mano",2,2003-01-01,93_alzado_mano_levantar_afi
95,"acompafte, reactivadot, dear, redon, cía",1,2003-01-01,95_banco_central_directorio_negociación
96,"pala, , , , ",28,2003-01-01,96_pala_lena_austin_tina
97,"alesandri, correspon, diente, dieta, goce",1,2003-01-01,97_dieta_goce_homenajes_descuento
98,"fommlado, vuelta, lugar, , ",2,2003-01-01,98_vuelta_garrido_giro_carasso
99,"electoral, alianza, 2003, secretario, junta",8,2003-01-01,99_electoral_alianza_dni_candidato
101,"23492, insanablemente, clarir, nulo, 23521",3,2003-01-01,101_negativa_cero_negativos_nulo
102,"solicitud, camaiio, extraordinarias, acor, solicitadas",4,2003-01-01,102_solicitud_peticiones_solicité_solici...
103,"agradecer, haberme, canzaer, com129, reproduci",7,2003-01-01,103_agradecer_apreciación_agradecimiento...
104,"plalrt, olvídese, anículo, cutido, hasta",4,2003-01-01,104_mañana_ayer_acordar_desplacer
105,"incremenpor, sefe, autiene, a48, innopuestas",1,2003-01-01,105_ciencia_tecnología_innovación_tecnol...
109,"magistratura, corte, juez, acusación, juicio",8,2003-01-01,109_corte_juez_patti_judicial
110,"mueír, palaseñalo, cuerpo, conoci, pactado",4,2003-01-01,110_cuerpo_renumeración_corpacci_faculta...
111,"considera, resulta, , , ",30,2003-01-01,111_considera_resulta_koning_brouwer
112,"resulta, considera, recha, vo, zar",26,2003-01-01,112_resulta_gorleri_morales_gorila
113,"2003, diputados, 7209, 5913, noviembre",16,2003-01-01,113_2002_diputados_2001_noviembre
114,"cofepeco, pesca, cuenca, regional, pesquero",5,2003-01-01,114_pesca_pesquero_mar_buque
116,"apmebir, presidencia, aclaracion, resolu, resolutivo",3,2003-01-01,116_resolución_disidencias_aciones_obser...
117,"apoyado, suficientemente, resulta, suficien, minal",2,2003-01-01,117_suficientemente_apoyado_apoyar_consi...
120,"argen5694, rídicas, juen, nos, tina",1,2003-01-01,120_the_israel_palestino_convention
122,"ell3, pala, sr, , ",1,2003-01-01,122_3º_5º_polini_1º
124,"alberte, permítame, leer, ñor, se",1,2003-01-01,124_leído_leer_afi_leeré
126,"el25, elec, duhalde, presiden, prensa",1,2003-01-01,126_periodista_periodístico_prensa_perio...
128,"nuevamente, señ, considera, or, resulta",2,2003-01-01,128_volver_nuevamente_otorgué_afi
129,"delito, extradición, convenio, enunciado, bombas",4,2003-01-01,129_terrorismo_terrorista_humanos_derech...
130,"susp, integranno, arjas, teneno, vivienda",2,2003-01-01,130_vivienda_alquiler_vendedor_locación
131,"saménte, etcompromiso, suado, consen, preci",2,2003-01-01,131_miércoles_jueves_semana_viernes
132,"unida, opo, minación, izquierda, llegado",3,2003-01-01,132_nombre_apellido_pila_corrección
133,"plantea, panel, itas, sie, negocia",1,2003-01-01,133_negociación_negociador_negociar_nego...
136,"cerdán, doña, licencias, fielmente, evangelios",1,2003-01-01,136_doña_himno_electoral_abierto
137,"tear, plan, , , ",1,2003-01-01,137_sírvar_resu_rizzotti_ta
141,"interrup, ooú, pem1i, dencia, presi",3,2003-01-01,141_interrumpir_interrup_dencia_presi
142,"pala, , , , ",6,2003-01-01,142_ginocchio_benegas_pala_lynch
143,"tienir, pala, palasupuesto, nocemo, ujuy",9,2003-01-01,143_indicar_tienir_yo_pala
145,"pami, pensionado, jubilado, sionado, jubilados",2,2003-01-01,145_salud_medicina_médico_medicamento
146,"seflor, sefloro, juramen, auso, canza",9,2003-01-01,146_flores_plantee_riutort_planteo
148,"figurir, ñor, yecto, se, pro",1,2003-01-01,148_caso_suponer_demandar_separado
151,"bado, autenticacer, pital, apro, archivar",1,2003-01-01,151_autenticacer_archivar_formular_diari...
152,"brindada, explicación, pro, oportunidad, razón",1,2003-01-01,152_oportunidad_solicité_ocasión_aprovec...
153,"zattaroni, se, 5016, fiores, pregúntele",4,2003-01-01,153_constitución_jura_requerírsele_esqui...
154,"simplemen, quie, apoyo, adelantar, ",2,2003-01-01,154_apoyo_apoyar_apoyamos_adelantar
156,"iniciativa, palacial, aclaductor, importantes, inser",7,2003-01-01,156_iniciativa_ambos_resulta_brevedad
157,"acuer, artícu, eliminación, definitiva, eliminar",2,2003-01-01,157_eliminación_suprimir_eliminado_elimi...
159,"reconsideración, , , , ",1,2003-01-01,159_reconsideración_reconsideracion_reco...
162,"pronunc, xlv, amiento, , ",1,2003-01-01,162_pronunciamiento_pronuncie_acento_éli...
163,"padónde, sue, labra, exportar, estadística",1,2003-01-01,163_exportación_importación_mercadería_c...
169,"prin1ertérmino, listado, resulta, próximo, ",1,2003-01-01,169_próximo_listado_seguir_afi
170,"pala, , , , ",8,2003-01-01,170_pala_afi__
171,"xiv, resulta, , , ",1,2003-01-01,171_ficación_afi_xiv_xix
172,"resulta, referencia, , , ",1,2003-01-01,172_referencia_coautor_referencien_lengu...
173,"escuchar, , , , ",1,2003-01-01,173_escuchar_garay_reitero_escúchenme
175,"cánlara, taria, reglamen, sidente, bue",1,2003-01-01,175_pedidos_mociones_informes_consulta
176,"sidente, cuestionar, pre, , ",1,2003-01-01,176_pregunta_preguntar_contestar_respond...
177,"tlnión, mmta, cuai, vico, cí",4,2003-01-01,177_radical_radicalismo_bancada_evolució...
178,"sugerir, , , , ",1,2003-01-01,178_sugerencia_sugerir_sugerido_acepto
180,"apropiadamente, tea, capi, acla, corrar",3,2003-01-01,180_inconveniente_excusación_contrario_e...
183,"moray, héctorluis, jura, pür, rrient",1,2003-01-01,183_evangelios_santos_jura_dios
186,"pala, , , , ",7,2003-01-01,186_pala_tema_hase_interesado
187,"sefior, consulta, suponer, , ",1,2003-01-01,187_consulta_consultar_asesoramiento_ase...
188,"registradobajoelnúmero25, figuran, 25715, arancel, azúcar",2,2003-01-01,188_azúcar_vino_fructosa_remolacha
189,"i7, amiento, gistrado, deta, versión",2,2003-01-01,189_versión_taquigráfico_taquigráfi_taqu...
-1,"2004, pro, de, con, re",3370,2004-01-01,-1_él_provincia_caso_año
0,"de, 2004, con, perón, re",431,2004-01-01,0_argentino_argentina_país_gobierno
1,"gasto, presupuesto, fiscal, 2004, con",71,2004-01-01,1_presupuesto_gasto_ciento_millón
2,"votan, putado, di, sartori, ceceo",111,2004-01-01,2_pastoriza_landau_abdala_silvestre
3,"debate, con, se, discusión, discu",53,2004-01-01,3_debate_discusión_tema_debatir
4,"docente, incentivo, educación, educativo, 2004",40,2004-01-01,4_educación_universidad_docente_educativ...
5,"gas, 2004, glp, licuado, propano",92,2004-01-01,5_energía_gas_combustible_combustibles
6,"pena, penal, prisión, código, delito",98,2004-01-01,6_penal_código_pena_delito
7,"registra, a43, 127, óuna, 19a27",21,2004-01-01,7_afi_127_129_131
8,"impuesto, iva, prórroga, mula, 2004",27,2004-01-01,8_impuesto_ganancia_tributario_fiscal
9,"registrar, seño, conforme, egatl, 184",9,2004-01-01,9_registrar_afi_él_136
10,"vo, dipu, üsiera, artículos2, cajuaño",18,2004-01-01,10_haber_él_sr_referir
11,"trabajo, trabajador, colectivo, empleador, laboral",44,2004-01-01,11_trabajo_trabajador_empleador_laboral
12,"martí, salud, leyba, beatriz, 2004",15,2004-01-01,12_salud_discapacidad_paciente_pública
13,"millo, cionado, palacer, unañ, inicialqiente",11,2004-01-01,13_precio_dólares_italo_millón
14,"presiden, varios, dear, redon, johnson",192,2004-01-01,14_presiden_president_bue_sugerir
15,"conjucz, bcliz, esident, nara, segmidad",3,2004-01-01,15_doctor_caride_hoz_ocupar
16,"pala, resulta, sin, el, seüoro",79,2004-01-01,16_resulta_pala_afi_sin
17,"24449, transporte, tránsito, circulación, bicicleta",14,2004-01-01,17_ferroviario_ruta_ferrocarril_transpor...
18,"23891, edad, olímpico, paralímpico, beneficio",9,2004-01-01,18_pensión_previsional_jubilado_jubilaci...
19,"cionado, san, correctamenwiesta, prpvíncia, gonzátez",20,2004-01-01,19_jurar_jura_someter_sr
20,"quecir, festaciones, qos, scfíor, dur",5,2004-01-01,20_manifestaciones_manifestación_barra_l...
21,"diputados, pala, considera, 2416, parla",45,2004-01-01,21_diputados_5282_pala_pág
22,"inser, 25880, dictador, cióli, dran",1,2004-01-01,22_militar_fuerza_defensa_soldati
23,"cho, peronismo, político, debate, de",29,2004-01-01,23_político_democracia_partido_debate
24,"legislador, di, ñor, putado, lantear",22,2004-01-01,24_legislador_congreso_legislativo_parla...
25,"sr, pala, interrup, cama, dencia",38,2004-01-01,25_sr_pala_concedo_álvaro
26,"vicepresidente, arnold, encarnación, vicepresidencia, cambareri",41,2004-01-01,26_vicepresidente_vicepresidencia_ocupar...
27,"turismo, turístico, enológica, 2004, eva",16,2004-01-01,27_educación_escuela_monumento_aconsejar
28,"2004, resulta, 141, 2003, preferen",27,2004-01-01,28_2007_2010_2006_07
29,"858, izilr, 1plausos, insercio, 305d",6,2004-01-01,29_1984_1985_diputados_véanse
30,"camélido, 25380, coteca, cuota, hilton",15,2004-01-01,30_agropecuario_ganadería_productor_agri...
31,"25798, hipotecario, refinanciación, crédito, entidad",11,2004-01-01,31_deudor_deuda_hipotecario_crédito
32,"puesto, cappelleri, nuncien, cassese, asenti",5,2004-01-01,32_evangelios_santos_dios_jurar
33,"íor, seí, perjud, méntación, dejus",12,2004-01-01,33_justicialista_juez_justicia_bancada
34,"cóacordado, marcon, artícul6, poseeu, fanú1ia",4,2004-01-01,34_matrimonio_divorcio_cónyuge_hijo
35,"radiodifusión, cooperativa, braille, comfer, 22285",10,2004-01-01,35_teatral_radio_televisión_audiovisual
36,"memoria, homenajes, cortázar, gorini, guardar",12,2004-01-01,36_memoria_rendido_homenajes_rendir
37,"nuclear, australia, reactor, gas, radiactivo",39,2004-01-01,37_nuclear_energía_energético_gas
38,"cívica, unión, radical, radi, pro",15,2004-01-01,38_cívica_radical_unión_nombre
39,"votar, vota, vote, vario, votaríamo",32,2004-01-01,39_votar_voté_votado_vota
40,"ex, 1ala, oolarpala, riifestar, tuegar",17,2004-01-01,40_leito_aparicio_alderete_leavy
41,"panamá, aeronave, aeronaves, residente, transporte",8,2004-01-01,41_aéreo_aerolíneas_argentinas_aeronave
42,"discúlpeme, disculpa, disculpe, ñor, se",15,2004-01-01,42_disculpe_disculpa_perdón_discúlpeme
43,"ministro, jefe, ministros, gabinete, direccionar",10,2004-01-01,43_ministros_gabinete_jefe_ministro
44,"vajuos, retire, seguiríar, alter, propues",3,2004-01-01,44_respeto_respetar_respetuoso_señores
45,"escuchar, aguantemos, arroganne, pem1itc, samletito",10,2004-01-01,45_escuchar_oradora_escuchaber_escuchen
46,"periodo, sentímos, visuahzar, mólesta, prommciacer",4,2004-01-01,46_momento_plazo_quórum_oportuno
47,"2apital, castro, , , ",2,2004-01-01,47_agost_carreño_2º_xii
49,"edad, 241, 24, jubilatorio, aporte",5,2004-01-01,49_aborto_mujer_embarazo_salud
50,"1377, asolici, confotme, iglesias, palabro",2,2004-01-01,50_decreto_648_alidez_derogar
51,"mujer, eva, malharro, machismo, perón",6,2004-01-01,51_mujer_violencia_01_género
52,"ley, sancio, nado, aviso, disidencias",22,2004-01-01,52_ley_aviso_roja_definitivamente
53,"secretaria, bor, jefe, llamada, parla",16,2004-01-01,53_secretario_jefe_gabinete_secretaria
54,"audio, micrófono, temüne, ner, ñor",9,2004-01-01,54_micrófono_audio_sonido_receptor
55,"soli, cursar, citación, incluido, redacción",9,2004-01-01,55_redacción_autor_copia_citación
56,"sideración, proseguir, con, maneciendo, dispotuar",12,2004-01-01,56_continúir_finalizar_proseguir_continú...
57,"intervención, republicano, santiagueño, institucional, provincia",14,2004-01-01,57_provincia_provincial_jurisdicción_int...
58,"registrado, , , , ",1,2004-01-01,58_registrado_sarghini_carrió_grosso
59,"taquígrafo, traiániiento, acasado, ordeh, affiiento",2,2004-01-01,59_taquígrafos_director_cuerpo_monasteri...
61,"renuncia, acep, falbo, 4264, 3114",7,2004-01-01,61_renuncia_presentado_peticiones_renunc...
62,"risas, isipn, furrwdo, inconvenient, porlacapital",14,2004-01-01,62_risas_humor_risa_reír
63,"docente, mafia, mafioso, incentivo, inseguridad",5,2004-01-01,63_educación_educativo_universidad_docen...
64,"provincias, infonne, ate, ñora, unidas",5,2004-01-01,64_provincia_provincias_jura_requerírsel...
65,"ciación, requie, enun, prescindir, ren",17,2004-01-01,65_boletín_prescindir_enunciación_resuel...
68,"desastre, afectado, zona, emergencia, sequía",9,2004-01-01,68_desastre_zona_emergencia_agropecuario
69,"2004, el, que, de, en",57,2004-01-01,69_de_la_que_el
70,"tabaco, fumar, fumador, cigarrillo, 25465",19,2004-01-01,70_tabaco_cigarrillo_tabacalero_fumar
71,"abs, tención, registra, abstencio, 155",3,2004-01-01,71_abstenciones_abstención_afi_195
72,"9ch, laptopuesta, misiopps, 11refercncia, pobp",2,2004-01-01,72_6º_7º_1º_8º
73,"bue, considera, paiabra, sefior, diputa",33,2004-01-01,73_casas_bue_considera_figueroa
74,"turismo, turístico, actividad, tu, turística",56,2004-01-01,74_turismo_turístico_viaje_actividad
75,"inte, origirial, , , ",29,2004-01-01,75_inte_ocaña_conferencia_abierto
76,"pala, compartir, saá, suárez, dlipu",11,2004-01-01,76_compartir_pala_natalia_morán
77,"pala, , , , ",19,2004-01-01,77_giacomo_stolbizer_nalizar_pala
78,"reconsideración, resulta, natale, consecuen, conú",14,2004-01-01,78_reconsideración_reconsiderar_formulo_...
79,"considera, pala, la, , ",77,2004-01-01,79_considera_schlotthauer_nieri_pala
80,"fauna, 22421, térmico, naturales, conservación",4,2004-01-01,80_bosque_nativo_ambiental_forestal
81,"civil, 393, 457, código, deróguense",8,2004-01-01,81_civil_código_sustitución_padre
82,"treinta, veinticinco, a40, permítameredondearencinco, pre3idente",13,2004-01-01,82_treinta_veinte_segundo_quince
83,"quicncs, lconclii, cósta, ttado, negativós",5,2004-01-01,83_vea_pág_otación_él
84,"pala, , , , ",26,2004-01-01,84_yacobitti_verasay_pala_gollán
85,"tención, abs, registra, abslítica, inejor",4,2004-01-01,85_abstenciones_abstención_afi_131
86,"estrofa, ento, himno, nan, puesto",2,2004-01-01,86_estrofa_entonar_himno_orquesta
87,"pala, , , , ",20,2004-01-01,87_chubut_pala_sidencia_monti
88,"pronosticar, psicólo, tecnifjcacion, tenninología, voleibol",2,2004-01-01,88_deportivo_antidopaje_deporte_fútbol
89,"oportuna, asentimiento, acuer, escribir, mente",2,2004-01-01,89_recordar_italo_nalizado_olvidar
90,"modifica, tratan, cata, senti, modificacio",7,2004-01-01,90_cambio_juntos_cambiar_interbloque
91,"iscurso, misio, hilar, sefí, peticionado",4,2004-01-01,91_tema_motivo_razón_lógica
92,"puesto, sesion, se, til, seüor",5,2004-01-01,92_abierto_presencia_puestos_electoral
96,"pala, , , , ",65,2004-01-01,96_pala_lena_austin_tina
97,"pem1iso, fonnulada, zón, lor, acep",1,2004-01-01,97_dieta_goce_homenajes_descuento
98,"redondean, seí1or, vuelta, resulta, ",3,2004-01-01,98_vuelta_garrido_giro_carasso
99,"domiciliado, antártico, 25612, 2004, 6525",7,2004-01-01,99_electoral_alianza_dni_candidato
101,"registra, negati, afirn1ativa, 166, 138",7,2004-01-01,101_negativa_cero_negativos_nulo
102,"haqlan, solicitado, solicitan, pedi, peticionado",7,2004-01-01,102_solicitud_peticiones_solicité_solici...
103,"agradecer, ctm1plir, agradez, mocionde, solucionado",6,2004-01-01,103_agradecer_apreciación_agradecimiento...
104,"mañana, automátican1entc, reqme, sente, perde",6,2004-01-01,104_mañana_ayer_acordar_desplacer
105,"preadjudicada, programa, residuos, respuesta, gico",1,2004-01-01,105_ciencia_tecnología_innovación_tecnol...
106,"alimento, donación, alimenticio, donatario, donado",4,2004-01-01,106_alimentario_alimento_programa_alimen...
107,"sentant, repre, ban, empresarial, esta",1,2004-01-01,107_italo_compañía_empresa_firma
109,"corte, magariños, doctor, juez, vázquez",9,2004-01-01,109_corte_juez_patti_judicial
110,"nant, preopi, presado, asenti, yoría",3,2004-01-01,110_cuerpo_renumeración_corpacci_faculta...
111,"considera, resulta, result, consideracion, compren",67,2004-01-01,111_considera_resulta_koning_brouwer
112,"resulta, gorila, varios, , ",35,2004-01-01,112_resulta_gorleri_morales_gorila
113,"2004, pala, diputados, noviembre, resulta",28,2004-01-01,113_2002_diputados_2001_noviembre
114,"ejercitación, barranqueras, combinado, participant, república",7,2004-01-01,114_pesca_pesquero_mar_buque
116,"resolu, cionado, san, declaración, correspon",5,2004-01-01,116_resolución_disidencias_aciones_obser...
117,"suficientemente, suficienlemenle, apoyado, resulla, apoyar",2,2004-01-01,117_suficientemente_apoyado_apoyar_consi...
120,"aldiadelamilitancia, yasser, arafat, lopez, bustos",1,2004-01-01,120_the_israel_palestino_convention
122,"all5, artícülo, pletar, alar, guiente",2,2004-01-01,122_3º_5º_polini_1º
123,"pólino, rechaen, pcra, palacomo, jujuyy",4,2004-01-01,123_vacuna_vacunación_covid_salud
124,"alfabetizador, fabetización, intemacional, alfabetización, ren",2,2004-01-01,124_leído_leer_afi_leeré
126,"castelo, arcuri, el6, periodista, presar",4,2004-01-01,126_periodista_periodístico_prensa_perio...
127,"deatldo, redon, , , ",1,2004-01-01,127_arroyo_valdés_acevedo_polledo
128,"dondee, interrup, nuevamente, diputa, urtubey",2,2004-01-01,128_volver_nuevamente_otorgué_afi
129,"putin, checheno, ruso, acaso, beslan",9,2004-01-01,129_terrorismo_terrorista_humanos_derech...
130,"lidj, amjento, hipufecaria, lfredo, ortante",2,2004-01-01,130_vivienda_alquiler_vendedor_locación
131,"miércoles, prefe, comience, seüor, preferen",3,2004-01-01,131_miércoles_jueves_semana_viernes
132,"nombre, alloro, nomi, ponder, seíior",7,2004-01-01,132_nombre_apellido_pila_corrección
136,"6538, dical, ínter, 328, revancha",1,2004-01-01,136_doña_himno_electoral_abierto
137,"tear, plan, , , ",1,2004-01-01,137_sírvar_resu_rizzotti_ta
138,"debate, , , , ",1,2004-01-01,138_lombardi_vidal_debate_vivero
140,"2004, 25827, uesty, de, ley",4,2004-01-01,140_localidad_telefónico_comunicaciones_...
141,"interrup, penniso, dencia, presi, putado",13,2004-01-01,141_interrumpir_interrup_dencia_presi
142,"pala, , , , ",17,2004-01-01,142_ginocchio_benegas_pala_lynch
143,"tienir, pala, bue, alirmativo, áfmnativo",19,2004-01-01,143_indicar_tienir_yo_pala
146,"resulta, planteo, , , ",1,2004-01-01,146_flores_plantee_riutort_planteo
147,"simplemen, tención, conocimiento, to, in",2,2004-01-01,147_conocimiento_información_tomar_conoc...
148,"ñor, resulta, se, acto, caso",2,2004-01-01,148_caso_suponer_demandar_separado
151,"formulán, autenticacer, archivar, do, él",1,2004-01-01,151_autenticacer_archivar_formular_diari...
152,"torización, abs, pital, oportunidad, seño",3,2004-01-01,152_oportunidad_solicité_ocasión_aprovec...
153,"esquiú, constitución, proclan1acer, constitucio1iales, astmto",5,2004-01-01,153_constitución_jura_requerírsele_esqui...
154,"diputadoaccavallo, apoyo, polino, lamo, cappelleri",6,2004-01-01,154_apoyo_apoyar_apoyamos_adelantar
155,"electrónicamente, tación, anterior, , ",1,2004-01-01,155_sistema_electrónicamente_funcionar_l...
156,"iniciativa, prioritario, gmpleo, tratat1do, algtu1os",10,2004-01-01,156_iniciativa_ambos_resulta_brevedad
157,"eliminación, atírrnativo, fohnular, resulta, había",10,2004-01-01,157_eliminación_suprimir_eliminado_elimi...
159,"reconsideracion, , , , ",1,2004-01-01,159_reconsideración_reconsideracion_reco...
162,"afinnati, menciona, varios, fonna, pronuncie",1,2004-01-01,162_pronunciamiento_pronuncie_acento_éli...
163,"consorcio, envase, 25737, contrato, deudor",4,2004-01-01,163_exportación_importación_mercadería_c...
165,"domiciliado, electoral, ai, alianza, osear",1,2004-01-01,165_juicio_juez_doctor_actuación
166,"haití, unidas, naciones, unidos, misión",34,2004-01-01,166_haití_minustah_unidas_naciones
167,"rizada, auto, , , ",1,2004-01-01,167_carro_nanni_mounier_car
168,"xpt, conlt, dicnlc, aio, deramos",3,2004-01-01,168_biocombustibl_biodiésel_combustible_...
169,"seño, resulta, res, próximo, ",1,2004-01-01,169_próximo_listado_seguir_afi
170,"pala, , , , ",25,2004-01-01,170_pala_afi__
172,"hitler, retirar, correcto, referencia, ",1,2004-01-01,172_referencia_coautor_referencien_lengu...
173,"reitero, , , , ",2,2004-01-01,173_escuchar_garay_reitero_escúchenme
176,"sidcncia, pre, preguntar, , ",1,2004-01-01,176_pregunta_preguntar_contestar_respond...
177,"nunieros, fighran, cámaño, 1846y1848, seslóri",5,2004-01-01,177_radical_radicalismo_bancada_evolució...
178,"redondean, oportunamen, sugerir, bue, sugerencia",4,2004-01-01,178_sugerencia_sugerir_sugerido_acepto
180,"vian1ente, defensordelpueblodelanacion, fommlo, efectivamen, descontado",7,2004-01-01,180_inconveniente_excusación_contrario_e...
183,"3116, ramento, stella, juramen, licencias",1,2004-01-01,183_evangelios_santos_jura_dios
184,"hem1ana, nadeo, oportwlidad, abogados, camafí",1,2004-01-01,184_audiencia_guardar_público_requerírse...
185,"agregado, genera, resulta, , ",3,2004-01-01,185_agregado_genera_resulta_gennaro
186,"pala, tema, , , ",18,2004-01-01,186_pala_tema_hase_interesado
187,"doza, mentario, men, dipu, sugerir",1,2004-01-01,187_consulta_consultar_asesoramiento_ase...
189,"taquigráfico, versión, perm1so, iba, gusta",4,2004-01-01,189_versión_taquigráfico_taquigráfi_taqu...
-1,"2005, diputados, tema, derecho, él",1659,2005-01-01,-1_él_provincia_caso_año
0,"2005, deuda, bush, argentina, monetario",325,2005-01-01,0_argentino_argentina_país_gobierno
1,"presupuesto, 2005, pesos, superávit, recurso",57,2005-01-01,1_presupuesto_gasto_ciento_millón
2,"jerez, sartori, ferri, richter, jano",95,2005-01-01,2_pastoriza_landau_abdala_silvestre
3,"debate, discusión, debatir, discutar, mañana",34,2005-01-01,3_debate_discusión_tema_debatir
4,"educación, 2005, educativo, pbi, gec",57,2005-01-01,4_educación_universidad_docente_educativ...
5,"gasoil, combustible, importación, impuesto, cúbicos",47,2005-01-01,5_energía_gas_combustible_combustibles
6,"indicio, empleador, 24769, penal, coincident",14,2005-01-01,6_penal_código_pena_delito
7,"158, 122, 128, 2305, 2503",21,2005-01-01,7_afi_127_129_131
8,"impuesto, imponibl, ganancia, mínimo, contribuyente",35,2005-01-01,8_impuesto_ganancia_tributario_fiscal
9,"registrar, 233, 153, 190, él",57,2005-01-01,9_registrar_afi_él_136
10,"aprobar, propaganda, expresar, abor, él",17,2005-01-01,10_haber_él_sr_referir
11,"cooperativa, presunción, lavado, trabajo, empleador",19,2005-01-01,11_trabajo_trabajador_empleador_laboral
12,"droga, videojuego, consumo, fabuloso, salud",13,2005-01-01,12_salud_discapacidad_paciente_pública
13,"adivinar, andar, tarifa, , ",1,2005-01-01,13_precio_dólares_italo_millón
14,"president, votar, revólver, situacion, tema",7,2005-01-01,14_presiden_president_bue_sugerir
15,"balestrini, edgardo, sitial, alberto, rodear",1,2005-01-01,15_doctor_caride_hoz_ocupar
16,"cavadini, léame, adivina, jumbo, futurología",11,2005-01-01,16_resulta_pala_afi_sin
18,"morosidad, doméstico, disminucion, asion, 60",12,2005-01-01,18_pensión_previsional_jubilado_jubilaci...
19,"jurar, dios, jura, noemí, hundimiento",14,2005-01-01,19_jurar_jura_someter_sr
20,"manifestaciones, manifestación, bonasso, aguarde, policía",22,2005-01-01,20_manifestaciones_manifestación_barra_l...
21,"21ª, eunión, 41ª, 39ª, 11ª",17,2005-01-01,21_diputados_5282_pala_pág
22,"bush, george, anfibio, operativo, tropa",4,2005-01-01,22_militar_fuerza_defensa_soldati
23,"donación, neocórtex, trasplante, campaña, donante",12,2005-01-01,23_político_democracia_partido_debate
24,"legislador, responsabilizar, casanovas, di260, dialoguar",26,2005-01-01,24_legislador_congreso_legislativo_parla...
25,"abstener, sr, entrerriano, cantini, identificado",3,2005-01-01,25_sr_pala_concedo_álvaro
26,"vicepresidente, vicepresidencia, fortunato, ocupar, cambareri",10,2005-01-01,26_vicepresidente_vicepresidencia_ocupar...
27,"rally, clavero, ejercitación, armada, mina",8,2005-01-01,27_educación_escuela_monumento_aconsejar
28,"2005, 013, 95, 345d, 48",12,2005-01-01,28_2007_2010_2006_07
29,"mayo, 1987, 1983, veinte, 1986",1,2005-01-01,29_1984_1985_diputados_véanse
30,"fertilizant, adolescente, deudor, niño, crédito",15,2005-01-01,30_agropecuario_ganadería_productor_agri...
31,"deuda, canje, externo, bono, hipotecario",22,2005-01-01,31_deudor_deuda_hipotecario_crédito
32,"evangelios, santos, dios, jurar, jura",35,2005-01-01,32_evangelios_santos_dios_jurar
33,"justicialista, elogiar, expideír, aciones, indefensión",11,2005-01-01,33_justicialista_juez_justicia_bancada
34,"ablación, menor, fallecimiento, órgano, emancipado",2,2005-01-01,34_matrimonio_divorcio_cónyuge_hijo
35,"sintonía, dial, fino, botón, equipo",1,2005-01-01,35_teatral_radio_televisión_audiovisual
36,"memoria, homenajes, guardar, dragan, zav",9,2005-01-01,36_memoria_rendido_homenajes_rendir
37,"gasoil, cúbicos, metros, energía, cúbico",26,2005-01-01,37_nuclear_energía_energético_gas
38,"cívica, radical, unión, acompañamos, 120",15,2005-01-01,38_cívica_radical_unión_nombre
39,"votar, votado, separadamaente, voté, 49",15,2005-01-01,39_votar_voté_votado_vota
40,"ario, anotar, pág, , ",5,2005-01-01,40_leito_aparicio_alderete_leavy
41,"winds, southern, laf, lan, equilibrio",7,2005-01-01,41_aéreo_aerolíneas_argentinas_aeronave
42,"disculpa, disculpe, entario, anotarir, parlam",10,2005-01-01,42_disculpe_disculpa_perdón_discúlpeme
43,"ministros, gabinete, jefe, interrumpir, siéntese",12,2005-01-01,43_ministros_gabinete_jefe_ministro
44,"tráteme, respeto, habérsela, otorgué, quédesar",7,2005-01-01,44_respeto_respetar_respetuoso_señores
45,"rogar, escuchar, quédese, escuchen, continúir",6,2005-01-01,45_escuchar_oradora_escuchaber_escuchen
46,"desviándonos, acompañábamos, temario, plazo, hiciérar",12,2005-01-01,46_momento_plazo_quórum_oportuno
47,"xii, catarmarca, xix, xxiii, bis",11,2005-01-01,47_agost_carreño_2º_xii
50,"599, 23928, 2005, ratificacion, 05",5,2005-01-01,50_decreto_648_alidez_derogar
52,"ley, iniciadoro, aciones, disidencias, observ",3,2005-01-01,52_ley_aviso_roja_definitivamente
53,"gabinete, jefe, tergiver, decírselo, escuche",6,2005-01-01,53_secretario_jefe_gabinete_secretaria
54,"micrófono, córteme, tono, cortar, habilitar",5,2005-01-01,54_micrófono_audio_sonido_receptor
55,"citación, cursar, difierar, autor, redacción",10,2005-01-01,55_redacción_autor_copia_citación
56,"mantengamos, finalizar, rigor, completar, mantener",6,2005-01-01,56_continúir_finalizar_proseguir_continú...
57,"portuario, terminal, precisarar, tratábar, positiva",3,2005-01-01,57_provincia_provincial_jurisdicción_int...
58,"registrado, taquigráfico, carrió, registro, contar",5,2005-01-01,58_registrado_sarghini_carrió_grosso
59,"onzález, monasterio, taquígrafos, horacio, director",15,2005-01-01,59_taquígrafos_director_cuerpo_monasteri...
61,"celia, nilda, renuncia, garré, aludida",3,2005-01-01,61_renuncia_presentado_peticiones_renunc...
62,"risas, agradable, limia, humor, llezca",15,2005-01-01,62_risas_humor_risa_reír
63,"educativo, educación, financiamiento, técnico, escuela",25,2005-01-01,63_educación_educativo_universidad_docen...
64,"provincias, interbloque, unidas, arnold, espera",2,2005-01-01,64_provincia_provincias_jura_requerírsel...
65,"prescindir, enunciación, giro, resuelto, obrar",8,2005-01-01,65_boletín_prescindir_enunciación_resuel...
66,"daza, acordar, , , ",1,2005-01-01,66_yasky_espert_acordar_allende
67,"rugir, , , , ",2,2005-01-01,67_massot_mayoraz_rugir_vallone
68,"2005, sequía, 497, agropecuario, fruti",2,2005-01-01,68_desastre_zona_emergencia_agropecuario
69,"que, de, oon, qüe, qtie",1,2005-01-01,69_de_la_que_el
70,"800d, uso, costumbre, infringir, preopinante",2,2005-01-01,70_tabaco_cigarrillo_tabacalero_fumar
72,"7º, noveno, enunciado, undécimo, 8º",10,2005-01-01,72_6º_7º_1º_8º
73,"novas, inconveniente, casa, , ",1,2005-01-01,73_casas_bue_considera_figueroa
74,"turismo, 26049, exportar, agregado, gabinete",4,2005-01-01,74_turismo_turístico_viaje_actividad
76,"compartir, llano, cassese, dipútado, natal",7,2005-01-01,76_compartir_pala_natalia_morán
77,"stolbizer, ceder, , , ",2,2005-01-01,77_giacomo_stolbizer_nalizar_pala
78,"reconsideración, reconsiderar, traspapelar, formuloir, prosperar",10,2005-01-01,78_reconsideración_reconsiderar_formulo_...
80,"forestal, 25080, cultivado, asignatura, inversión",2,2005-01-01,80_bosque_nativo_ambiental_forestal
81,"taquigráfico, versión, constar, menor, civil",1,2005-01-01,81_civil_código_sustitución_padre
82,"dieciséis, carrió, quórum, cuarenta, quince",8,2005-01-01,82_treinta_veinte_segundo_quince
83,"333, enunciación, vea, pág, él",1,2005-01-01,83_vea_pág_otación_él
88,"1997, impuesto, titulo, simplificado, sorteo",5,2005-01-01,88_deportivo_antidopaje_deporte_fútbol
89,"ario, ajustado, volcar, recordar, quórum",3,2005-01-01,89_recordar_italo_nalizado_olvidar
90,"modificar, inconveniente, suceder, referencia, pretender",3,2005-01-01,90_cambio_juntos_cambiar_interbloque
91,"pronunciaremos, adherimos, lealmente, enunciacer, 32ª",7,2005-01-01,91_tema_motivo_razón_lógica
92,"abierto, tobías, presencia, doña, electoral",6,2005-01-01,92_abierto_presencia_puestos_electoral
93,"medio, cedere, mano, levantar, alzada",4,2005-01-01,93_alzado_mano_levantar_afi
97,"dieta, goce, precedente, insistir, presentado",1,2005-01-01,97_dieta_goce_homenajes_descuento
98,"panzoni, vuelta, , , ",1,2005-01-01,98_vuelta_garrido_giro_carasso
99,"alianza, electoral, 410340, 444080, suplente",3,2005-01-01,99_electoral_alianza_dni_candidato
102,"solicite, peticiones, convocatoria, efectuado, incluido",3,2005-01-01,102_solicitud_peticiones_solicité_solici...
103,"amabilidad, agradecer, , , ",2,2005-01-01,103_agradecer_apreciación_agradecimiento...
104,"mañana, terriblemente, lúcido, circunscribir, gana",4,2005-01-01,104_mañana_ayer_acordar_desplacer
105,"transporte, infraestructura, ferroviario, vial, gasto",5,2005-01-01,105_ciencia_tecnología_innovación_tecnol...
108,"renunciar, , , , ",1,2005-01-01,108_cientemente_apoyado_sufi_juliano
109,"anulación, pronunciamiento, conside478, exploer, 129",3,2005-01-01,109_corte_juez_patti_judicial
110,"cuerpo, brevemente, autorizado, fijar, iniciativa",2,2005-01-01,110_cuerpo_renumeración_corpacci_faculta...
111,"considera, resulta, , , ",1,2005-01-01,111_considera_resulta_koning_brouwer
112,"resulta, , , , ",1,2005-01-01,112_resulta_gorleri_morales_gorila
113,"281, 2005, 107, ahorrar, fundamentar",2,2005-01-01,113_2002_diputados_2001_noviembre
115,"ministros, gabinete, jefe, referencia, ",2,2005-01-01,115_ministros_gabinete_jefe_sota
116,"aciones, disidencias, observ, dictamenes, ley",8,2005-01-01,116_resolución_disidencias_aciones_obser...
117,"suficientemente, apoyado, apoyar, efectuado, ",7,2005-01-01,117_suficientemente_apoyado_apoyar_consi...
118,"auditor, pernasetti, horacio, francisco, doctor",4,2005-01-01,118_auditoría_auditor_forlón_designado
122,"2º, 1º, hiw, planteas, asi",6,2005-01-01,122_3º_5º_polini_1º
124,"leído, redacción, , , ",1,2005-01-01,124_leído_leer_afi_leeré
126,"baltuzzi, 23737, mecánico, 101, basteiro",2,2005-01-01,126_periodista_periodístico_prensa_perio...
128,"aras, polino, atrás, gustar, volver",1,2005-01-01,128_volver_nuevamente_otorgué_afi
129,"terrorista, terrorismo, khomeini, unidos, mossad",12,2005-01-01,129_terrorismo_terrorista_humanos_derech...
130,"2005, 411, prorroga, subasta, extrajudicial",2,2005-01-01,130_vivienda_alquiler_vendedor_locación
131,"miércoles, semana, viernes, jueves, habilitemos",10,2005-01-01,131_miércoles_jueves_semana_viernes
132,"9º, incorporación, normado, 25561, nombre",2,2005-01-01,132_nombre_apellido_pila_corrección
135,"desconfianza, religioso, confianza, incucai, donante",1,2005-01-01,135_aborto_mujer_embarazo_vida
138,"debate, , , , ",1,2005-01-01,138_lombardi_vidal_debate_vivero
140,"fragata, botadura, ara, frigeri, imagen",1,2005-01-01,140_localidad_telefónico_comunicaciones_...
142,"pala, , , , ",1,2005-01-01,142_ginocchio_benegas_pala_lynch
143,"acor, roselli, avisar, bue, dado",3,2005-01-01,143_indicar_tienir_yo_pala
146,"planteo, basile, plantee, concretamente, ",4,2005-01-01,146_flores_plantee_riutort_planteo
147,"deberíar, conocimiento, discutar, preocupar, libertad",2,2005-01-01,147_conocimiento_información_tomar_conoc...
148,"molinari, caserio, separado, alternativa, caso",4,2005-01-01,148_caso_suponer_demandar_separado
149,"referir, él, , , ",2,2005-01-01,149_referir_él_refer_déjeme
150,"acceder, separado, , , ",6,2005-01-01,150_laspina_acceder_afi_lasbanca
151,"autenticacer, diarios, formular, archivar, someter",2,2005-01-01,151_autenticacer_archivar_formular_diari...
152,"concederé, anotar, cassese, oportunidad, aprovechar",3,2005-01-01,152_oportunidad_solicité_ocasión_aprovec...
153,"2638, proclamar, calificado, constitución, advertir",2,2005-01-01,153_constitución_jura_requerírsele_esqui...
154,"preopinante, apoyo, participar, sostener, presentar",2,2005-01-01,154_apoyo_apoyar_apoyamos_adelantar
155,"informático, enoje, eunión, 39ª, oto",3,2005-01-01,155_sistema_electrónicamente_funcionar_l...
156,"preferncia, walsh, iniciativa, ambos, trámite",3,2005-01-01,156_iniciativa_ambos_resulta_brevedad
157,"eliminación, señaler, propon, anteriormente, faltar",4,2005-01-01,157_eliminación_suprimir_eliminado_elimi...
159,"reconsideración, reconsiderar, , , ",5,2005-01-01,159_reconsideración_reconsideracion_reco...
160,"narcotráfico, droga, gendarm, tabaquismo, energizant",1,2005-01-01,160_cannabis_medicinal_cáñamo_aceite
162,"pronuncie, pronunciamiento, basile, pruyas, amstutz",7,2005-01-01,162_pronunciamiento_pronuncie_acento_éli...
166,"haití, joinet, louis, denuncia, azules",1,2005-01-01,166_haití_minustah_unidas_naciones
168,"232s, 889d, promocional, oleoquímicos, oleoquímico",2,2005-01-01,168_biocombustibl_biodiésel_combustible_...
169,"próximo, breard, anote, listado, seguir",16,2005-01-01,169_próximo_listado_seguir_afi
170,"pala, , , , ",1,2005-01-01,170_pala_afi__
172,"referencia, , , , ",1,2005-01-01,172_referencia_coautor_referencien_lengu...
173,"escuchar, , , , ",2,2005-01-01,173_escuchar_garay_reitero_escúchenme
175,"reglamentariamente, provisional, elección, dispuesto, ",1,2005-01-01,175_pedidos_mociones_informes_consulta
176,"repete, solve, contestar, concreto, pregunta",1,2005-01-01,176_pregunta_preguntar_contestar_respond...
177,"impulsado, radical, radicalismo, inquietud, admitir",2,2005-01-01,177_radical_radicalismo_bancada_evolució...
178,"sugerir, redondean, sugerencia, preferible, 500000",9,2005-01-01,178_sugerencia_sugerir_sugerido_acepto
180,"breve, demuestrir, gorila, realidad, frágil",3,2005-01-01,180_inconveniente_excusación_contrario_e...
182,"rendir, realización, realizar, , ",2,2005-01-01,182_pregunta_realizar_preguntar_raro
183,"evangelios, santos, jura, coirini, dios",3,2005-01-01,183_evangelios_santos_jura_dios
184,"jura, requerírsele, estimacion, soto, licitación",6,2005-01-01,184_audiencia_guardar_público_requerírse...
185,"agregado, , , , ",3,2005-01-01,185_agregado_genera_resulta_gennaro
186,"tema, , , , ",3,2005-01-01,186_pala_tema_hase_interesado
187,"consulta, permítame, previo, , ",2,2005-01-01,187_consulta_consultar_asesoramiento_ase...
189,"taquigráfico, versión, enterado, testar, tinnirello",3,2005-01-01,189_versión_taquigráfico_taquigráfi_taqu...
-1,"2006, 06, diputados, decreto, constitución",3474,2006-01-01,-1_él_provincia_caso_año
0,"2006, uruguay, argentino, argentina, año",676,2006-01-01,0_argentino_argentina_país_gobierno
1,"presupuesto, 2006, millón, gasto, superpoder",75,2006-01-01,1_presupuesto_gasto_ciento_millón
2,"dalla, pont, fontana, merino, jerez",384,2006-01-01,2_pastoriza_landau_abdala_silvestre
3,"debate, discusión, improrrogabl, deseacer, pasaríar",48,2006-01-01,3_debate_discusión_tema_debatir
4,"educación, educativo, docente, escuela, financiamiento",55,2006-01-01,4_educación_universidad_docente_educativ...
5,"hidrógeno, energía, combustible, hidrocarburo, plomo",90,2006-01-01,5_energía_gas_combustible_combustibles
6,"penal, código, 201, prisión, pena",45,2006-01-01,6_penal_código_pena_delito
7,"153, 184, 174, 156, 185",65,2006-01-01,7_afi_127_129_131
8,"impuesto, 04, utilidad, consultor, ministros",37,2006-01-01,8_impuesto_ganancia_tributario_fiscal
9,"registrar, él, 148, 155, 146",249,2006-01-01,9_registrar_afi_él_136
10,"solicitar, pasaríar, él, habilitemos, tate",29,2006-01-01,10_haber_él_sr_referir
11,"corresponsabilidad, trabajador, convenio, empleador, gremial",24,2006-01-01,11_trabajo_trabajador_empleador_laboral
12,"discapacidad, deportista, caut, aut, salud",39,2006-01-01,12_salud_discapacidad_paciente_pública
13,"empresas, internet, tasación, sra, otorgado",9,2006-01-01,13_precio_dólares_italo_millón
14,"president, exteriorizar, ficto, unanimidad, originariamente",14,2006-01-01,14_presiden_president_bue_sugerir
15,"edgardo, balestrini, doctor, alberto, ocupar",30,2006-01-01,15_doctor_caride_hoz_ocupar
16,"leyba, martí, borocotó, tula, garín",19,2006-01-01,16_resulta_pala_afi_sin
17,"concesionario, concesión, canon, contrato, inversión",10,2006-01-01,17_ferroviario_ruta_ferrocarril_transpor...
18,"2006, pág, movilidad, adolescencia, legislación",14,2006-01-01,18_pensión_previsional_jubilado_jubilaci...
19,"haberes, goce, ginastera, memoria, lemme",15,2006-01-01,19_jurar_jura_someter_sr
20,"manifestaciones, manifestación, patti, anote, escuchen",42,2006-01-01,20_manifestaciones_manifestación_barra_l...
21,"diputados, nacionreunión, 49ª, 52ª, 168",40,2006-01-01,21_diputados_5282_pala_pág
22,"militar, ejercicio, diplomático, salido, tropa",4,2006-01-01,22_militar_fuerza_defensa_soldati
23,"oficialismo, sapo, partido, superpoder, político",25,2006-01-01,23_político_democracia_partido_debate
24,"parlamentario, legislador, cuenca, decreto, integrar",36,2006-01-01,24_legislador_congreso_legislativo_parla...
25,"sr, apoyado, balestrini, suficientemente, oto",10,2006-01-01,25_sr_pala_concedo_álvaro
26,"vicepresidencia, auditoría, vicepresidente, ocupar, 2003",43,2006-01-01,26_vicepresidente_vicepresidencia_ocupar...
27,"secreto, monumento, 2006, reservado, cultura",31,2006-01-01,27_educación_escuela_monumento_aconsejar
28,"2006, 2005, 629, 43, 06",61,2006-01-01,28_2007_2010_2006_07
29,"1784, cóndor, 1966, 233, homenajes",4,2006-01-01,29_1984_1985_diputados_véanse
30,"camélido, coteca, ganadería, foac, productor",41,2006-01-01,30_agropecuario_ganadería_productor_agri...
31,"hipotecario, caja, crédito, mutuo, cooperativo",20,2006-01-01,31_deudor_deuda_hipotecario_crédito
33,"interbloque, justicialista, judicialmente, tolerancia, oscos",16,2006-01-01,33_justicialista_juez_justicia_bancada
34,"curador, incapaz, falencia, cristiano, padre",4,2006-01-01,34_matrimonio_divorcio_cónyuge_hijo
35,"espectáculo, musical, semáforo, sonoro, postal",5,2006-01-01,35_teatral_radio_televisión_audiovisual
36,"memoria, burro, rendido, rendir, duarte",26,2006-01-01,36_memoria_rendido_homenajes_rendir
37,"2006, energético, petrolero, hidrocarburo, petróleo",23,2006-01-01,37_nuclear_energía_energético_gas
38,"cívica, radical, unión, postulación, adelanto",18,2006-01-01,38_cívica_radical_unión_nombre
39,"votar, sarghini, votaríamo, voté, votado",40,2006-01-01,39_votar_voté_votado_vota
40,"aclaro, lucio, hoja, bis, ario",14,2006-01-01,40_leito_aparicio_alderete_leavy
41,"aéreo, contratante, 06, aeropuerto, aeronave",23,2006-01-01,41_aéreo_aerolíneas_argentinas_aeronave
42,"discúlpeme, disculpe, perdón, rubor, respetuosamente",11,2006-01-01,42_disculpe_disculpa_perdón_discúlpeme
43,"intercedir, diret, dim, sugierar, onabe",3,2006-01-01,43_ministros_gabinete_jefe_ministro
44,"respectar, restar, respeto, ajustar, ario",5,2006-01-01,44_respeto_respetar_respetuoso_señores
45,"escuchar, murmullo, háganlo, exponente, charlar",9,2006-01-01,45_escuchar_oradora_escuchaber_escuchen
46,"expideír, plazo, original, esperir, consultar",12,2006-01-01,46_momento_plazo_quórum_oportuno
47,"2º, xiii, xii, bösch, begnis",9,2006-01-01,47_agost_carreño_2º_xii
48,"austria, rotundo, detenimiento, ario, suecia",1,2006-01-01,48_suizo_suiza_italo_accionista
49,"ligadura, trompa, vasectomía, quirúrgico, falopio",27,2006-01-01,49_aborto_mujer_embarazo_salud
50,"1488, decreto, 014, cedaw, 2006",11,2006-01-01,50_decreto_648_alidez_derogar
51,"facultativo, protocolo, convención, comité, elimination",5,2006-01-01,51_mujer_violencia_01_género
52,"ley, definitivamente, aviso, iniciadoro, comision",28,2006-01-01,52_ley_aviso_roja_definitivamente
53,"anotarar, informé, conocíar, siquiera, atn",4,2006-01-01,53_secretario_jefe_gabinete_secretaria
54,"finalizado, micrófono, cortar, dirigir, legislador",1,2006-01-01,54_micrófono_audio_sonido_receptor
55,"redacción, original, mantener, escrito, conter",12,2006-01-01,55_redacción_autor_copia_citación
56,"preferir, restar, tener, , ",1,2006-01-01,56_continúir_finalizar_proseguir_continú...
57,"17319, jurisdicción, provincial, invitación, regalía",17,2006-01-01,57_provincia_provincial_jurisdicción_int...
58,"sarghini, registrado, binner, hipótesis, debidamente",24,2006-01-01,58_registrado_sarghini_carrió_grosso
59,"monasterio, onzález, taquígrafos, horacio, director",6,2006-01-01,59_taquígrafos_director_cuerpo_monasteri...
60,"sarghini, cortés, inconveniente, permítamir, referirno",6,2006-01-01,60_jaroslavsky_sr_manzano_proposición
61,"renuncia, presentado, riccio, elizondo, dante",9,2006-01-01,61_renuncia_presentado_peticiones_renunc...
62,"risas, tratarer, bailando, inconveniente, anauate",11,2006-01-01,62_risas_humor_risa_reír
63,"educación, educativo, escuela, chico, 1420",22,2006-01-01,63_educación_educativo_universidad_docen...
64,"630d, ejecutivos, superávit, autora, provincial",10,2006-01-01,64_provincia_provincias_jura_requerírsel...
65,"rectificación, boletín, enunciación, suscitarir, prescindir",15,2006-01-01,65_boletín_prescindir_enunciación_resuel...
66,"acordar, próximo, , , ",2,2006-01-01,66_yasky_espert_acordar_allende
67,"rugir, , , , ",2,2006-01-01,67_massot_mayoraz_rugir_vallone
68,"desastre, precipitación, zona, meteorito, agua",26,2006-01-01,68_desastre_zona_emergencia_agropecuario
70,"fumar, fumador, humo, tabaco, dependencia",4,2006-01-01,70_tabaco_cigarrillo_tabacalero_fumar
72,"1º, 6º, 8º, 7º, habida",36,2006-01-01,72_6º_7º_1º_8º
74,"turismo, 25599, viaje, estudiantil, agencia",20,2006-01-01,74_turismo_turístico_viaje_actividad
75,"conferencia, 33ª, 380, abierto, unidad",3,2006-01-01,75_inte_ocaña_conferencia_abierto
76,"compartir, carrió, cortos, cortometrajes, cassese",16,2006-01-01,76_compartir_pala_natalia_morán
77,"concedo, , , , ",1,2006-01-01,77_giacomo_stolbizer_nalizar_pala
78,"reconsideración, recaída, originariamente, reveamos, revisar",19,2006-01-01,78_reconsideración_reconsiderar_formulo_...
80,"bosque, nativo, ambiental, forestal, desmonte",18,2006-01-01,80_bosque_nativo_ambiental_forestal
81,"1198, anticipado, recaído, renuncia, imprevisión",3,2006-01-01,81_civil_código_sustitución_padre
82,"aclaré, veinte, excedí, treinta, concedí",7,2006-01-01,82_treinta_veinte_segundo_quince
87,"chubut, , , , ",1,2006-01-01,87_chubut_pala_sidencia_monti
88,"deporte, prohibido, sustancia, fútbol, deportista",9,2006-01-01,88_deportivo_antidopaje_deporte_fútbol
89,"recordar, amnesia, figurar, agotar, expresamente",9,2006-01-01,89_recordar_italo_nalizado_olvidar
90,"pactar, sorpresivamente, transversalidad, plasmir, sorpresivo",5,2006-01-01,90_cambio_juntos_cambiar_interbloque
91,"acto, constar, realidad, expresado, preopinante",7,2006-01-01,91_tema_motivo_razón_lógica
92,"doña, abierto, presencia, electoral, 131",24,2006-01-01,92_abierto_presencia_puestos_electoral
93,"alzado, mano, decirme, haber, levantado",15,2006-01-01,93_alzado_mano_levantar_afi
97,"dieta, goce, lemme, esteban, franco",5,2006-01-01,97_dieta_goce_homenajes_descuento
98,"vuelta, dante, , , ",4,2006-01-01,98_vuelta_garrido_giro_carasso
99,"electoral, candidato, fojas, oficialización, 2006",8,2006-01-01,99_electoral_alianza_dni_candidato
100,"osuna, , , , ",1,2006-01-01,100_osuna_llancafilo_vásquez_punto
102,"solicitud, leído, alusión, beneficiario, próximo",13,2006-01-01,102_solicitud_peticiones_solicité_solici...
103,"agradecer, valoramos, garbino, explícito, bayonzo",4,2006-01-01,103_agradecer_apreciación_agradecimiento...
104,"mañana, aguarde, rindamos, ayer, discutirer",7,2006-01-01,104_mañana_ayer_acordar_desplacer
105,"invitados, tecnologico, innov, paises, acion",1,2006-01-01,105_ciencia_tecnología_innovación_tecnol...
106,"obesidad, cirugía, reserv, obeso, bulimia",2,2006-01-01,106_alimentario_alimento_programa_alimen...
107,"lucro, fin, entidad, duda, lugar",1,2006-01-01,107_italo_compañía_empresa_firma
108,"renuncia, , , , ",4,2006-01-01,108_cientemente_apoyado_sufi_juliano
109,"corte, tribunal, patti, suprema, juez",12,2006-01-01,109_corte_juez_patti_judicial
110,"cuerpo, dilucidar, formar, limitum, definiéndolir",11,2006-01-01,110_cuerpo_renumeración_corpacci_faculta...
113,"11263, 11231, 2006, boletín, 377",4,2006-01-01,113_2002_diputados_2001_noviembre
114,"partes, comité, riachuelo, cuenca, matanza",12,2006-01-01,114_pesca_pesquero_mar_buque
115,"ministros, gabinete, jefe, , ",3,2006-01-01,115_ministros_gabinete_jefe_sota
116,"aciones, resolución, disidencias, observ, dictamenes",26,2006-01-01,116_resolución_disidencias_aciones_obser...
117,"suficientemente, apoyado, apoyar, respaldado, respaldo",34,2006-01-01,117_suficientemente_apoyado_apoyar_consi...
119,"comenzar, concedo, expedirme, anote, subsiguiente",8,2006-01-01,119_comenzar_individual_comienzo_empezar
120,"atentado, víctima, embajada, amia, tributar",1,2006-01-01,120_the_israel_palestino_convention
122,"3º, 5º, 2º, 1º, pont",12,2006-01-01,122_3º_5º_polini_1º
123,"semidirecto, cosechadora, vientre, cría, siembra",1,2006-01-01,123_vacuna_vacunación_covid_salud
124,"leído, leer, referido, acordar, redacción",7,2006-01-01,124_leído_leer_afi_leeré
128,"nuevamente, volver, ceder, referido, ocurrir",5,2006-01-01,128_volver_nuevamente_otorgué_afi
129,"patti, terrorismo, torturar, lesa, impunidad",18,2006-01-01,129_terrorismo_terrorista_humanos_derech...
130,"vivienda, pfvp, beneficiario, crédito, construcción",10,2006-01-01,130_vivienda_alquiler_vendedor_locación
131,"semana, 040, próximo, sugerencia, miércoles",5,2006-01-01,131_miércoles_jueves_semana_viernes
132,"elípticamente, nombre, burlado, adhiero, inadmisible",5,2006-01-01,132_nombre_apellido_pila_corrección
133,"solicitant, licitación, porqué, desconocimiento, posiblemente",2,2006-01-01,133_negociación_negociador_negociar_nego...
135,"sexual, método, anticoncepción, esterilización, reproductivo",5,2006-01-01,135_aborto_mujer_embarazo_vida
140,"2006, quilmes, caraguatay, epulafquen, junio",1,2006-01-01,140_localidad_telefónico_comunicaciones_...
141,"interrumpir, quórum, lograr, lugar, ",1,2006-01-01,141_interrumpir_interrup_dencia_presi
143,"acercar, , , , ",1,2006-01-01,143_indicar_tienir_yo_pala
145,"subsistema, salud, ligadura, gameto, vasectomía",3,2006-01-01,145_salud_medicina_médico_medicamento
146,"rosario, expulsir, rozas, 1º, accastello",3,2006-01-01,146_flores_plantee_riutort_planteo
148,"solicitir, negativamente, modificar, caso, ",1,2006-01-01,148_caso_suponer_demandar_separado
149,"referir, él, , , ",4,2006-01-01,149_referir_él_refer_déjeme
150,"acceder, , , , ",12,2006-01-01,150_laspina_acceder_afi_lasbanca
151,"autenticacer, archivar, formular, haber, solicitudes",13,2006-01-01,151_autenticacer_archivar_formular_diari...
152,"26171, repetido, oportunidad, fijar, integrante",3,2006-01-01,152_oportunidad_solicité_ocasión_aprovec...
153,"firmar, ficto, ari, constitución, expresar",4,2006-01-01,153_constitución_jura_requerírsele_esqui...
154,"apoyo, apoyamos, calurosamente, postulación, apoyar",9,2006-01-01,154_apoyo_apoyar_apoyamos_adelantar
156,"solicitant, iniciar, adelantamos, iniciación, explicitar",7,2006-01-01,156_iniciativa_ambos_resulta_brevedad
157,"eliminación, eliminir, captare, eliminado, verbo",9,2006-01-01,157_eliminación_suprimir_eliminado_elimi...
159,"reconsideración, reconsideracion, , , ",15,2006-01-01,159_reconsideración_reconsideracion_reco...
162,"pronunciamiento, pronuncie, incorporado, foncap, firma",14,2006-01-01,162_pronunciamiento_pronuncie_acento_éli...
163,"impor78, mención, mueble, agregar, avaluación",5,2006-01-01,163_exportación_importación_mercadería_c...
165,"gerónimo, juego, aignasse, vargas, graciela",3,2006-01-01,165_juicio_juez_doctor_actuación
166,"haití, misión, naciones, unidas, minustah",17,2006-01-01,166_haití_minustah_unidas_naciones
168,"biocombustibl, aplicación, biocombustibles, autoridad, nafta",28,2006-01-01,168_biocombustibl_biodiésel_combustible_...
169,"próximo, listado, simple, relativo, ",21,2006-01-01,169_próximo_listado_seguir_afi
172,"referencia, dictámen, preopinante, sustitúyense, recién",10,2006-01-01,172_referencia_coautor_referencien_lengu...
173,"expideír, reitero, escuchar, , ",4,2006-01-01,173_escuchar_garay_reitero_escúchenme
175,"provisional, señores, elección, disposición, ",1,2006-01-01,175_pedidos_mociones_informes_consulta
177,"reflexionar, patti, radicalismo, peronismo, contestar",1,2006-01-01,177_radical_radicalismo_bancada_evolució...
178,"sugerido, sugerencia, sugerir, , ",4,2006-01-01,178_sugerencia_sugerir_sugerido_acepto
181,"respetar, , , , ",2,2006-01-01,181_petri_respetar_petmite_calma
182,"realizar, pregunta, similar, preguntar, necesario",10,2006-01-01,182_pregunta_realizar_preguntar_raro
183,"evangelios, santos, jura, dios, uñac",7,2006-01-01,183_evangelios_santos_jura_dios
185,"adrián, próximo, agregado, agregar, ",2,2006-01-01,185_agregado_genera_resulta_gennaro
186,"tema, , , , ",3,2006-01-01,186_pala_tema_hase_interesado
187,"consulta, sarghini, consultar, condizar, inclusión",4,2006-01-01,187_consulta_consultar_asesoramiento_ase...
189,"taquigráfico, versión, ventana, video, acompañáramos",5,2006-01-01,189_versión_taquigráfico_taquigráfi_taqu...
-1,"2007, diputados, 07, decreto, él",1981,2007-01-01,-1_él_provincia_caso_año
0,"2007, sistema, argentina, argentino, país",305,2007-01-01,0_argentino_argentina_país_gobierno
1,"presupuesto, inversión, cuenta, 2007, gasto",53,2007-01-01,1_presupuesto_gasto_ciento_millón
2,"pont, massei, west, canevarolo, lauritto",204,2007-01-01,2_pastoriza_landau_abdala_silvestre
3,"debate, capricho, impugnación, enriquecer, consensuar",18,2007-01-01,3_debate_discusión_tema_debatir
4,"pasantía, educativo, universidad, pasante, comahue",50,2007-01-01,4_educación_universidad_docente_educativ...
5,"huso, energético, horario, energía, gas",23,2007-01-01,5_energía_gas_combustible_combustibles
6,"penal, código, delito, 193, tránsito",36,2007-01-01,6_penal_código_pena_delito
7,"2509, afi, 146, 2432, 2567",20,2007-01-01,7_afi_127_129_131
8,"impuesto, pesos, tributario, imponible, ganancia",18,2007-01-01,8_impuesto_ganancia_tributario_fiscal
9,"registrar, afi, 143, él, 138",122,2007-01-01,9_registrar_afi_él_136
10,"solicitar, sírvansar, desear, renegar, referir",10,2007-01-01,10_haber_él_sr_referir
11,"trabajador, quiebra, trabajo, intervenir, formulación",30,2007-01-01,11_trabajo_trabajador_empleador_laboral
12,"2007, investigación, médico, pág, salud",24,2007-01-01,12_salud_discapacidad_paciente_pública
13,"obvio, provenir, compensación, fuente, conocer",1,2007-01-01,13_precio_dólares_italo_millón
14,"president, informé, cortesía, presiden16, aplicándolo",4,2007-01-01,14_presiden_president_bue_sugerir
15,"doctor, edgardo, balestrini, fellner, ocupar",15,2007-01-01,15_doctor_caride_hoz_ocupar
16,"leyba, martí, teresa, 1º, afi",17,2007-01-01,16_resulta_pala_afi_sin
17,"ferroviario, transporte, infraestructuras, ferroviarias, ferrocarril",28,2007-01-01,17_ferroviario_ruta_ferrocarril_transpor...
18,"241, 24, 06, previsional, administradora",29,2007-01-01,18_pensión_previsional_jubilado_jubilaci...
19,"jurar, sartori, afi, césar, bösch",24,2007-01-01,19_jurar_jura_someter_sr
20,"manifestaciones, montar, arnold, permanecimos, escénico",10,2007-01-01,20_manifestaciones_manifestación_barra_l...
21,"33ª, ar136, diputados, pasen, 58ª",11,2007-01-01,21_diputados_5282_pala_pág
22,"ministra, defensa, 07, concurrar, verbal",4,2007-01-01,22_militar_fuerza_defensa_soldati
23,"anauate, turno, unidos, impugnación, ojiva",9,2007-01-01,23_político_democracia_partido_debate
24,"legislador, aproabril, llamativo, conociser, informativo",14,2007-01-01,24_legislador_congreso_legislativo_parla...
25,"sr, rmativamente, contestes, 1º, afi",8,2007-01-01,25_sr_pala_concedo_álvaro
26,"vicepresidencia, 2ª, vicepresidente, vicepresidenta, designación",19,2007-01-01,26_vicepresidente_vicepresidencia_ocupar...
27,"mosca, juventud, politólogo, 2007, pesca",14,2007-01-01,27_educación_escuela_monumento_aconsejar
28,"2007, 07, 2006, 06, 792",50,2007-01-01,28_2007_2010_2006_07
29,"números, 1948, perdido, gurar, 1997",1,2007-01-01,29_1984_1985_diputados_véanse
30,"cerealera, productor, agropecuario, exportador, producto",7,2007-01-01,30_agropecuario_ganadería_productor_agri...
31,"hipotecario, 26177, reestructuración, preconvertibilidad, deudor",8,2007-01-01,31_deudor_deuda_hipotecario_crédito
32,"evangelios, santos, dios, jurar, jura",35,2007-01-01,32_evangelios_santos_dios_jurar
33,"juez, hamilton, suprema, impugnemo, cumplimiennoviembre",7,2007-01-01,33_justicialista_juez_justicia_bancada
34,"236, divorcio, audiencia, separación, cónyuge",2,2007-01-01,34_matrimonio_divorcio_cónyuge_hijo
35,"acústico, ruido, admisión, sonoro, permanencia",7,2007-01-01,35_teatral_radio_televisión_audiovisual
36,"memoria, guardar, homenajes, bermúdez, crucero",12,2007-01-01,36_memoria_rendido_homenajes_rendir
37,"energético, energía, 07, huso, racional",16,2007-01-01,37_nuclear_energía_energético_gas
38,"cívica, radical, unión, 2007, coalición",14,2007-01-01,38_cívica_radical_unión_nombre
39,"votaríamo, voté, quédese, 010, votarar",8,2007-01-01,39_votar_voté_votado_vota
40,"begnis, sylvestre, bertol, ario, estrado",13,2007-01-01,40_leito_aparicio_alderete_leavy
41,"radar, aéreo, canon, aeropuerto, aeropuertos",16,2007-01-01,41_aéreo_aerolíneas_argentinas_aeronave
42,"disculpe, discúlpeme, disculpa, cederé, perdóneme",10,2007-01-01,42_disculpe_disculpa_perdón_discúlpeme
43,"fracasado, ministros, debieran, querido, pregunta",4,2007-01-01,43_ministros_gabinete_jefe_ministro
44,"balestrini, máxima, convocarnos, seamo, bendigar",3,2007-01-01,44_respeto_respetar_respetuoso_señores
45,"hemiciclo, salgan, murmullo, paradójico, acústico",4,2007-01-01,45_escuchar_oradora_escuchaber_escuchen
46,"aplazar, preopinante, pasar, plazo, informar",10,2007-01-01,46_momento_plazo_quórum_oportuno
47,"2º, raymonda, mirta, afi, segundo",10,2007-01-01,47_agost_carreño_2º_xii
49,"reproducción, estreptococobeta, 769d, 687d, 2005",2,2007-01-01,49_aborto_mujer_embarazo_salud
50,"alidez, declaracion, decretos, 07, 05",11,2007-01-01,50_decreto_648_alidez_derogar
51,"acoso, sexual, denunciado, denunciante, laboral",1,2007-01-01,51_mujer_violencia_01_género
52,"ley, aviso, definitivamente, nitivamente, depacho",25,2007-01-01,52_ley_aviso_roja_definitivamente
53,"07, leído, secretario, pausadamente, 955",6,2007-01-01,53_secretario_jefe_gabinete_secretaria
54,"circunscribar, micrófono, corto, tema, ",1,2007-01-01,54_micrófono_audio_sonido_receptor
55,"redacción, autora, impreso, unificar, copia",6,2007-01-01,55_redacción_autor_copia_citación
56,"concluido, preferir, guardar, mantener, ",2,2007-01-01,56_continúir_finalizar_proseguir_continú...
57,"autoridad, provincial, competente, jurisdicción, aplicación",23,2007-01-01,57_provincia_provincial_jurisdicción_int...
58,"sarghini, informant, representado, dictámen, sentir",2,2007-01-01,58_registrado_sarghini_carrió_grosso
59,"monasterio, onzález, taquígrafos, horacio, director",6,2007-01-01,59_taquígrafos_director_cuerpo_monasteri...
61,"renuncia, presentado, mauricio, electorales, renunciar",11,2007-01-01,61_renuncia_presentado_peticiones_renunc...
62,"risas, cuto, nombraré, gesto, tranquila",9,2007-01-01,62_risas_humor_risa_reír
63,"universidad, talasemia, beta, enseñanza, alzheimer",11,2007-01-01,63_educación_educativo_universidad_docen...
64,"resolveer, adherir, sintonía, santiagueño, bregar",8,2007-01-01,64_provincia_provincias_jura_requerírsel...
65,"enunciación, atento, pronunciamiento, boletín, incluido",12,2007-01-01,65_boletín_prescindir_enunciación_resuel...
66,"acordar, advertir, , , ",1,2007-01-01,66_yasky_espert_acordar_allende
67,"afi, rugir, , , ",7,2007-01-01,67_massot_mayoraz_rugir_vallone
68,"agua, vido, regulatorio, usuario, desastre",15,2007-01-01,68_desastre_zona_emergencia_agropecuario
70,"2007, itf, impuesto, 2006, cigarrillo",4,2007-01-01,70_tabaco_cigarrillo_tabacalero_fumar
72,"6º, 8º, 9º, 1º, 7º",29,2007-01-01,72_6º_7º_1º_8º
73,"fracasado, suficiente, casa, , ",1,2007-01-01,73_casas_bue_considera_figueroa
74,"sttc, usuario, vacacional, emprendedor, compartido",9,2007-01-01,74_turismo_turístico_viaje_actividad
76,"conciliábulo, compartir, fabiana, amable, delich",4,2007-01-01,76_compartir_pala_natalia_morán
77,"nalizar, , , , ",1,2007-01-01,77_giacomo_stolbizer_nalizar_pala
78,"reconsideración, sra, narvaja, vaca, formulo",9,2007-01-01,78_reconsideración_reconsiderar_formulo_...
80,"bosque, nativo, ambiental, acústico, impacto",75,2007-01-01,80_bosque_nativo_ambiental_forestal
81,"1106, 1101, 316, 2420, 06",2,2007-01-01,81_civil_código_sustitución_padre
82,"sobreviviente, albrisi, jurar, quince, cincuenta",2,2007-01-01,82_treinta_veinte_segundo_quince
86,"ballet, 394, coro, resolución, orquesta",1,2007-01-01,86_estrofa_entonar_himno_orquesta
87,"chubut, , , , ",1,2007-01-01,87_chubut_pala_sidencia_monti
88,"fifa, fútbol, 2007, 2006, altura",8,2007-01-01,88_deportivo_antidopaje_deporte_fútbol
89,"conmemorar, recordar, olvidar, signifi, justamente",2,2007-01-01,89_recordar_italo_nalizado_olvidar
90,"modificacion, modificar, habida, implicar, baladrón",4,2007-01-01,90_cambio_juntos_cambiar_interbloque
91,"circunscribar, desdoblado, preceder, analizarer, quito",8,2007-01-01,91_tema_motivo_razón_lógica
92,"abierto, presencia, doña, electoral, sesion",14,2007-01-01,92_abierto_presencia_puestos_electoral
93,"alzado, mano, , , ",1,2007-01-01,93_alzado_mano_levantar_afi
94,"nalizado, , , , ",2,2007-01-01,94_lipovetzky_coli_nalizado_santillán
97,"dieta, goce, fabiana, lucio, mauricio",2,2007-01-01,97_dieta_goce_homenajes_descuento
98,"vuelta, , , , ",2,2007-01-01,98_vuelta_garrido_giro_carasso
99,"electoral, suplente, 2007, alianza, oto",14,2007-01-01,99_electoral_alianza_dni_candidato
102,"solicitud, peticiones, afi, considerarer, solicita",9,2007-01-01,102_solicitud_peticiones_solicité_solici...
103,"agradecer, zorzoli, incurrí, asesor, olvido",5,2007-01-01,103_agradecer_apreciación_agradecimiento...
104,"mañana, borrador, descansar, ayer, distribuido",3,2007-01-01,104_mañana_ayer_acordar_desplacer
105,"ciencia, tecnología, profecyt, innovación, tecnológico",14,2007-01-01,105_ciencia_tecnología_innovación_tecnol...
106,"cáramos, 771, almuerzo, val, 187",2,2007-01-01,106_alimentario_alimento_programa_alimen...
108,"cientemente, apoyado, sufi, respaldado, propinante",17,2007-01-01,108_cientemente_apoyado_sufi_juliano
109,"cafi, policía, formato, porteño, deslizar",1,2007-01-01,109_corte_juez_patti_judicial
110,"cuerpo, acto, sometido, totalidad, positivo",5,2007-01-01,110_cuerpo_renumeración_corpacci_faculta...
112,"cosa, , , , ",1,2007-01-01,112_resulta_gorleri_morales_gorila
113,"2007, noviembre, 553, 555, 531",3,2007-01-01,113_2002_diputados_2001_noviembre
114,"pesca, 24922, captura, pescar, buque",3,2007-01-01,114_pesca_pesquero_mar_buque
115,"ministros, gabinete, jefe, , ",3,2007-01-01,115_ministros_gabinete_jefe_sota
116,"resolución, aciones, disidencias, observ, dictamenes",15,2007-01-01,116_resolución_disidencias_aciones_obser...
117,"suficientemente, apoyado, apoyar, ginzburg, sarghini",8,2007-01-01,117_suficientemente_apoyado_apoyar_consi...
118,"auditor, brusca, elmente, doctor, pernasetti",8,2007-01-01,118_auditoría_auditor_forlón_designado
119,"compartirar, empezar, omitir, comenzar, thomas",4,2007-01-01,119_comenzar_individual_comienzo_empezar
122,"3º, 1º, 5º, 2º, 4º",14,2007-01-01,122_3º_5º_polini_1º
123,"enfermedad, vinchuca, chagas, chabén, parasitosis",1,2007-01-01,123_vacuna_vacunación_covid_salud
124,"leído, leeré, relativo, afi, leer",12,2007-01-01,124_leído_leer_afi_leeré
125,"afi, , , , ",1,2007-01-01,125_contigiani_selva_afi_espinoza
126,"periodista, adhesión, inclusión, , ",1,2007-01-01,126_periodista_periodístico_prensa_perio...
128,"adherir, volver, , , ",1,2007-01-01,128_volver_nuevamente_otorgué_afi
129,"posada, carriles, terrorismo, gafi, terrorista",4,2007-01-01,129_terrorismo_terrorista_humanos_derech...
130,"24464, vivienda, rural, hipotecario, indicativo",2,2007-01-01,130_vivienda_alquiler_vendedor_locación
131,"miércoles, sugerir, próximo, semana, cuerpo",1,2007-01-01,131_miércoles_jueves_semana_viernes
132,"identificación, foto, confundido, nombre, numeración",3,2007-01-01,132_nombre_apellido_pila_corrección
134,"afi, , , , ",5,2007-01-01,134_afi_paulón_robson_copello
139,"afi, , , , ",5,2007-01-01,139_afi___
141,"sobrar, interrumpir, probablemente, , ",1,2007-01-01,141_interrumpir_interrup_dencia_presi
143,"disfrazar, estrado, hernández, acercar, adelanto",3,2007-01-01,143_indicar_tienir_yo_pala
145,"tgn, factura, group, infinity, skanska",5,2007-01-01,145_salud_medicina_médico_medicamento
146,"alcuaz, cuccovillo, basteiro, flores, inase",3,2007-01-01,146_flores_plantee_riutort_planteo
147,"acreditación, habilitación, figurar, brindar, comenzar",2,2007-01-01,147_conocimiento_información_tomar_conoc...
148,"discutir, tema, caso, , ",1,2007-01-01,148_caso_suponer_demandar_separado
150,"acceder, afi, punto, , ",5,2007-01-01,150_laspina_acceder_afi_lasbanca
151,"autenticacer, archivar, diarios, formular, haber",9,2007-01-01,151_autenticacer_archivar_formular_diari...
152,"ocasión, oportunidad, , , ",2,2007-01-01,152_oportunidad_solicité_ocasión_aprovec...
153,"constitución, roquel, ceñido, estatus, contener",6,2007-01-01,153_constitución_jura_requerírsele_esqui...
154,"enfáticamente, apoyo, apoyar, sostener, ",3,2007-01-01,154_apoyo_apoyar_apoyamos_adelantar
156,"iniciativa, resumen, enunciado, aparte, temario",5,2007-01-01,156_iniciativa_ambos_resulta_brevedad
157,"suprimir, renumerar, eliminar, dañar, müller",5,2007-01-01,157_eliminación_suprimir_eliminado_elimi...
159,"reconsideración, reconsideracion, , , ",9,2007-01-01,159_reconsideración_reconsideracion_reco...
162,"pronuncie, trascripción, pronunciamiento, verbal, cantos",5,2007-01-01,162_pronunciamiento_pronuncie_acento_éli...
163,"25986, falsificado, mercadería, aduanero, 25603",4,2007-01-01,163_exportación_importación_mercadería_c...
164,"crecer, equivocar, economía, ministro, ",1,2007-01-01,164_economía_ministro_ministerio_italo
168,"bioetanol, 26093, 3404, azúcar, mixto",2,2007-01-01,168_biocombustibl_biodiésel_combustible_...
169,"próximo, listado, anote, siguiente, vuelta",6,2007-01-01,169_próximo_listado_seguir_afi
170,"afi, , , , ",1,2007-01-01,170_pala_afi__
172,"referencia, iniciativa, , , ",1,2007-01-01,172_referencia_coautor_referencien_lengu...
173,"escuchar, , , , ",2,2007-01-01,173_escuchar_garay_reitero_escúchenme
175,"provisional, señores, elección, disposición, ",1,2007-01-01,175_pedidos_mociones_informes_consulta
176,"contestar, plural, sra, apuntar, preopinante",3,2007-01-01,176_pregunta_preguntar_contestar_respond...
177,"radical, , , , ",1,2007-01-01,177_radical_radicalismo_bancada_evolució...
178,"sugerencia, sugerir, , , ",2,2007-01-01,178_sugerencia_sugerir_sugerido_acepto
182,"realizar, , , , ",6,2007-01-01,182_pregunta_realizar_preguntar_raro
183,"evangelios, santos, dios, jura, electoral",13,2007-01-01,183_evangelios_santos_jura_dios
184,"viale, guardar, aciones, disidencias, observ",4,2007-01-01,184_audiencia_guardar_público_requerírse...
185,"agregado, entendido, , , ",2,2007-01-01,185_agregado_genera_resulta_gennaro
186,"tema, , , , ",1,2007-01-01,186_pala_tema_hase_interesado
187,"consulta, montenegro, acercar, ero, efectuado",3,2007-01-01,187_consulta_consultar_asesoramiento_ase...
189,"taquigráfico, taquígrafo, versión, alterar, expresa",4,2007-01-01,189_versión_taquigráfico_taquigráfi_taqu...
-1,"2008, diputados, retención, productor, persona",2168,2008-01-01,-1_él_provincia_caso_año
0,"2008, crisis, retención, argentina, argentino",707,2008-01-01,0_argentino_argentina_país_gobierno
1,"presupuesto, 2008, crisis, millón, pesos",64,2008-01-01,1_presupuesto_gasto_ciento_millón
2,"calza, morejón, llera, zavallo, calchaquí",147,2008-01-01,2_pastoriza_landau_abdala_silvestre
3,"debate, quórum, discusión, entrar, consenso",47,2008-01-01,3_debate_discusión_tema_debatir
4,"patentamiento, siniestro, vial, estudiante, universidad",9,2008-01-01,4_educación_universidad_docente_educativ...
5,"megavatio, gasoil, energético, energía, transporte",15,2008-01-01,5_energía_gas_combustible_combustibles
6,"recompensa, 2008, captura, penal, buscado",37,2008-01-01,6_penal_código_pena_delito
7,"afi, 187, digan, 186, 197",25,2008-01-01,7_afi_127_129_131
8,"impuesto, tablita, deducción, coparticipación, ganancia",34,2008-01-01,8_impuesto_ganancia_tributario_fiscal
9,"registrar, afi, 219, él, 229",87,2008-01-01,9_registrar_afi_él_136
10,"tratar, referir, gurar, scalizacer, anote",15,2008-01-01,10_haber_él_sr_referir
11,"corresponsabilidad, gremial, convenio, empleador, seguridad",16,2008-01-01,11_trabajo_trabajador_empleador_laboral
12,"paciente, discapacidad, clínico, salud, emp",48,2008-01-01,12_salud_discapacidad_paciente_pública
13,"vender, compensación, marsans, obligación, especificidad",4,2008-01-01,13_precio_dólares_italo_millón
14,"president, prontamente, avisar, gurar, disculpa",6,2008-01-01,14_presiden_president_bue_sugerir
15,"fellner, alfredo, eduardo, consternado, suficientemente",5,2008-01-01,15_doctor_caride_hoz_ocupar
16,"afi, lanceta, concédamar, itzcovich, vázquez",12,2008-01-01,16_resulta_pala_afi_sin
17,"ferroviario, ferrocarril, transporte, vial, tren",35,2008-01-01,17_ferroviario_ruta_ferrocarril_transpor...
18,"2008, movilidad, previsional, 241, catoria",33,2008-01-01,18_pensión_previsional_jubilado_jubilaci...
19,"agus, genta, escaño, mentir, inmerecido",8,2008-01-01,19_jurar_jura_someter_sr
20,"manifestaciones, manifestación, cántico, frejuli, productor",67,2008-01-01,20_manifestaciones_manifestación_barra_l...
21,"17ª, diputados, 37ª, 26ª, 19ª",18,2008-01-01,21_diputados_5282_pala_pág
22,"objetar, ofreciéndol, demodé, copete, tropa",2,2008-01-01,22_militar_fuerza_defensa_soldati
23,"democracia, afjk, vacían, fracasar, aldo",12,2008-01-01,23_político_democracia_partido_debate
24,"legislador, binomio, tachar, identifi, identidad",17,2008-01-01,24_legislador_congreso_legislativo_parla...
25,"sr, autorizaremos, próximo, solicitud, termino",11,2008-01-01,25_sr_pala_concedo_álvaro
26,"vicepresidenta, bayonzo, vicepresidencia, liliana, cívica",33,2008-01-01,26_vicepresidente_vicepresidencia_ocupar...
27,"agrícola, angola, feriado, cooperación, 2008",11,2008-01-01,27_educación_escuela_monumento_aconsejar
28,"2008, 2007, 922, 945, expedientes",21,2008-01-01,28_2007_2010_2006_07
30,"08, 2008, agropecuario, 44, 43",66,2008-01-01,30_agropecuario_ganadería_productor_agri...
31,"btu, holdouts, deuda, gabinete, abriéndolo",5,2008-01-01,31_deudor_deuda_hipotecario_crédito
32,"palau, lobo, pastor, oveja, pedrito",3,2008-01-01,32_evangelios_santos_dios_jurar
33,"acancia, recusacion, excusacion, acordár, anidación",9,2008-01-01,33_justicialista_juez_justicia_bancada
34,"casación, sexo, conviviente, 2008, familiar",8,2008-01-01,34_matrimonio_divorcio_cónyuge_hijo
35,"permanencia, controlador, admisión, entretenimiento, subtitulado",9,2008-01-01,35_teatral_radio_televisión_audiovisual
36,"memoria, guardar, homenajes, güemes, trelew",11,2008-01-01,36_memoria_rendido_homenajes_rendir
37,"lámpara, energía, incandescent, consumo, energético",8,2008-01-01,37_nuclear_energía_energético_gas
38,"cívica, radical, unión, coalición, azcoiti",20,2008-01-01,38_cívica_radical_unión_nombre
39,"voté, votando, telar, cialismo, avisar",5,2008-01-01,39_votar_voté_votado_vota
40,"otación, morandini, baldata, lanceta, segundo",7,2008-01-01,40_leito_aparicio_alderete_leavy
41,"aerolíneas, argentinas, marsans, empresa, aerocomercial",118,2008-01-01,41_aéreo_aerolíneas_argentinas_aeronave
42,"discúlpeme, disculpa, disculpe, desalojarla, carezco",11,2008-01-01,42_disculpe_disculpa_perdón_discúlpeme
43,"ministros, responder, gabinete, jefe, contestar",8,2008-01-01,43_ministros_gabinete_jefe_ministro
44,"respetar, hipocresía, respeto, cansado, háganse",16,2008-01-01,44_respeto_respetar_respetuoso_señores
45,"rugir, escuchar, oradora, dicharachero, formule",8,2008-01-01,45_escuchar_oradora_escuchaber_escuchen
46,"mocionir, estrictamente, ampleír, gass, extiendar",10,2008-01-01,46_momento_plazo_quórum_oportuno
47,"2º, viale, tículo, sarghini, sr",18,2008-01-01,47_agost_carreño_2º_xii
48,"luxemburgués, enfervorizado, visitante, bienvenida, raymonda",1,2008-01-01,48_suizo_suiza_italo_accionista
49,"nacido, madre, nacimiento, recién, pulsera",16,2008-01-01,49_aborto_mujer_embarazo_salud
51,"mujer, agenda, género, sexual, materno",10,2008-01-01,51_mujer_violencia_01_género
52,"ley, aviso, nitivamente, respetivo, afi",12,2008-01-01,52_ley_aviso_roja_definitivamente
53,"promesa, gabinete, jefe, apurar, contestación",5,2008-01-01,53_secretario_jefe_gabinete_secretaria
54,"micrófono, cortar, respe42, oradora, audio",8,2008-01-01,54_micrófono_audio_sonido_receptor
55,"avanzacer, gentileza, escrito, disponible, copia",4,2008-01-01,55_redacción_autor_copia_citación
56,"intentándolo, subsistente, mantener, hagan, desalojar",7,2008-01-01,56_continúir_finalizar_proseguir_continú...
57,"modelo, bicameral, desconsiderar, justo, confiscatoriedad",5,2008-01-01,57_provincia_provincial_jurisdicción_int...
59,"monasterio, taquígrafos, horacio, director, concluido",17,2008-01-01,59_taquígrafos_director_cuerpo_monasteri...
62,"risas, redondeo, costumbre, massa, teoría",4,2008-01-01,62_risas_humor_risa_reír
63,"conadu, universidad, 6200, 313, duciario",1,2008-01-01,63_educación_educativo_universidad_docen...
64,"5234, arrugar, arrodillar, departamento, ario",3,2008-01-01,64_provincia_provincias_jura_requerírsel...
65,"enunciación, prescindir, giro, resuelto, obrar",4,2008-01-01,65_boletín_prescindir_enunciación_resuel...
66,"acordar, , , , ",1,2008-01-01,66_yasky_espert_acordar_allende
67,"rugir, afi, , , ",12,2008-01-01,67_massot_mayoraz_rugir_vallone
68,"sequía, desastre, departamento, zona, afectado",9,2008-01-01,68_desastre_zona_emergencia_agropecuario
70,"2008, envoltura, tabaco, cigarrillo, centavo",12,2008-01-01,70_tabaco_cigarrillo_tabacalero_fumar
72,"6º, 1º, 7º, afi, suprimido",17,2008-01-01,72_6º_7º_1º_8º
74,"sttc, compartido, usuario, feriado, vacacional",15,2008-01-01,74_turismo_turístico_viaje_actividad
75,"18ª, 141, sucesivo, conferencia, conformidad",1,2008-01-01,75_inte_ocaña_conferencia_abierto
76,"compartir, albrisi, morán, serebrinsky, merchán",22,2008-01-01,76_compartir_pala_natalia_morán
77,"nalizar, concedo, , , ",4,2008-01-01,77_giacomo_stolbizer_nalizar_pala
78,"reconsideración, afi, reconsiderar, dactilar, mesurado",10,2008-01-01,78_reconsideración_reconsiderar_formulo_...
80,"bosque, nativo, cultivado, plantación, árbol",2,2008-01-01,80_bosque_nativo_ambiental_forestal
82,"treinta, hábil, afip, concedo, veintiún",5,2008-01-01,82_treinta_veinte_segundo_quince
84,"quiroz, menor, , , ",1,2008-01-01,84_yacobitti_verasay_pala_gollán
86,"rogar, entonar, estrofa, himno, pendiente",1,2008-01-01,86_estrofa_entonar_himno_orquesta
87,"chubut, , , , ",2,2008-01-01,87_chubut_pala_sidencia_monti
88,"24192, 23184, interdicción, deportivo, transcripción",2,2008-01-01,88_deportivo_antidopaje_deporte_fútbol
89,"recordar, síntesis, convenir, exceder, referido",4,2008-01-01,89_recordar_italo_nalizado_olvidar
90,"iniciadoro, manifestaciones, cambio, normal, fortalecer",4,2008-01-01,90_cambio_juntos_cambiar_interbloque
91,"procederer, motivo, relacionar, explicar, paso",3,2008-01-01,91_tema_motivo_razón_lógica
92,"doña, abierto, sesion, presencia, electoral",15,2008-01-01,92_abierto_presencia_puestos_electoral
93,"enojen, levantar, mano, sencillo, nota",2,2008-01-01,93_alzado_mano_levantar_afi
94,"nalizado, , , , ",1,2008-01-01,94_lipovetzky_coli_nalizado_santillán
97,"dieta, goce, afi, enumeración, esteban",3,2008-01-01,97_dieta_goce_homenajes_descuento
98,"vuelta, próximo, sr, , ",4,2008-01-01,98_vuelta_garrido_giro_carasso
99,"fojas, oficialización, candidato, electoral, alianza",2,2008-01-01,99_electoral_alianza_dni_candidato
102,"solicitud, próximo, procederer, solicité, leído",9,2008-01-01,102_solicitud_peticiones_solicité_solici...
103,"agradecer, viernes, brevedad, gesto, correspondía",7,2008-01-01,103_agradecer_apreciación_agradecimiento...
104,"mañana, incluir, lograr, , ",1,2008-01-01,104_mañana_ayer_acordar_desplacer
106,"alimento, calórico, obesidad, nutrient, alimentario",14,2008-01-01,106_alimentario_alimento_programa_alimen...
107,"habido, aguad, firma, entregar, insistir",1,2008-01-01,107_italo_compañía_empresa_firma
108,"cientemente, apoyado, sufi, zanjado, consigne",11,2008-01-01,108_cientemente_apoyado_sufi_juliano
109,"patti, desafuero, corte, justicia, decisión",12,2008-01-01,109_corte_juez_patti_judicial
113,"307, 2008, 177, prieto, octubre",2,2008-01-01,113_2002_diputados_2001_noviembre
114,"20094, artefacto, náufrago, navegación, naval",1,2008-01-01,114_pesca_pesquero_mar_buque
115,"ministros, gabinete, jefe, , ",2,2008-01-01,115_ministros_gabinete_jefe_sota
116,"aciones, observ, disidencias, resolucion, declaracion",11,2008-01-01,116_resolución_disidencias_aciones_obser...
117,"consignar, suficientemente, apoyado, apoyar, ",9,2008-01-01,117_suficientemente_apoyado_apoyar_consi...
118,"auditoría, trasparencia, previo, requerir, intervención",2,2008-01-01,118_auditoría_auditor_forlón_designado
119,"solá, felipe, individual, iniciar, comenzar",2,2008-01-01,119_comenzar_individual_comienzo_empezar
122,"3º, 5º, afi, 2º, 1º",10,2008-01-01,122_3º_5º_polini_1º
124,"leído, afi, leer, rato, extenso",7,2008-01-01,124_leído_leer_afi_leeré
125,"afi, , , , ",2,2008-01-01,125_contigiani_selva_afi_espinoza
126,"reunar, compromiso, conflictivo, demostración, confirmar",2,2008-01-01,126_periodista_periodístico_prensa_perio...
127,"halak, dalla, fontana, , ",1,2008-01-01,127_arroyo_valdés_acevedo_polledo
128,"volver, expusiser, cordura, maneras, ario",8,2008-01-01,128_volver_nuevamente_otorgué_afi
129,"víctima, indemnizar, allanamos, garantías, martes",3,2008-01-01,129_terrorismo_terrorista_humanos_derech...
131,"próximo, semana, eventualmente, dovena, inconveniente",3,2008-01-01,131_miércoles_jueves_semana_viernes
132,"nombrar, rega, erróneamente, ario, rectificar",2,2008-01-01,132_nombre_apellido_pila_corrección
134,"afi, , , , ",8,2008-01-01,134_afi_paulón_robson_copello
139,"afi, , , , ",15,2008-01-01,139_afi___
141,"interrumpar, descontar, , , ",1,2008-01-01,141_interrumpir_interrup_dencia_presi
143,"cantarero, permitiré, acercar, , ",2,2008-01-01,143_indicar_tienir_yo_pala
144,"hagan, , , , ",1,2008-01-01,144_martiarena_suficientemente_hagman_ap...
145,"identifi, salud, médico, asistencial, madre",10,2008-01-01,145_salud_medicina_médico_medicamento
146,"flores, sentación, girasol, repre, plantee",4,2008-01-01,146_flores_plantee_riutort_planteo
147,"considerarer, planteo, extinguir, bonasso, coscia",1,2008-01-01,147_conocimiento_información_tomar_conoc...
148,"tipifi, denunciado, caso, sugerir, agregado",5,2008-01-01,148_caso_suponer_demandar_separado
150,"acceder, afi, punto, , ",4,2008-01-01,150_laspina_acceder_afi_lasbanca
151,"autenticacer, archivar, someter, haber, enunciado",5,2008-01-01,151_autenticacer_archivar_formular_diari...
152,"oportunidad, avanzado, debido, aprovechar, adelanto",4,2008-01-01,152_oportunidad_solicité_ocasión_aprovec...
153,"hacerme, calma, constitución, exigir, superado",5,2008-01-01,153_constitución_jura_requerírsele_esqui...
154,"apoyo, apoyar, frejuli, pasibl, bonasso",7,2008-01-01,154_apoyo_apoyar_apoyamos_adelantar
155,"informático, identifi, sistema, identi, gurar",4,2008-01-01,155_sistema_electrónicamente_funcionar_l...
156,"aclamación, calificado, entendimiento, obligatorio, contribución",2,2008-01-01,156_iniciativa_ambos_resulta_brevedad
157,"eliminación, eliminado, siniestro, panorama, tendencia",4,2008-01-01,157_eliminación_suprimir_eliminado_elimi...
159,"reconsideración, , , , ",5,2008-01-01,159_reconsideración_reconsideracion_reco...
162,"pronuncie, lanceta, enunciar, vuelta, dictámen",2,2008-01-01,162_pronunciamiento_pronuncie_acento_éli...
163,"exportación, importación, mercadería, confiscatoriedad, 20545",16,2008-01-01,163_exportación_importación_mercadería_c...
164,"ministerio, correctamente, denominación, públicas, finanzas",1,2008-01-01,164_economía_ministro_ministerio_italo
166,"haití, misión, naciones, unidas, minustah",8,2008-01-01,166_haití_minustah_unidas_naciones
169,"próximo, afi, , , ",4,2008-01-01,169_próximo_listado_seguir_afi
170,"afi, , , , ",6,2008-01-01,170_pala_afi__
172,"sra, referencia, realizar, , ",1,2008-01-01,172_referencia_coautor_referencien_lengu...
173,"escuchar, , , , ",2,2008-01-01,173_escuchar_garay_reitero_escúchenme
176,"pregunta, leelo, enlazada, incluyo, repetir",6,2008-01-01,176_pregunta_preguntar_contestar_respond...
178,"sugerencia, planteé, sugerir, agradecer, car",3,2008-01-01,178_sugerencia_sugerir_sugerido_acepto
180,"solicitir, rogar, expresar, prohibido, muchísimos",3,2008-01-01,180_inconveniente_excusación_contrario_e...
181,"respetar, , , , ",3,2008-01-01,181_petri_respetar_petmite_calma
182,"realizar, perfeccionar, voluntad, tener, ",6,2008-01-01,182_pregunta_realizar_preguntar_raro
183,"llanos, edith, olga, evangelios, santos",1,2008-01-01,183_evangelios_santos_jura_dios
184,"guardar, prorrumpir, público, presenciar, prolongado",8,2008-01-01,184_audiencia_guardar_público_requerírse...
186,"tema, , , , ",1,2008-01-01,186_pala_tema_hase_interesado
188,"leyenda, perjudicial, bebida, excesivo, alcohólico",2,2008-01-01,188_azúcar_vino_fructosa_remolacha
189,"testar, aludida, taquigráfico, versión, 2008",1,2008-01-01,189_versión_taquigráfico_taquigráfi_taqu...
-1,"2009, medio, 2008, año, 12",1965,2009-01-01,-1_él_provincia_caso_año
0,"medio, 2009, elección, democracia, crisis",612,2009-01-01,0_argentino_argentina_país_gobierno
1,"12, 2010, presupuesto, 16, 09",55,2009-01-01,1_presupuesto_gasto_ciento_millón
2,"gullo, grivarello, damilano, bernazza, calza",128,2009-01-01,2_pastoriza_landau_abdala_silvestre
3,"debate, debatir, consenso, respeto, constituido",47,2009-01-01,3_debate_discusión_tema_debatir
4,"universidad, creación, educación, residencia, migratorio",51,2009-01-01,4_educación_universidad_docente_educativ...
5,"aparato, sonido, receptor, reproductor, grabador",21,2009-01-01,5_energía_gas_combustible_combustibles
6,"nasa, víctima, nucleoeléctrica, adn, obtención",22,2009-01-01,6_penal_código_pena_delito
7,"afi, 131, 146, 124, 231",32,2009-01-01,7_afi_127_129_131
8,"12, impuesto, 2010, 2009, 16",25,2009-01-01,8_impuesto_ganancia_tributario_fiscal
9,"registrar, afi, 136, 231, leído",54,2009-01-01,9_registrar_afi_él_136
10,"launai, dejar, tímido, termine, conver",13,2009-01-01,10_haber_él_sr_referir
11,"trabajo, empleado, empleador, comercio, trabajador",31,2009-01-01,11_trabajo_trabajador_empleador_laboral
12,"adicción, medicinal, especialidad, farmacia, farmacéutico",32,2009-01-01,12_salud_discapacidad_paciente_pública
13,"305, lógica, brindado, distorsionar, 102",3,2009-01-01,13_precio_dólares_italo_millón
14,"president, delegada, conversar, renunciar, cobos",10,2009-01-01,14_presiden_president_bue_sugerir
15,"prince, fellner, doctor, alfredo, cooke",14,2009-01-01,15_doctor_caride_hoz_ocupar
16,"representación, arbia, grazia, lidia, reputadísimo",26,2009-01-01,16_resulta_pala_afi_sin
17,"sof, operadora, manual, ugofe, ferroviaria",3,2009-01-01,17_ferroviario_ruta_ferrocarril_transpor...
18,"doméstico, 1654, ampliacion, 24016, empleado",3,2009-01-01,18_pensión_previsional_jubilado_jubilaci...
19,"charole, qom, jurar, rivara, gambaro",18,2009-01-01,19_jurar_jura_someter_sr
20,"manifestaciones, manifestación, prepo, tolerante, prolongado",44,2009-01-01,20_manifestaciones_manifestación_barra_l...
21,"nega886, diputados, 150, 962, 928",11,2009-01-01,21_diputados_5282_pala_pág
22,"trataríar, egreso, referido, tropa, ingreso",2,2009-01-01,22_militar_fuerza_defensa_soldati
23,"partido, elección, político, electoral, interna",34,2009-01-01,23_político_democracia_partido_debate
24,"legislador, vergonzoso, 215, 157, congreso",21,2009-01-01,24_legislador_congreso_legislativo_parla...
25,"sr, manifestado, permanencia, aguad, órden",4,2009-01-01,25_sr_pala_concedo_álvaro
26,"vicepresidente, mouratián, inadi, preparatorio, pluralidad",2,2009-01-01,26_vicepresidente_vicepresidencia_ocupar...
27,"hcv, hbv, hiv, originario, beneficio",14,2009-01-01,27_educación_escuela_monumento_aconsejar
28,"2009, 2008, 638, 009, 942",25,2009-01-01,28_2007_2010_2006_07
29,"2043, 1836, 925, 1916, 1921",2,2009-01-01,29_1984_1985_diputados_véanse
30,"agropecuario, productor, agricultura, ganadería, sector",34,2009-01-01,30_agropecuario_ganadería_productor_agri...
31,"deudor, fideicomiso, hipotecario, refinanciación, acreedor",10,2009-01-01,31_deudor_deuda_hipotecario_crédito
32,"evangelios, santos, dios, jurar, jura",43,2009-01-01,32_evangelios_santos_dios_jurar
33,"lona, teszkiewicz, jurídicamente, eliades, remoción",10,2009-01-01,33_justicialista_juez_justicia_bancada
34,"edad, padre, modifique, menor, dieciocho",5,2009-01-01,34_matrimonio_divorcio_cónyuge_hijo
35,"audiovisual, televisión, radio, radiodifusión, canal",171,2009-01-01,35_teatral_radio_televisión_audiovisual
36,"memoria, amaru, rendido, túpac, monumento",15,2009-01-01,36_memoria_rendido_homenajes_rendir
37,"uranio, nuclear, embalse, central, energía",16,2009-01-01,37_nuclear_energía_energético_gas
38,"cívica, 2008, 2009, radical, unión",13,2009-01-01,38_cívica_radical_unión_nombre
39,"votar, separado, votarar, anuncié, procederer",12,2009-01-01,39_votar_voté_votado_vota
40,"morini, recaer, oliva, , ",3,2009-01-01,40_leito_aparicio_alderete_leavy
41,"lockheed, 2009, avión, aircraft, contrato",19,2009-01-01,41_aéreo_aerolíneas_argentinas_aeronave
42,"referencia, fideicomiso, disculpa, deportivo, equivocar",1,2009-01-01,42_disculpe_disculpa_perdón_discúlpeme
43,"ministros, gabinete, jefe, pregunta, scón",9,2009-01-01,43_ministros_gabinete_jefe_ministro
44,"noble, conserver, villano, aristocracia, sentir",5,2009-01-01,44_respeto_respetar_respetuoso_señores
45,"oradora, escuche, guardar, escuchen, escuchar",5,2009-01-01,45_escuchar_oradora_escuchaber_escuchen
46,"comenzaríar, quórum, faro, indefinido, momento",7,2009-01-01,46_momento_plazo_quórum_oportuno
47,"2º, nuevamente, , , ",2,2009-01-01,47_agost_carreño_2º_xii
49,"aborto, mujer, despenalización, muerte, cualitativo",1,2009-01-01,49_aborto_mujer_embarazo_salud
50,"632, deróganse, renumeran, enunciemos, aborder",2,2009-01-01,50_decreto_648_alidez_derogar
51,"violencia, mujer, género, belém, pará",13,2009-01-01,51_mujer_violencia_01_género
52,"ley, 317, aviso, afi, consignar",9,2009-01-01,52_ley_aviso_roja_definitivamente
53,"12, secretario, 352dsd09, gabinete, 5715",9,2009-01-01,53_secretario_jefe_gabinete_secretaria
54,"sonido, receptor, aparato, reproductor, grabador",9,2009-01-01,54_micrófono_audio_sonido_receptor
55,"butaca, escribir, hamilton, vestir, dedicatoria",5,2009-01-01,55_redacción_autor_copia_citación
56,"continúir, convertir, mantener, , ",2,2009-01-01,56_continúir_finalizar_proseguir_continú...
57,"elección, delegada, cívico, adelantamiento, dieciocho",6,2009-01-01,57_provincia_provincial_jurisdicción_int...
58,"sarghini, hugo, registrado, afi, ",3,2009-01-01,58_registrado_sarghini_carrió_grosso
59,"monasterio, taquígrafos, horacio, director, cuerpo",7,2009-01-01,59_taquígrafos_director_cuerpo_monasteri...
61,"renuncia, presentado, gisela, montero, extrañar",6,2009-01-01,61_renuncia_presentado_peticiones_renunc...
62,"risas, portero, discoteca, 119, afi",3,2009-01-01,62_risas_humor_risa_reír
63,"universidad, educación, deporte, golpe, superior",6,2009-01-01,63_educación_educativo_universidad_docen...
64,"kuruf, mapuzugun, mapuche, nahuel, representación",2,2009-01-01,64_provincia_provincias_jura_requerírsel...
65,"enunciación, obrar, retiro, atento, pronunciamiento",3,2009-01-01,65_boletín_prescindir_enunciación_resuel...
67,"afi, rugir, , , ",4,2009-01-01,67_massot_mayoraz_rugir_vallone
68,"agropecuario, desastre, emergencia, zona, 2009",9,2009-01-01,68_desastre_zona_emergencia_agropecuario
70,"parcial, promulgación, decreto, 248, 2009",3,2009-01-01,70_tabaco_cigarrillo_tabacalero_fumar
72,"1º, 7º, 6º, 9º, consignar",13,2009-01-01,72_6º_7º_1º_8º
73,"residente, rivas, perjuicio, casa, llegar",2,2009-01-01,73_casas_bue_considera_figueroa
75,"conferencia, abierto, unidad, mantener, debate",1,2009-01-01,75_inte_ocaña_conferencia_abierto
76,"compartir, zavallo, morán, bartolucci, varisco",10,2009-01-01,76_compartir_pala_natalia_morán
78,"reconsideración, afi, formulo, recientemente, expresado",7,2009-01-01,78_reconsideración_reconsiderar_formulo_...
79,"nir, defi, , , ",1,2009-01-01,79_considera_schlotthauer_nieri_pala
80,"quema, ambiental, incendio, 1012, 331",4,2009-01-01,80_bosque_nativo_ambiental_forestal
81,"242, 42, obiglio, ere, gura",1,2009-01-01,81_civil_código_sustitución_padre
82,"veinte, molinero, discúlpeme, breve, largo",5,2009-01-01,82_treinta_veinte_segundo_quince
83,"317, vea, pág, realizar, él",1,2009-01-01,83_vea_pág_otación_él
86,"zurbano, violir, músicos, medianamente, cta",2,2009-01-01,86_estrofa_entonar_himno_orquesta
87,"chubut, , , , ",1,2009-01-01,87_chubut_pala_sidencia_monti
88,"deportivo, ente, olímpico, directorio, rendimiento",11,2009-01-01,88_deportivo_antidopaje_deporte_fútbol
89,"agotar, recordar, ceder, inconveniente, concretar",4,2009-01-01,89_recordar_italo_nalizado_olvidar
90,"bonasso, insistir, modificar, pretender, cambio",2,2009-01-01,90_cambio_juntos_cambiar_interbloque
91,"explicitamos, enunciar, augsburger, considerado, articulado",3,2009-01-01,91_tema_motivo_razón_lógica
92,"doña, abierto, presencia, electoral, sesion",12,2009-01-01,92_abierto_presencia_puestos_electoral
93,"alzado, mano, , , ",2,2009-01-01,93_alzado_mano_levantar_afi
97,"dieta, goce, presentado, dietario, 1920",4,2009-01-01,97_dieta_goce_homenajes_descuento
98,"marcela, giro, vuelta, , ",2,2009-01-01,98_vuelta_garrido_giro_carasso
99,"2009, regla, renuncia, 20092013, montero",4,2009-01-01,99_electoral_alianza_dni_candidato
100,"vázquez, , , , ",1,2009-01-01,100_osuna_llancafilo_vásquez_punto
102,"leído, solicitud, peticionado, próximo, peticiones",5,2009-01-01,102_solicitud_peticiones_solicité_solici...
103,"agradecer, busso, amabilidad, brevedad, difi",4,2009-01-01,103_agradecer_apreciación_agradecimiento...
104,"panqueque, camaleón, mañana, discutar, vuelta",2,2009-01-01,104_mañana_ayer_acordar_desplacer
105,"productiva, innovación, ministerio, tecnológico, nacer",2,2009-01-01,105_ciencia_tecnología_innovación_tecnol...
106,"2227, dietario, 056, 009, apartir",3,2009-01-01,106_alimentario_alimento_programa_alimen...
108,"cientemente, apoyado, sufi, preciosismo, votárar",2,2009-01-01,108_cientemente_apoyado_sufi_juliano
109,"perpetrado, consenso, procesamiento, pese, auto",2,2009-01-01,109_corte_juez_patti_judicial
110,"cuerpo, poner, , , ",1,2009-01-01,110_cuerpo_renumeración_corpacci_faculta...
113,"2009, rechazarer, 711, 830, 363",3,2009-01-01,113_2002_diputados_2001_noviembre
114,"propietarios, emisoras, correntina, campo, rojas",2,2009-01-01,114_pesca_pesquero_mar_buque
115,"ministros, gabinete, jefe, respeter, procedimiento",9,2009-01-01,115_ministros_gabinete_jefe_sota
116,"aciones, disidencias, observ, ley, resolucion",6,2009-01-01,116_resolución_disidencias_aciones_obser...
117,"consignar, haber, poder, él, ",6,2009-01-01,117_suficientemente_apoyado_apoyar_consi...
118,"auditoría, contable, adenda, consistencia, acabado",1,2009-01-01,118_auditoría_auditor_forlón_designado
119,"vázquez, compartir, comenzar, , ",1,2009-01-01,119_comenzar_individual_comienzo_empezar
120,"451d, antisemita, manifestante, perpetrado, conmemorar",1,2009-01-01,120_the_israel_palestino_convention
122,"5º, 3º, paravano, convoco, 2º",12,2009-01-01,122_3º_5º_polini_1º
123,"2344, 2229, epf, frecuente, considerado",2,2009-01-01,123_vacuna_vacunación_covid_salud
124,"leído, 3º, consignar, puiggrós, figurar",6,2009-01-01,124_leído_leer_afi_leeré
125,"afi, , , , ",1,2009-01-01,125_contigiani_selva_afi_espinoza
126,"periodista, periodistas, prensa, osvaldo, couceiro",34,2009-01-01,126_periodista_periodístico_prensa_perio...
128,"nuevamente, barra, afi, silvestre, volver",4,2009-01-01,128_volver_nuevamente_otorgué_afi
129,"terrible, humanos, derechos, crimen, tortura",8,2009-01-01,129_terrorismo_terrorista_humanos_derech...
130,"24374, regularización, dominial, inmueble, habitación",3,2009-01-01,130_vivienda_alquiler_vendedor_locación
131,"miércoles, semana, próximo, demorado, jueves",5,2009-01-01,131_miércoles_jueves_semana_viernes
132,"desproporción, nombre, eja, resto, thomas",3,2009-01-01,132_nombre_apellido_pila_corrección
133,"sumarísimar, adenda, recabar, contrato, rmado",1,2009-01-01,133_negociación_negociador_negociar_nego...
134,"afi, , , , ",3,2009-01-01,134_afi_paulón_robson_copello
135,"lmr, babyboom, aborto, incini, puntuación",2,2009-01-01,135_aborto_mujer_embarazo_vida
136,"erro, norberto, pautas, pedro, 101",1,2009-01-01,136_doña_himno_electoral_abierto
138,"debate, , , , ",1,2009-01-01,138_lombardi_vidal_debate_vivero
139,"afi, , , , ",7,2009-01-01,139_afi___
141,"alvear, circuito, cerrado, intendente, horacio",1,2009-01-01,141_interrumpir_interrup_dencia_presi
144,"martiarena, , , , ",1,2009-01-01,144_martiarena_suficientemente_hagman_ap...
145,"fideicomiso, enfermera, pesos, enfermería, beca",3,2009-01-01,145_salud_medicina_médico_medicamento
146,"flores, mburuvicha, nájera, apg, comunitaria",5,2009-01-01,146_flores_plantee_riutort_planteo
147,"colaboremo, intentar, , , ",1,2009-01-01,147_conocimiento_información_tomar_conoc...
148,"1344, peticionado, incluido, caso, duda",3,2009-01-01,148_caso_suponer_demandar_separado
149,"referir, él, , , ",3,2009-01-01,149_referir_él_refer_déjeme
150,"acceder, , , , ",1,2009-01-01,150_laspina_acceder_afi_lasbanca
151,"autenticacer, archivar, haber, diarios, formular",3,2009-01-01,151_autenticacer_archivar_formular_diari...
152,"opción, oportunidad, ocasión, instancia, adecuado",3,2009-01-01,152_oportunidad_solicité_ocasión_aprovec...
153,"constitución, racionalidad, unánime, unanimidad, inteligencia",4,2009-01-01,153_constitución_jura_requerírsele_esqui...
154,"apoyo, adelantamos, reproducir, apoyamos, cialista",4,2009-01-01,154_apoyo_apoyar_apoyamos_adelantar
156,"arrendamiento, concluyo, prolijo, 82, nitivo",4,2009-01-01,156_iniciativa_ambos_resulta_brevedad
157,"eliminación, propuse, roldán, morgado, eliminir",4,2009-01-01,157_eliminación_suprimir_eliminado_elimi...
158,"rendido, vertido, , , ",1,2009-01-01,158_estévez_rendido_vertido_milman
159,"reconsideración, , , , ",4,2009-01-01,159_reconsideración_reconsideracion_reco...
162,"sinceramente, pronunciamiento, , , ",1,2009-01-01,162_pronunciamiento_pronuncie_acento_éli...
163,"exportación, merbilhaá, nomenclatura, 19640, importación",9,2009-01-01,163_exportación_importación_mercadería_c...
169,"próximo, afuera, , , ",2,2009-01-01,169_próximo_listado_seguir_afi
170,"afi, , , , ",2,2009-01-01,170_pala_afi__
172,"referencia, original, , , ",2,2009-01-01,172_referencia_coautor_referencien_lengu...
173,"escuchar, , , , ",1,2009-01-01,173_escuchar_garay_reitero_escúchenme
175,"provisional, señores, elección, disposición, ",1,2009-01-01,175_pedidos_mociones_informes_consulta
176,"pregunta, permítamir, responder, reiterar, poder",3,2009-01-01,176_pregunta_preguntar_contestar_respond...
177,"consignar, identificar, bancada, radical, ",1,2009-01-01,177_radical_radicalismo_bancada_evolució...
178,"sugerido, viale, enunciado, sugerencia, bertol",5,2009-01-01,178_sugerencia_sugerir_sugerido_acepto
180,"guardar, contrario, cumplir, , ",1,2009-01-01,180_inconveniente_excusación_contrario_e...
181,"barra, respetar, , , ",2,2009-01-01,181_petri_respetar_petmite_calma
182,"pregunta, temario, relacionado, realizar, ",3,2009-01-01,182_pregunta_realizar_preguntar_raro
183,"evangelios, santos, jura, dios, doña",6,2009-01-01,183_evangelios_santos_jura_dios
184,"audiencia, guardar, desarrollada, público, hilma",9,2009-01-01,184_audiencia_guardar_público_requerírse...
186,"tema, , , , ",1,2009-01-01,186_pala_tema_hase_interesado
187,"consultar, salida, contemplar, buscar, importante",1,2009-01-01,187_consulta_consultar_asesoramiento_ase...
188,"quema, productivo, pastizal, azucarero, azúcar",1,2009-01-01,188_azúcar_vino_fructosa_remolacha
-1,"2010, decreto, glaciar, constitución, 2009",1723,2010-01-01,-1_él_provincia_caso_año
0,"kirchner, néstor, argentina, argentino, presupuesto",656,2010-01-01,0_argentino_argentina_país_gobierno
1,"presupuesto, gasto, ación, millón, ciento",99,2010-01-01,1_presupuesto_gasto_ciento_millón
2,"álvarez, gil, ibarra, peralta, alizegui",72,2010-01-01,2_pastoriza_landau_abdala_silvestre
3,"debate, discusión, tema, abrir, debatir",50,2010-01-01,3_debate_discusión_tema_debatir
4,"escuela, toma, patrimonio, shopping, histórico",7,2010-01-01,4_educación_universidad_docente_educativ...
5,"permisionarias, 92, otorgada, solicitaren, permisionaria",1,2010-01-01,5_energía_gas_combustible_combustibles
6,"infanticidio, romina, tejerina, 24410, maternoinfantil",9,2010-01-01,6_penal_código_pena_delito
7,"afi, 228, algulo, 141, 106",19,2010-01-01,7_afi_127_129_131
8,"presupuesto, scal, cina, 2011, presupuestario",6,2010-01-01,8_impuesto_ganancia_tributario_fiscal
9,"registrar, afi, 237, leído, 163",27,2010-01-01,9_registrar_afi_él_136
10,"concedérselar, oje, dar, shopping, erróneamente",14,2010-01-01,10_haber_él_sr_referir
11,"25323, jornada, indemnización, trabajo, 198",29,2010-01-01,11_trabajo_trabajador_empleador_laboral
12,"efedrina, 23364, tonelada, mil, rescatado",3,2010-01-01,12_salud_discapacidad_paciente_pública
14,"president, alúdalo, agotado, acatir, ocupen",12,2010-01-01,14_presiden_president_bue_sugerir
15,"fellner, doctor, alfredo, eduardo, balestrini",8,2010-01-01,15_doctor_caride_hoz_ocupar
16,"afi, mansur, mociono, mera, atinado",8,2010-01-01,16_resulta_pala_afi_sin
18,"movilidad, previsional, móvil, mínimo, prestación",16,2010-01-01,18_pensión_previsional_jubilado_jubilaci...
19,"afi, dona, aguad, garnero, cardelli",18,2010-01-01,19_jurar_jura_someter_sr
20,"protienir, manifestación, qom, obstrucción, brutalmente",6,2010-01-01,20_manifestaciones_manifestación_barra_l...
21,"pasaremos, concurrierar, remarco, homenajes, agresivo",3,2010-01-01,21_diputados_5282_pala_pág
22,"reunir, bárbaro, interior, consejo, ofrecer",1,2010-01-01,22_militar_fuerza_defensa_soldati
23,"político, veto, constitución, partido, igualdad",28,2010-01-01,23_político_democracia_partido_debate
24,"decreto, urgencia, nulidad, constitución, dnu",19,2010-01-01,24_legislador_congreso_legislativo_parla...
25,"sr, rmativos, rectifi, reglado, cialismo",10,2010-01-01,25_sr_pala_concedo_álvaro
26,"vicepresidente, vicepresidencia, puerta, ramón, ocupar",16,2010-01-01,26_vicepresidente_vicepresidencia_ocupar...
27,"escuela, áulico, normal, edi, edifi",8,2010-01-01,27_educación_escuela_monumento_aconsejar
28,"2010, 2009, tour, xxxvi, beneplácito",20,2010-01-01,28_2007_2010_2006_07
30,"2010, ganadería, agricultura, 2009, octubre",10,2010-01-01,30_agropecuario_ganadería_productor_agri...
31,"reserva, solución, hipotecario, mínimas, 298",13,2010-01-01,31_deudor_deuda_hipotecario_crédito
32,"liberarme, creyente, confesional, rmación, uencia",1,2010-01-01,32_evangelios_santos_dios_jurar
33,"egocéntrico, desestabilizante, elitista, egoísta, resolutivo",4,2010-01-01,33_justicialista_juez_justicia_bancada
34,"matrimonio, civil, pareja, sexo, homosexual",23,2010-01-01,34_matrimonio_divorcio_cónyuge_hijo
35,"juvenil, interés, multimediático, antitabaco, sabotear",1,2010-01-01,35_teatral_radio_televisión_audiovisual
36,"memoria, rendido, homenajes, aurelio, collantes",17,2010-01-01,36_memoria_rendido_homenajes_rendir
37,"hidrocarburífera, negociar, inglés, fueloil, interés",2,2010-01-01,37_nuclear_energía_energético_gas
38,"cívica, concurrir, radical, unión, desconozco",8,2010-01-01,38_cívica_radical_unión_nombre
39,"votar, votarir, votado, votaríamo, recti",18,2010-01-01,39_votar_voté_votado_vota
40,"coarte, oter, haga, ere, cado",5,2010-01-01,40_leito_aparicio_alderete_leavy
41,"radar, radarización, aeronave, oaci, avión",7,2010-01-01,41_aéreo_aerolíneas_argentinas_aeronave
42,"discúlpeme, disculpe, lamento, disculpa, zoofi",16,2010-01-01,42_disculpe_disculpa_perdón_discúlpeme
43,"gabinete, ministros, jefe, fico, ceñir",6,2010-01-01,43_ministros_gabinete_jefe_ministro
44,"respetuoso, respeto, callar, concre, homenajeado",7,2010-01-01,44_respeto_respetar_respetuoso_señores
45,"interrumpar, oradora, dígaselir, bulla, escuchar",7,2010-01-01,45_escuchar_oradora_escuchaber_escuchen
46,"quórum, elimino, momento, simplifi, car",6,2010-01-01,46_momento_plazo_quórum_oportuno
47,"sr, , , , ",2,2010-01-01,47_agost_carreño_2º_xii
49,"infanticidio, psíquico, tratem, asociar, trater",1,2010-01-01,49_aborto_mujer_embarazo_salud
50,"justiciabilidad, alidez, 618, destinación, inv",3,2010-01-01,50_decreto_648_alidez_derogar
51,"noticiero, 1910, 1870, cornelio, sindicalista",5,2010-01-01,51_mujer_violencia_01_género
52,"ley, solicitadas, 113, fellner, 129",5,2010-01-01,52_ley_aviso_roja_definitivamente
53,"199, invitándome, secretario, denuncio, gabinete",8,2010-01-01,53_secretario_jefe_gabinete_secretaria
54,"micrófono, existir, escuchar, problema, él",1,2010-01-01,54_micrófono_audio_sonido_receptor
55,"consignado, textualmente, sugerencia, copia, redactado",3,2010-01-01,55_redacción_autor_copia_citación
56,"continúir, continúe, aclarado, punto, ",3,2010-01-01,56_continúir_finalizar_proseguir_continú...
57,"icto, desendeudamiento, oposición, provincia, conﬂ",9,2010-01-01,57_provincia_provincial_jurisdicción_int...
58,"carrió, afi, , , ",4,2010-01-01,58_registrado_sarghini_carrió_grosso
59,"monasterio, taquígrafos, horacio, director, concluido",11,2010-01-01,59_taquígrafos_director_cuerpo_monasteri...
61,"esteban, renuncia, desistimiento, presentado, signi",3,2010-01-01,61_renuncia_presentado_peticiones_renunc...
62,"risas, risa, francamente, ofender, sesionar",5,2010-01-01,62_risas_humor_risa_reír
63,"prócer, izó, renover, barranca, belgrano",1,2010-01-01,63_educación_educativo_universidad_docen...
65,"reglamentaristir, emplazar, 106, ciente, requerimiento",3,2010-01-01,65_boletín_prescindir_enunciación_resuel...
67,"rugir, asef, afi, , ",5,2010-01-01,67_massot_mayoraz_rugir_vallone
68,"glaciar, agua, ambiente, endicamiento, natural",5,2010-01-01,68_desastre_zona_emergencia_agropecuario
70,"24625, adicional, cigarrillo, 2011, venta",8,2010-01-01,70_tabaco_cigarrillo_tabacalero_fumar
72,"6º, interpretir, agregado, reafi, bonasso",3,2010-01-01,72_6º_7º_1º_8º
74,"ayúdeme, glaciar, conserv, tortugas, turísticos",2,2010-01-01,74_turismo_turístico_viaje_actividad
76,"compartir, morejón, compartirar, castaldo, vilma",13,2010-01-01,76_compartir_pala_natalia_morán
77,"nalizar, concedo, concedar, amadeo, complementar",11,2010-01-01,77_giacomo_stolbizer_nalizar_pala
78,"rectifi, increíble, reconsideración, dimensión, equivocar",1,2010-01-01,78_reconsideración_reconsiderar_formulo_...
82,"cuarenta, quince, transcurrir, procederer, izamiento",7,2010-01-01,82_treinta_veinte_segundo_quince
83,"485, 228, 152, arias, pico",3,2010-01-01,83_vea_pág_otación_él
87,"chubut, , , , ",1,2010-01-01,87_chubut_pala_sidencia_monti
88,"deporte, fútbol, presupuesto, millón, pesos",3,2010-01-01,88_deportivo_antidopaje_deporte_fútbol
89,"fracasado, recordar, , , ",1,2010-01-01,89_recordar_italo_nalizado_olvidar
90,"dispuesto, cambiar, giro, consulta, cambio",3,2010-01-01,90_cambio_juntos_cambiar_interbloque
91,"importancia, tema, , , ",1,2010-01-01,91_tema_motivo_razón_lógica
92,"oto, convocado, doña, electoral, abierto",11,2010-01-01,92_abierto_presencia_puestos_electoral
93,"alzado, mano, afi, practicar, pronuncie",8,2010-01-01,93_alzado_mano_levantar_afi
94,"nalizado, , , , ",1,2010-01-01,94_lipovetzky_coli_nalizado_santillán
95,"salidera, bancario, seno, tratar, investigar",3,2010-01-01,95_banco_central_directorio_negociación
97,"néstor, kirchner, dieta, descuento, cándola",2,2010-01-01,97_dieta_goce_homenajes_descuento
98,"turno, , , , ",1,2010-01-01,98_vuelta_garrido_giro_carasso
99,"alianza, 10, albrisi, igualitaria, 257476",5,2010-01-01,99_electoral_alianza_dni_candidato
100,"vázquez, , , , ",1,2010-01-01,100_osuna_llancafilo_vásquez_punto
102,"solicitud, inscripto, confeccionar, peticiones, interpretar",4,2010-01-01,102_solicitud_peticiones_solicité_solici...
103,"bloasimismo, agradecer, 097, impartido, 096",3,2010-01-01,103_agradecer_apreciación_agradecimiento...
104,"parlasur, mañana, dieciocho, habilitar, exponer",2,2010-01-01,104_mañana_ayer_acordar_desplacer
105,"ciencia, tecnología, ciento, transdisciplinario, conocimiento",2,2010-01-01,105_ciencia_tecnología_innovación_tecnol...
108,"sufi, cientemente, apoyado, ciente, postergación",6,2010-01-01,108_cientemente_apoyado_sufi_juliano
109,"magistratura, consejo, judicial, funcionamiento, juez",8,2010-01-01,109_corte_juez_patti_judicial
110,"cuerpo, consignado, wayar, indicación, aguad",5,2010-01-01,110_cuerpo_renumeración_corpacci_faculta...
114,"tortuga, ilegítimamente, explorar, industrial, camente",2,2010-01-01,114_pesca_pesquero_mar_buque
115,"ministros, gabinete, jefe, jefatura, ",11,2010-01-01,115_ministros_gabinete_jefe_sota
116,"aciones, disidencias, observ, ley, nitivamente",4,2010-01-01,116_resolución_disidencias_aciones_obser...
117,"consignar, , , , ",2,2010-01-01,117_suficientemente_apoyado_apoyar_consi...
119,"comenzar, satragno, individual, compartir, ",3,2010-01-01,119_comenzar_individual_comienzo_empezar
120,"otilla, gaza, ataque, propalestino, otillar",3,2010-01-01,120_the_israel_palestino_convention
124,"leído, afi, leer, incorporado, cado",10,2010-01-01,124_leído_leer_afi_leeré
125,"afi, , , , ",2,2010-01-01,125_contigiani_selva_afi_espinoza
126,"dessein, periodista, , , ",1,2010-01-01,126_periodista_periodístico_prensa_perio...
128,"volver, signifi, reitero, caso, ",3,2010-01-01,128_volver_nuevamente_otorgué_afi
129,"dotado, aberración, 1948, leo, posterioridad",1,2010-01-01,129_terrorismo_terrorista_humanos_derech...
130,"censo, rever, emplazamiento, sumamente, domicilio",1,2010-01-01,130_vivienda_alquiler_vendedor_locación
131,"miércoles, jueves, semana, procediéramo, viernes",12,2010-01-01,131_miércoles_jueves_semana_viernes
132,"ucr, nombre, insisto, aclaro, alfonsín",2,2010-01-01,132_nombre_apellido_pila_corrección
133,"recibir, negocio, ayudar, tanto, allá",1,2010-01-01,133_negociación_negociador_negociar_nego...
134,"afi, , , , ",5,2010-01-01,134_afi_paulón_robson_copello
135,"infanticidio, parir, expósito, mujer, dolor",2,2010-01-01,135_aborto_mujer_embarazo_vida
138,"debate, , , , ",1,2010-01-01,138_lombardi_vidal_debate_vivero
139,"afi, , , , ",10,2010-01-01,139_afi___
141,"movida, impedir, empezar, , ",1,2010-01-01,141_interrumpir_interrup_dencia_presi
143,"sométalo, haga, lanceta, vázquez, acercar",4,2010-01-01,143_indicar_tienir_yo_pala
145,"2010, beneplácito, h1n1, cretaría, 562",2,2010-01-01,145_salud_medicina_médico_medicamento
146,"nalizado, plantar, planteo, , ",2,2010-01-01,146_flores_plantee_riutort_planteo
149,"referir, déjeme, chubut, él, ",2,2010-01-01,149_referir_él_refer_déjeme
150,"acceder, afi, , , ",1,2010-01-01,150_laspina_acceder_afi_lasbanca
151,"autenticación, autenticacer, archivar, sometere, archivo",6,2010-01-01,151_autenticacer_archivar_formular_diari...
152,"solicité, oportunidad, , , ",1,2010-01-01,152_oportunidad_solicité_ocasión_aprovec...
153,"constitución, escucharer, delegar, interpretar, procederer",4,2010-01-01,153_constitución_jura_requerírsele_esqui...
154,"apoyo, justifi, car, mencionar, contrario",2,2010-01-01,154_apoyo_apoyar_apoyamos_adelantar
155,"funcionar, sistema, , , ",1,2010-01-01,155_sistema_electrónicamente_funcionar_l...
156,"iniciativa, favorablemente, indec, incorporado, ere",4,2010-01-01,156_iniciativa_ambos_resulta_brevedad
157,"redundante, eliminar, exactamente, corregir, eliminación",3,2010-01-01,157_eliminación_suprimir_eliminado_elimi...
158,"quedir, rendido, vertido, , ",2,2010-01-01,158_estévez_rendido_vertido_milman
159,"reconsiderar, , , , ",1,2010-01-01,159_reconsideración_reconsideracion_reco...
162,"pronunciado, pronunciamiento, , , ",2,2010-01-01,162_pronunciamiento_pronuncie_acento_éli...
163,"oncca, agraviar, exportación, cambiar, generar",1,2010-01-01,163_exportación_importación_mercadería_c...
166,"haití, 2010, minustah, naciones, unidas",6,2010-01-01,166_haití_minustah_unidas_naciones
167,"especifi, identi, car, nanciero, contener",2,2010-01-01,167_carro_nanni_mounier_car
169,"próximo, afi, seguir, , ",3,2010-01-01,169_próximo_listado_seguir_afi
172,"referencia, vázquez, afi, ocurrir, ",2,2010-01-01,172_referencia_coautor_referencien_lengu...
173,"reitero, escuchar, , , ",5,2010-01-01,173_escuchar_garay_reitero_escúchenme
175,"provisional, preparatorio, señores, conducir, designar",1,2010-01-01,175_pedidos_mociones_informes_consulta
176,"bonasso, manera, responder, pregunta, ",1,2010-01-01,176_pregunta_preguntar_contestar_respond...
178,"sugerir, , , , ",2,2010-01-01,178_sugerencia_sugerir_sugerido_acepto
180,"concedo, descontar, contrario, , ",1,2010-01-01,180_inconveniente_excusación_contrario_e...
181,"respetar, , , , ",2,2010-01-01,181_petri_respetar_petmite_calma
182,"pregunta, , , , ",1,2010-01-01,182_pregunta_realizar_preguntar_raro
183,"evangelios, santos, jura, dios, dutto",5,2010-01-01,183_evangelios_santos_jura_dios
186,"tema, , , , ",2,2010-01-01,186_pala_tema_hase_interesado
189,"versión, testar, taquigrá, taquigráfi, lea",4,2010-01-01,189_versión_taquigráfico_taquigráfi_taqu...
-1,"papel, prensa, 2011, trabajo, penal",1256,2011-01-01,-1_él_provincia_caso_año
0,"papel, prensa, clarín, medio, libertad",322,2011-01-01,0_argentino_argentina_país_gobierno
1,"presupuesto, 2012, gasto, scal, ciento",28,2011-01-01,1_presupuesto_gasto_ciento_millón
2,"álvarez, gil, peralta, albrieu, barrandeguy",57,2011-01-01,2_pastoriza_landau_abdala_silvestre
3,"debate, consenso, lavedra, gil, discusión",37,2011-01-01,3_debate_discusión_tema_debatir
4,"amalia, universidad, quilmes, elíades, irigaray",13,2011-01-01,4_educación_universidad_docente_educativ...
5,"división, fabricación, maquinaria, metálico, exceptuar",9,2011-01-01,5_energía_gas_combustible_combustibles
6,"penal, delito, código, terrorista, nanciero",57,2011-01-01,6_penal_código_pena_delito
7,"afi, 24401, 151, 138, 105",15,2011-01-01,7_afi_127_129_131
8,"competencia, impuesto, antitrust, europea, mercado",9,2011-01-01,8_impuesto_ganancia_tributario_fiscal
9,"registrar, afi, 147, él, acto",16,2011-01-01,9_registrar_afi_él_136
10,"dale, jueguen, harispe, oporto, ocaña",11,2011-01-01,10_haber_él_sr_referir
11,"prestación, trabajador, protegido, trabajo, prescrita",35,2011-01-01,11_trabajo_trabajador_empleador_laboral
12,"paciente, prepagar, salud, medicina, usuario",33,2011-01-01,12_salud_discapacidad_paciente_pública
13,"745, costa, 2011, agregado, poner",2,2011-01-01,13_precio_dólares_italo_millón
14,"president, domínguez, continuaríar, julián, andrés",10,2011-01-01,14_presiden_president_bue_sugerir
15,"arzac, doctor, paciente, alfredo, médico",14,2011-01-01,15_doctor_caride_hoz_ocupar
16,"lavedra, afi, gil, miramar, mocionar",11,2011-01-01,16_resulta_pala_afi_sin
18,"jubilar, alcancer, desocupados, prorrateo, bajador",3,2011-01-01,18_pensión_previsional_jubilado_jubilaci...
19,"jurar, requerir, mirkin, olseli, rinesi",24,2011-01-01,19_jurar_jura_someter_sr
20,"manifestaciones, puestos, jura, manifestación, requerírsele",20,2011-01-01,20_manifestaciones_manifestación_barra_l...
21,"6º, 217, 1º, afi, unanimidad",1,2011-01-01,21_diputados_5282_pala_pág
22,"amistosamente, 2011, constar, 221, presa",3,2011-01-01,22_militar_fuerza_defensa_soldati
23,"aire, papel, gratis, monopolio, medio",11,2011-01-01,23_político_democracia_partido_debate
24,"gasnea, bergel, mañana, legislador, adelantamiento",6,2011-01-01,24_legislador_congreso_legislativo_parla...
25,"cursaremos, campesina, rachid, mocase, miriam",3,2011-01-01,25_sr_pala_concedo_álvaro
26,"vicepresidencia, vicepresidenta, vicepresidente, negri, ciciliani",29,2011-01-01,26_vicepresidente_vicepresidencia_ocupar...
27,"3603966, 25922, inmueble, gustavo, ziegler",5,2011-01-01,27_educación_escuela_monumento_aconsejar
28,"2011, 876d, 2121, 2010, 3005",5,2011-01-01,28_2007_2010_2006_07
30,"ovino, 25422, ovina, productor, recuperación",14,2011-01-01,30_agropecuario_ganadería_productor_agri...
31,"prendaria, hipotecaria, notablemente, ejecución, suspensión",1,2011-01-01,31_deudor_deuda_hipotecario_crédito
32,"evangelios, santos, dios, jurar, jura",30,2011-01-01,32_evangelios_santos_dios_jurar
33,"juicioalastransnacioales, olmedo, propondrar, linchamiento, afip",6,2011-01-01,33_justicialista_juez_justicia_bancada
34,"menor, niño, 061, edad, 26",9,2011-01-01,34_matrimonio_divorcio_cónyuge_hijo
35,"papel, prensa, medio, audiovisual, radio",20,2011-01-01,35_teatral_radio_televisión_audiovisual
36,"memoria, sabato, zamarrita, escritor, ernesto",9,2011-01-01,36_memoria_rendido_homenajes_rendir
37,"kilogramo, limitado, consumir, región, inconclús",1,2011-01-01,37_nuclear_energía_energético_gas
38,"cívica, radical, unión, concejal, benedetti",16,2011-01-01,38_cívica_radical_unión_nombre
39,"votarar, alzado, agilizar, votado, votar",8,2011-01-01,39_votar_voté_votado_vota
40,"hicir, conteste, albrieu, tipo, ",4,2011-01-01,40_leito_aparicio_alderete_leavy
41,"aéreo, línea, partes, designado, aeronave",6,2011-01-01,41_aéreo_aerolíneas_argentinas_aeronave
42,"disculpe, bussetti, periódicos, otamo, quincenal",6,2011-01-01,42_disculpe_disculpa_perdón_discúlpeme
44,"pidan, respete, respeto, cordialidad, continúe",6,2011-01-01,44_respeto_respetar_respetuoso_señores
45,"señores, concejala, escuchar, colaborir, daniela",6,2011-01-01,45_escuchar_oradora_escuchaber_escuchen
46,"retrotraer, horas, momento, inventar, rato",6,2011-01-01,46_momento_plazo_quórum_oportuno
47,"2º, xiii, afi, xiv, xii",8,2011-01-01,47_agost_carreño_2º_xii
49,"asistido, hidratación, paciente, fertilización, suicidio",9,2011-01-01,49_aborto_mujer_embarazo_salud
50,"incorporamos, 529, escribano, formalizar, tes",2,2011-01-01,50_decreto_648_alidez_derogar
51,"violencia, mujer, convención, pará, belém",12,2011-01-01,51_mujer_violencia_01_género
52,"ley, prolongado, afi, ovina, 426",8,2011-01-01,52_ley_aviso_roja_definitivamente
53,"registrer, prosecretaria, pantalla, anotar, estrado",2,2011-01-01,53_secretario_jefe_gabinete_secretaria
54,"desconectar, micrófono, garganta, transformir, voz",3,2011-01-01,54_micrófono_audio_sonido_receptor
55,"azzi, papuccio, ecosur, fundación, invitar",4,2011-01-01,55_redacción_autor_copia_citación
56,"continúe, continúir, rogar, restar, restante",4,2011-01-01,56_continúir_finalizar_proseguir_continú...
57,"essra, trataría, pagasir, apartando, trataríar",5,2011-01-01,57_provincia_provincial_jurisdicción_int...
58,"registrado, inscrito, encontrar, , ",6,2011-01-01,58_registrado_sarghini_carrió_grosso
59,"monasterio, taquígrafos, horacio, director, levantado",9,2011-01-01,59_taquígrafos_director_cuerpo_monasteri...
62,"risas, chilecito, yoma, completamente, vino",3,2011-01-01,62_risas_humor_risa_reír
63,"nanciación, poquito, ere, refi, universitario",1,2011-01-01,63_educación_educativo_universidad_docen...
64,"giommi, brien, castañón, observador, morejón",4,2011-01-01,64_provincia_provincias_jura_requerírsel...
65,"rectifi, suscitarir, computir, planteer, caducó",7,2011-01-01,65_boletín_prescindir_enunciación_resuel...
67,"afi, , , , ",3,2011-01-01,67_massot_mayoraz_rugir_vallone
68,"2011, volcán, ceniza, sequía, angostura",7,2011-01-01,68_desastre_zona_emergencia_agropecuario
70,"tabaco, fumar, cigarrillo, humo, tabaquismo",21,2011-01-01,70_tabaco_cigarrillo_tabacalero_fumar
72,"8º, 7º, 1º, negativamente, otaremos",7,2011-01-01,72_6º_7º_1º_8º
74,"turístico, rural, desarrollo, turismo, promoción",3,2011-01-01,74_turismo_turístico_viaje_actividad
78,"reconsiderar, registrado, otorgar, él, ",2,2011-01-01,78_reconsideración_reconsiderar_formulo_...
80,"ifona, ingeniera, recursos, miom, primordial",6,2011-01-01,80_bosque_nativo_ambiental_forestal
81,"propon, agregar, coma, civil, igual",1,2011-01-01,81_civil_código_sustitución_padre
82,"asignado, cuarenta, , , ",1,2011-01-01,82_treinta_veinte_segundo_quince
84,"álvarez, , , , ",1,2011-01-01,84_yacobitti_verasay_pala_gollán
86,"entonar, estrofa, himno, extraordinarias, ituzaingó",2,2011-01-01,86_estrofa_entonar_himno_orquesta
87,"chubut, , , , ",3,2011-01-01,87_chubut_pala_sidencia_monti
89,"guren, trece, restar, restante, recordar",2,2011-01-01,89_recordar_italo_nalizado_olvidar
90,"manera, cambiar, norma, , ",1,2011-01-01,90_cambio_juntos_cambiar_interbloque
91,"anteriormente, tipo, razón, , ",1,2011-01-01,91_tema_motivo_razón_lógica
92,"doña, abierto, presencia, castañón, maris",5,2011-01-01,92_abierto_presencia_puestos_electoral
93,"alzado, piemonte, mano, stolbizer, rápido",2,2011-01-01,93_alzado_mano_levantar_afi
94,"santín, , , , ",1,2011-01-01,94_lipovetzky_coli_nalizado_santillán
97,"dieta, goce, 2077, fadul, olmedo",3,2011-01-01,97_dieta_goce_homenajes_descuento
98,"yarade, rueda, iniciar, , ",2,2011-01-01,98_vuelta_garrido_giro_carasso
99,"2011, fellner, operativa, eduardo, prosecretario",4,2011-01-01,99_electoral_alianza_dni_candidato
103,"felicito, composición, ejercer, cargo, lugar",1,2011-01-01,103_agradecer_apreciación_agradecimiento...
104,"mañana, comenzar, problema, , ",1,2011-01-01,104_mañana_ayer_acordar_desplacer
106,"soberanía, alimentaria, alimentario, desalojo, diocesano",4,2011-01-01,106_alimentario_alimento_programa_alimen...
107,"juliana, compañía, , , ",1,2011-01-01,107_italo_compañía_empresa_firma
108,"cientemente, apoyado, sufi, piemonte, renuncia",4,2011-01-01,108_cientemente_apoyado_sufi_juliano
109,"gura, inexistente, jurídicolegal, agendar, grobocopatel",2,2011-01-01,109_corte_juez_patti_judicial
110,"adoptaríar, cuerpo, pasarir, reúna, apoyado",4,2011-01-01,110_cuerpo_renumeración_corpacci_faculta...
116,"acordada, aciones, disidencias, observ, ley",1,2011-01-01,116_resolución_disidencias_aciones_obser...
119,"linares, comenzar, , , ",1,2011-01-01,119_comenzar_individual_comienzo_empezar
120,"terrorismo, protesta, humanos, derechos, giardinelli",4,2011-01-01,120_the_israel_palestino_convention
121,"semanario, castillo, rural, francisco, ",1,2011-01-01,121_castillo_loredo_ripoll_pichetto
122,"3º, 1º, afi, 4º, 2º",8,2011-01-01,122_3º_5º_polini_1º
124,"leído, 1º, afi, próximo, relativo",2,2011-01-01,124_leído_leer_afi_leeré
125,"afi, , , , ",2,2011-01-01,125_contigiani_selva_afi_espinoza
126,"acercar, vendedores, sindicato, noticias, estrado",20,2011-01-01,126_periodista_periodístico_prensa_perio...
128,"amadeo, respetuoso, nuevamente, someter, volver",2,2011-01-01,128_volver_nuevamente_otorgué_afi
129,"terrorismo, gafi, global, nanciero, lavado",4,2011-01-01,129_terrorismo_terrorista_humanos_derech...
131,"propon, viernes, jueves, miércoles, ",1,2011-01-01,131_miércoles_jueves_semana_viernes
132,"pila, prenombre, nombre, leímos, favario",4,2011-01-01,132_nombre_apellido_pila_corrección
134,"afi, , , , ",8,2011-01-01,134_afi_paulón_robson_copello
139,"afi, , , , ",4,2011-01-01,139_afi___
141,"parada, cancelar, donda, compartir, ",2,2011-01-01,141_interrumpir_interrup_dencia_presi
143,"acercar, formar, , , ",1,2011-01-01,143_indicar_tienir_yo_pala
145,"prepagar, salud, medicina, subsistema, preexistent",15,2011-01-01,145_salud_medicina_médico_medicamento
146,"liliana, mariela, chacho, oradora, parada",3,2011-01-01,146_flores_plantee_riutort_planteo
148,"hiciereis, demandar, chubut, caso, ",2,2011-01-01,148_caso_suponer_demandar_separado
149,"referir, él, , , ",4,2011-01-01,149_referir_él_refer_déjeme
153,"78s, 2011, habiéndose, 79, constitución",4,2011-01-01,153_constitución_jura_requerírsele_esqui...
154,"caluroso, quiebras, peronismo, apoyo, ",1,2011-01-01,154_apoyo_apoyar_apoyamos_adelantar
155,"afi, aparentemente, rma, sistema, ",2,2011-01-01,155_sistema_electrónicamente_funcionar_l...
156,"amabilidad, gentileza, borrador, reparo, brevedad",3,2011-01-01,156_iniciativa_ambos_resulta_brevedad
157,"estricto, suprimir, eliminación, afi, ",2,2011-01-01,157_eliminación_suprimir_eliminado_elimi...
161,"robles, masa, cooperativa, rosario, ",1,2011-01-01,161_marziotta_cobos_manes_gisela
162,"pronunciamiento, efectuado, ingresar, , ",1,2011-01-01,162_pronunciamiento_pronuncie_acento_éli...
164,"aronskind, económicas, uba, estrado, ciencias",1,2011-01-01,164_economía_ministro_ministerio_italo
165,"2011, 2010, boico, uba, ascona",2,2011-01-01,165_juicio_juez_doctor_actuación
167,"ratifi, car, , , ",1,2011-01-01,167_carro_nanni_mounier_car
169,"próximo, afi, mencionar, , ",1,2011-01-01,169_próximo_listado_seguir_afi
170,"afi, , , , ",6,2011-01-01,170_pala_afi__
171,"ficación, afi, ibarra, leído, acto",9,2011-01-01,171_ficación_afi_xiv_xix
173,"reitero, , , , ",1,2011-01-01,173_escuchar_garay_reitero_escúchenme
175,"provisional, señores, elección, disposición, ",1,2011-01-01,175_pedidos_mociones_informes_consulta
178,"sugerido, afi, , , ",1,2011-01-01,178_sugerencia_sugerir_sugerido_acepto
180,"contrario, abstener, interpretar, obligado, positivo",2,2011-01-01,180_inconveniente_excusación_contrario_e...
181,"respetar, , , , ",2,2011-01-01,181_petri_respetar_petmite_calma
182,"realizar, , , , ",1,2011-01-01,182_pregunta_realizar_preguntar_raro
183,"linda, yagüe, evangelios, santos, jura",4,2011-01-01,183_evangelios_santos_jura_dios
184,"audiencia, jornada, jueves, 2010, papel",11,2011-01-01,184_audiencia_guardar_público_requerírse...
186,"tema, , , , ",2,2011-01-01,186_pala_tema_hase_interesado
187,"permítamir, consulta, administrar, interbloque, previo",2,2011-01-01,187_consulta_consultar_asesoramiento_ase...
189,"crónica, video, versión, olvidé, taquigrá",3,2011-01-01,189_versión_taquigráfico_taquigráfi_taqu...
-1,"05, 03, indd, 2017, 08",1882,2012-01-01,-1_él_provincia_caso_año
0,"05, indd, 03, 2017, 09",707,2012-01-01,0_argentino_argentina_país_gobierno
1,"016, 01, 09, presupuesto, indd",36,2012-01-01,1_presupuesto_gasto_ciento_millón
2,"álvarez, 05, 03, indd, ferrari",100,2012-01-01,2_pastoriza_landau_abdala_silvestre
3,"debate, trimarco, interrumpim, retirarno, quedémonos",22,2012-01-01,3_debate_discusión_tema_debatir
4,"joven, 52, universitario, 09, ciencia",11,2012-01-01,4_educación_universidad_docente_educativ...
5,"08, 45, indd, 03, 05",25,2012-01-01,5_energía_gas_combustible_combustibles
6,"jgm, 10, pág, 12, 05",10,2012-01-01,6_penal_código_pena_delito
7,"afi, 132, 155, 153, 152",28,2012-01-01,7_afi_127_129_131
8,"anses, impuesto, 20, provincia, pesos",6,2012-01-01,8_impuesto_ganancia_tributario_fiscal
9,"registrar, afi, 231, 232, 181",35,2012-01-01,9_registrar_afi_él_136
10,"aceptar, asir, entrañable, hincha, utopía",11,2012-01-01,10_haber_él_sr_referir
11,"trabajador, 17, 08, 09, trabajo",35,2012-01-01,11_trabajo_trabajador_empleador_laboral
12,"26492, indd, 03, 05, 2017",23,2012-01-01,12_salud_discapacidad_paciente_pública
13,"acuñado, abismal, comprar, almacén, café",2,2012-01-01,13_precio_dólares_italo_millón
14,"president, acordar, permítame, registrir, noti",3,2012-01-01,14_presiden_president_bue_sugerir
15,"despouy, doctor, asseff, rearte, rma",5,2012-01-01,15_doctor_caride_hoz_ocupar
16,"buryaille, puiggrós, alcira, maris, pansa",6,2012-01-01,16_resulta_pala_afi_sin
17,"transporte, ferroviario, metropolitano, 25031, tba",16,2012-01-01,17_ferroviario_ruta_ferrocarril_transpor...
18,"2012, santín, judicializarlo, cívicaari, reclamo",3,2012-01-01,18_pensión_previsional_jubilado_jubilaci...
19,"matarazzo, fortaesto, abdala, waldino, agustín",12,2012-01-01,19_jurar_jura_someter_sr
20,"manifestaciones, palco, bandejo, manifestación, colaborir",36,2012-01-01,20_manifestaciones_manifestación_barra_l...
22,"05, 36, panóptico, 109dsd12, militarismo",3,2012-01-01,22_militar_fuerza_defensa_soldati
23,"05, indd, 03, 2017, 08",32,2012-01-01,23_político_democracia_partido_debate
24,"legislador, taquigráfi, revisora, versión, mixta",24,2012-01-01,24_legislador_congreso_legislativo_parla...
25,"magnetto, fap, zabalza, milman, ernesto",3,2012-01-01,25_sr_pala_concedo_álvaro
26,"vicepresidencia, vicepresidente, nominación, matarazzo, negri",14,2012-01-01,26_vicepresidente_vicepresidencia_ocupar...
27,"cicaré, ch, helicóptero, 21, motor",7,2012-01-01,27_educación_escuela_monumento_aconsejar
28,"2012, 2011, 738, 676, 934s",18,2012-01-01,28_2007_2010_2006_07
30,"manejar, comercialización, denigrarlo, enrojeceír, dejándolo",1,2012-01-01,30_agropecuario_ganadería_productor_agri...
31,"agn, rubro, contribuciones, externo, nucleoeléctrica",2,2012-01-01,31_deudor_deuda_hipotecario_crédito
32,"subtes, paletti, tranvía, premetro, iluminir",2,2012-01-01,32_evangelios_santos_dios_jurar
33,"salto, extraordinario, instancia, milman, venido",1,2012-01-01,33_justicialista_juez_justicia_bancada
34,"51, 37, documento, 85dsd12, 11",3,2012-01-01,34_matrimonio_divorcio_cónyuge_hijo
35,"12, 11, 2012, audiovisual, saltum",12,2012-01-01,35_teatral_radio_televisión_audiovisual
36,"navajas, trimarco, marita, verón, homenajes",5,2012-01-01,36_memoria_rendido_homenajes_rendir
37,"energético, ypf, 08, indd, 03",62,2012-01-01,37_nuclear_energía_energético_gas
38,"cívica, radical, unión, liderar, autorizaríir",16,2012-01-01,38_cívica_radical_unión_nombre
39,"votarir, sra, votare, 997, inscribir",3,2012-01-01,39_votar_voté_votado_vota
41,"carpeta, agn, sudamericana, dga, afip",8,2012-01-01,41_aéreo_aerolíneas_argentinas_aeronave
42,"discúlpeme, disculpa, disculpe, disculpado, anoto",12,2012-01-01,42_disculpe_disculpa_perdón_discúlpeme
43,"veracidad, permitir, prolongar, certeza, intención",1,2012-01-01,43_ministros_gabinete_jefe_ministro
44,"respetar, respeto, señores, respetuoso, ubiquir",21,2012-01-01,44_respeto_respetar_respetuoso_señores
45,"escuchar, oradora, despreocúpese, dismos, escúcheme",10,2012-01-01,45_escuchar_oradora_escuchaber_escuchen
46,"informa, inscripto, programación, jado, estaríar",4,2012-01-01,46_momento_plazo_quórum_oportuno
47,"2º, pansa, afi, , ",4,2012-01-01,47_agost_carreño_2º_xii
49,"asistido, técnica, embrión, gameto, reproducción",22,2012-01-01,49_aborto_mujer_embarazo_salud
50,"estatiene, 2012, decreto, siendo, validez",4,2012-01-01,50_decreto_648_alidez_derogar
51,"05, reclusión, cónyuge, mujer, concubino",21,2012-01-01,51_mujer_violencia_01_género
52,"ley, nitivamente, aviso, defiir, 32",7,2012-01-01,52_ley_aviso_roja_definitivamente
53,"lavedra, habida, gabinete, gil, jefe",2,2012-01-01,53_secretario_jefe_gabinete_secretaria
54,"desconectar, micrófono, concedo, oradora, favario",5,2012-01-01,54_micrófono_audio_sonido_receptor
55,"impreso, distribuir, , , ",1,2012-01-01,55_redacción_autor_copia_citación
56,"completar, continúir, restar, mantengan, rogar",7,2012-01-01,56_continúir_finalizar_proseguir_continú...
57,"lebierno, condensarir, bonaerense, viajar, preocupado",3,2012-01-01,57_provincia_provincial_jurisdicción_int...
58,"registrado, intendencia, giacomino, obiglio, registro",6,2012-01-01,58_registrado_sarghini_carrió_grosso
59,"monasterio, taquígrafos, levantado, horacio, solicitadas",4,2012-01-01,59_taquígrafos_director_cuerpo_monasteri...
60,"griesa, tomado, clarín, repudio, referido",1,2012-01-01,60_jaroslavsky_sr_manzano_proposición
61,"aragón, vacante, agustín, desempeñar, renuncia",2,2012-01-01,61_renuncia_presentado_peticiones_renunc...
62,"risas, chilecito, oradora, acostumbrado, pasión",5,2012-01-01,62_risas_humor_risa_reír
63,"estudiante, universitaria, paramédico, federación, joven",2,2012-01-01,63_educación_educativo_universidad_docen...
64,"conmocionado, nalizado, carla, repartir, generado",2,2012-01-01,64_provincia_provincias_jura_requerírsel...
65,"127, libreta, 190, soporte, certifi",2,2012-01-01,65_boletín_prescindir_enunciación_resuel...
66,"acordar, , , , ",2,2012-01-01,66_yasky_espert_acordar_allende
67,"rugir, afi, , , ",3,2012-01-01,67_massot_mayoraz_rugir_vallone
70,"cigarrillo, 24625, 2012, cigarrillos, venta",7,2012-01-01,70_tabaco_cigarrillo_tabacalero_fumar
72,"6º, 7º, 1º, afi, 8º",10,2012-01-01,72_6º_7º_1º_8º
73,"registrado, solicitud, , , ",1,2012-01-01,73_casas_bue_considera_figueroa
74,"bariloche, aventura, 10, decreto, triatlón",3,2012-01-01,74_turismo_turístico_viaje_actividad
75,"aviso, conferencia, abierto, unidad, mantener",1,2012-01-01,75_inte_ocaña_conferencia_abierto
76,"compartir, lavedra, avísenme, gil, sidra",16,2012-01-01,76_compartir_pala_natalia_morán
77,"concedo, nalizar, ceder, , ",6,2012-01-01,77_giacomo_stolbizer_nalizar_pala
78,"reconsideración, decidir, procedimiento, otorgar, ",2,2012-01-01,78_reconsideración_reconsiderar_formulo_...
80,"industrial, tancomo, desertifi, bosque, ciaria",1,2012-01-01,80_bosque_nativo_ambiental_forestal
82,"comprometí, cortir, utilizar, veinte, garramuño",4,2012-01-01,82_treinta_veinte_segundo_quince
83,"39, vea, 217dsd12, 45, 07",4,2012-01-01,83_vea_pág_otación_él
86,"2012, estrofa, entonar, himno, 2011",23,2012-01-01,86_estrofa_entonar_himno_orquesta
87,"chubut, , , , ",2,2012-01-01,87_chubut_pala_sidencia_monti
88,"futbolístico, atleta, pertenencia, conmemoración, deportes",2,2012-01-01,88_deportivo_antidopaje_deporte_fútbol
89,"hagar, recordar, habiéndose, anotar, metodología",4,2012-01-01,89_recordar_italo_nalizado_olvidar
90,"acostumbrado, regla, cambiar, , ",1,2012-01-01,90_cambio_juntos_cambiar_interbloque
91,"programado, porqué, tribuna, respetuoso, acto",4,2012-01-01,91_tema_motivo_razón_lógica
92,"viñuales, fiore, donkin, valle, doña",1,2012-01-01,92_abierto_presencia_puestos_electoral
94,"nalizado, , , , ",3,2012-01-01,94_lipovetzky_coli_nalizado_santillán
95,"nombré, aseveración, banco, prat, alusión",2,2012-01-01,95_banco_central_directorio_negociación
98,"vuelta, parada, garrido, , ",3,2012-01-01,98_vuelta_garrido_giro_carasso
99,"22, 9dsd12, 50, 21, guiño",1,2012-01-01,99_electoral_alianza_dni_candidato
102,"solicitud, solicitir, nota, solicité, anticipo",7,2012-01-01,102_solicitud_peticiones_solicité_solici...
103,"agradecer, señoras, ocupir, izamiento, concejal",5,2012-01-01,103_agradecer_apreciación_agradecimiento...
104,"mañana, girir, sesionacer, venado, tuerto",2,2012-01-01,104_mañana_ayer_acordar_desplacer
105,"ciencia, investigador, rolando, 08, 05",6,2012-01-01,105_ciencia_tecnología_innovación_tecnol...
106,"saludable, alimentación, promotora, 03, criterio",1,2012-01-01,106_alimentario_alimento_programa_alimen...
107,"colaboración, sugerir, compañía, conducir, conocer",1,2012-01-01,107_italo_compañía_empresa_firma
108,"apoyado, cientemente, sufi, 1308, ficientemente",13,2012-01-01,108_cientemente_apoyado_sufi_juliano
109,"saltum, corte, per, 13, 19",4,2012-01-01,109_corte_juez_patti_judicial
110,"cuerpo, sugerir, adelanto, cabo, afi",2,2012-01-01,110_cuerpo_renumeración_corpacci_faculta...
112,"cosa, , , , ",1,2012-01-01,112_resulta_gorleri_morales_gorila
114,"protegida, burdwood, namuncurá, centavo, pescar",3,2012-01-01,114_pesca_pesquero_mar_buque
115,"ministros, gabinete, jefe, , ",6,2012-01-01,115_ministros_gabinete_jefe_sota
116,"resolución, revisora, cuentas, archivo, resolucion",5,2012-01-01,116_resolución_disidencias_aciones_obser...
118,"auditor, explícitamente, esgrimir, rma, fundado",2,2012-01-01,118_auditoría_auditor_forlón_designado
119,"compartar, inicialmente, comenzar, avanzado, aguad",3,2012-01-01,119_comenzar_individual_comienzo_empezar
122,"5º, 3º, 6º, aclarar, ong",9,2012-01-01,122_3º_5º_polini_1º
124,"leído, completo, ordenar, realizado, cosa",2,2012-01-01,124_leído_leer_afi_leeré
125,"afi, , , , ",2,2012-01-01,125_contigiani_selva_afi_espinoza
126,"efecden, periodista, 1749, amenaza, homenajeado",2,2012-01-01,126_periodista_periodístico_prensa_perio...
128,"déjà, permítame, nuevamente, señalo, stolbizer",3,2012-01-01,128_volver_nuevamente_otorgué_afi
129,"versión, original, tortura, 21, humanos",4,2012-01-01,129_terrorismo_terrorista_humanos_derech...
130,"pyme, apoyo, vivienda, crédito, producción",1,2012-01-01,130_vivienda_alquiler_vendedor_locación
131,"viernes, jueves, horario, miércoles, consistir",1,2012-01-01,131_miércoles_jueves_semana_viernes
132,"nombre, ezequiel, rogar, argumedo, sucesivo",3,2012-01-01,132_nombre_apellido_pila_corrección
133,"quisiera, diplomacia, sendero, obviar, amplio",1,2012-01-01,133_negociación_negociador_negociar_nego...
134,"afi, , , , ",9,2012-01-01,134_afi_paulón_robson_copello
136,"doña, himno, electoral, abierto, presencia",13,2012-01-01,136_doña_himno_electoral_abierto
139,"afi, , , , ",11,2012-01-01,139_afi___
143,"libres, acercar, movimiento, sur, poner",2,2012-01-01,143_indicar_tienir_yo_pala
145,"mejorándolo, complementando, glosario, médicamente, pmo",2,2012-01-01,145_salud_medicina_médico_medicamento
147,"conocimiento, bertol, planteo, tomar, ",2,2012-01-01,147_conocimiento_información_tomar_conoc...
148,"rmativamente, resto, afi, caso, ",2,2012-01-01,148_caso_suponer_demandar_separado
149,"referir, él, , , ",1,2012-01-01,149_referir_él_refer_déjeme
150,"garantizar, cobertura, acceso, lugar, ",1,2012-01-01,150_laspina_acceder_afi_lasbanca
151,"autenticacer, formular, archivar, diarios, él",3,2012-01-01,151_autenticacer_archivar_formular_diari...
153,"adueñar, cómpliz, suscribo, feudal, oligarquía",1,2012-01-01,153_constitución_jura_requerírsele_esqui...
154,"apoyar, adelantar, apoyo, terada, acompañamiento",5,2012-01-01,154_apoyo_apoyar_apoyamos_adelantar
155,"electrónicamente, afi, , , ",1,2012-01-01,155_sistema_electrónicamente_funcionar_l...
156,"nalmente, semejante, iniciativa, pertenecer, incluir",2,2012-01-01,156_iniciativa_ambos_resulta_brevedad
158,"rendido, vertido, , , ",1,2012-01-01,158_estévez_rendido_vertido_milman
162,"pronunciamiento, xxv, ordenes, reiterar, ",2,2012-01-01,162_pronunciamiento_pronuncie_acento_éli...
163,"semántico, acotación, adicionar, especifi, total",1,2012-01-01,163_exportación_importación_mercadería_c...
164,"máxime, economía, convencido, servicio, popular",1,2012-01-01,164_economía_ministro_ministerio_italo
165,"629216685298, oluntaria, armas, 09, 26216",3,2012-01-01,165_juicio_juez_doctor_actuación
166,"2012, 023, estabilización, niemeyer, haití",4,2012-01-01,166_haití_minustah_unidas_naciones
169,"seguir, siguiente, , , ",3,2012-01-01,169_próximo_listado_seguir_afi
170,"afi, , , , ",5,2012-01-01,170_pala_afi__
171,"ficación, , , , ",3,2012-01-01,171_ficación_afi_xiv_xix
172,"referencia, personal, , , ",1,2012-01-01,172_referencia_coautor_referencien_lengu...
173,"escúchenme, escuchar, interesante, reitero, ",5,2012-01-01,173_escuchar_garay_reitero_escúchenme
175,"provisional, señores, elección, disposición, ",1,2012-01-01,175_pedidos_mociones_informes_consulta
176,"pregunta, responder, , , ",1,2012-01-01,176_pregunta_preguntar_contestar_respond...
177,"insumir, radical, , , ",1,2012-01-01,177_radical_radicalismo_bancada_evolució...
178,"sugerido, conjuntamente, sugerencia, someter, ",3,2012-01-01,178_sugerencia_sugerir_sugerido_acepto
180,"garrido, rechazar, incorporación, , ",1,2012-01-01,180_inconveniente_excusación_contrario_e...
181,"respetar, , , , ",3,2012-01-01,181_petri_respetar_petmite_calma
182,"albrieu, pregunta, realizar, , ",2,2012-01-01,182_pregunta_realizar_preguntar_raro
184,"sesionar, colaboración, guardar, necesitar, público",2,2012-01-01,184_audiencia_guardar_público_requerírse...
185,"gennaro, subpresidente, xlix, concedo, entero",3,2012-01-01,185_agregado_genera_resulta_gennaro
186,"interesado, tema, , , ",4,2012-01-01,186_pala_tema_hase_interesado
187,"consultar, previamente, afi, resolver, autoridad",2,2012-01-01,187_consulta_consultar_asesoramiento_ase...
189,"taquigráfi, versión, constar, taquigrá, enunciar",3,2012-01-01,189_versión_taquigráfico_taquigráfi_taqu...
-1,"2013, justicia, judicial, derecho, responsabilidad",1508,2013-01-01,-1_él_provincia_caso_año
0,"justicia, judicial, 24, irán, juez",621,2013-01-01,0_argentino_argentina_país_gobierno
1,"presupuesto, ciento, 2014, millón, gasto",51,2013-01-01,1_presupuesto_gasto_ciento_millón
2,"ortiz, magni, bernal, barrandeguy, catalán",120,2013-01-01,2_pastoriza_landau_abdala_silvestre
3,"debate, comenzar, aténgar, anatematizar, debatir",20,2013-01-01,3_debate_discusión_tema_debatir
4,"estudiante, centro, estudiantil, educativo, educación",10,2013-01-01,4_educación_universidad_docente_educativ...
5,"blanquear, blanqueo, premiar, debiera, expensas",4,2013-01-01,5_energía_gas_combustible_combustibles
6,"delito, penal, grooming, sexual, contacto",16,2013-01-01,6_penal_código_pena_delito
7,"afi, 130, 183, 139, 131",21,2013-01-01,7_afi_127_129_131
8,"impuesto, pesos, vehículo, imponible, 13",26,2013-01-01,8_impuesto_ganancia_tributario_fiscal
9,"registrar, 235, 129, 103, afi",29,2013-01-01,9_registrar_afi_él_136
10,"cordobazo, página, matutino, iniciadoro, molas",6,2013-01-01,10_haber_él_sr_referir
11,"empleador, trabajo, empleada, 13, contrato",17,2013-01-01,11_trabajo_trabajador_empleador_laboral
12,"indebido, ruta, tráfi, drogas, encomiéndese",10,2013-01-01,12_salud_discapacidad_paciente_pública
13,"mensurable, promedio, promediar, dólar, 77",3,2013-01-01,13_precio_dólares_italo_millón
14,"president, ortíz, 2012, violar, adjetivo",11,2013-01-01,14_presiden_president_bue_sugerir
15,"domínguez, julián, andrés, ocupar, doctor",4,2013-01-01,15_doctor_caride_hoz_ocupar
16,"aguilar, abtienir, insumido, mariela, alcira",10,2013-01-01,16_resulta_pala_afi_sin
17,"2012, alcorta, auditoría, cnrt, transporte",5,2013-01-01,17_ferroviario_ruta_ferrocarril_transpor...
19,"jurar, elmente, muñiz, jura, salino",17,2013-01-01,19_jurar_jura_someter_sr
20,"manifestaciones, importunir, barra, manifestación, elmente",27,2013-01-01,20_manifestaciones_manifestación_barra_l...
22,"chávez, comandante, rendido, proseguir, vertido",2,2013-01-01,22_militar_fuerza_defensa_soldati
23,"judicial, justicia, democracia, cialismo, magistratura",17,2013-01-01,23_político_democracia_partido_debate
24,"legislador, asiento, descarguen, detectamos, identi",29,2013-01-01,24_legislador_congreso_legislativo_parla...
25,"sra, referir, solicitud, yo, tema",1,2013-01-01,25_sr_pala_concedo_álvaro
26,"vicepresidencia, interbloqu, interbloque, vicepresidenta, vicepresidente",31,2013-01-01,26_vicepresidente_vicepresidencia_ocupar...
27,"lezama, parque, 12665, monumento, amortiguación",11,2013-01-01,27_educación_escuela_monumento_aconsejar
28,"2013, surf, mar, 2012, barrendero",10,2013-01-01,28_2007_2010_2006_07
29,"1973, homenajes, cardelli, parada, gdansky",2,2013-01-01,29_1984_1985_diputados_véanse
30,"ganadería, ortiz, agropecuario, áridas, agricultura",11,2013-01-01,30_agropecuario_ganadería_productor_agri...
31,"reapertura, buitre, canje, cerrojo, reestructuración",4,2013-01-01,31_deudor_deuda_hipotecario_crédito
32,"evangelios, santos, dios, jurar, jura",41,2013-01-01,32_evangelios_santos_dios_jurar
33,"subrogant, apologista, macán, maleducado, estuvir",9,2013-01-01,33_justicialista_juez_justicia_bancada
34,"casación, reproductivo, americana, 13, contencioso",9,2013-01-01,34_matrimonio_divorcio_cónyuge_hijo
35,"pág, teatralidad, transversal, impostura, ética",2,2013-01-01,35_teatral_radio_televisión_audiovisual
36,"memoria, homenajes, gossens, 952d, allende",6,2013-01-01,36_memoria_rendido_homenajes_rendir
37,"irán, 24, nuclear, gas, 48",4,2013-01-01,37_nuclear_energía_energético_gas
38,"cívica, unión, radical, integrante, frente",22,2013-01-01,38_cívica_radical_unión_nombre
39,"referéndum, vot, votarar, votado, simultáneo",5,2013-01-01,39_votar_voté_votado_vota
40,"partido, , , , ",1,2013-01-01,40_leito_aparicio_alderete_leavy
42,"disculpe, disculpa, acompañándonos, equivocadamente, discúlpeme",8,2013-01-01,42_disculpe_disculpa_perdón_discúlpeme
44,"respeto, respetar, respetame, respeté, sra",12,2013-01-01,44_respeto_respetar_respetuoso_señores
45,"escuchaber, interactuem, escuchar, callatir, escuchamir",8,2013-01-01,45_escuchar_oradora_escuchaber_escuchen
46,"aguarde, horas, oportuno, alterar, momento",4,2013-01-01,46_momento_plazo_quórum_oportuno
47,"2º, sacca, nuevamente, formalidad, cubrir",4,2013-01-01,47_agost_carreño_2º_xii
49,"asistido, reproducción, fertilización, pareja, infertilidad",15,2013-01-01,49_aborto_mujer_embarazo_salud
50,"sumarísima, alidez, ulián, bozzano, 462",2,2013-01-01,50_decreto_648_alidez_derogar
51,"mujer, violación, género, registro, desviado",16,2013-01-01,51_mujer_violencia_01_género
52,"ley, nitivamente, iniciadoro, aviso, gloriosa",9,2013-01-01,52_ley_aviso_roja_definitivamente
53,"avisar, secretaria, sr, , ",1,2013-01-01,53_secretario_jefe_gabinete_secretaria
54,"micrófono, abierto, suceder, aplicar, tener",1,2013-01-01,54_micrófono_audio_sonido_receptor
55,"autora, haciéndome, similar, eco, sra",5,2013-01-01,55_redacción_autor_copia_citación
56,"concluya, agotar, continúir, dolina, continúe",13,2013-01-01,56_continúir_finalizar_proseguir_continú...
57,"recobrir, facebook, ilicitud, twitter, esbozar",2,2013-01-01,57_provincia_provincial_jurisdicción_int...
58,"registro, , , , ",1,2013-01-01,58_registrado_sarghini_carrió_grosso
59,"pág, liermman, 655, monasterio, 648",4,2013-01-01,59_taquígrafos_director_cuerpo_monasteri...
62,"risas, contento, interprételo, movilizar, interrumpí",7,2013-01-01,62_risas_humor_risa_reír
63,"educativo, universidad, trasplante, educación, tejido",3,2013-01-01,63_educación_educativo_universidad_docen...
64,"elmente, requerírsele, jura, desempeñar, 60º",10,2013-01-01,64_provincia_provincias_jura_requerírsel...
65,"190, 127, 129, entender, procedimiento",1,2013-01-01,65_boletín_prescindir_enunciación_resuel...
66,"acordar, 192, cuerpo, metodología, ",2,2013-01-01,66_yasky_espert_acordar_allende
67,"afi, , , , ",3,2013-01-01,67_massot_mayoraz_rugir_vallone
68,"00, 30, 15, 45, juezas",3,2013-01-01,68_desastre_zona_emergencia_agropecuario
70,"tabacalero, 2012, cigarrillo, 2736, 1861",3,2013-01-01,70_tabaco_cigarrillo_tabacalero_fumar
72,"9º, 7º, séptimo, 1º, afi",3,2013-01-01,72_6º_7º_1º_8º
73,"registrado, solicitud, , , ",1,2013-01-01,73_casas_bue_considera_figueroa
74,"rmacer, concluyoir, inv, radar, satelital",1,2013-01-01,74_turismo_turístico_viaje_actividad
76,"compartir, gambaro, natalia, ferrári, stolbizer",22,2013-01-01,76_compartir_pala_natalia_morán
77,"nalizar, agotar, ceder, , ",2,2013-01-01,77_giacomo_stolbizer_nalizar_pala
81,"abstener, sra, guardar, civil, código",1,2013-01-01,81_civil_código_sustitución_padre
82,"ivana, gura, cuarenta, veinte, treinta",2,2013-01-01,82_treinta_veinte_segundo_quince
83,"diputa1, 637, vea, 304, pág",2,2013-01-01,83_vea_pág_otación_él
86,"entonar, estrofa, orquesta, himno, pág",16,2013-01-01,86_estrofa_entonar_himno_orquesta
87,"chubut, , , , ",1,2013-01-01,87_chubut_pala_sidencia_monti
88,"24819, arreen, 154, antidopaje, antidoping",2,2013-01-01,88_deportivo_antidopaje_deporte_fútbol
89,"refrescar, respeter, hagan, argumedo, recordar",1,2013-01-01,89_recordar_italo_nalizado_olvidar
90,"identi, cado, obtener, cambiar, ",1,2013-01-01,90_cambio_juntos_cambiar_interbloque
91,"envergadura, ahondar, ameritar, avanzado, tema",4,2013-01-01,91_tema_motivo_razón_lógica
93,"alzado, mano, , , ",1,2013-01-01,93_alzado_mano_levantar_afi
94,"nalizado, , , , ",3,2013-01-01,94_lipovetzky_coli_nalizado_santillán
95,"brito, macro, banco, , ",1,2013-01-01,95_banco_central_directorio_negociación
99,"fojas, candidato, electoral, cialización, 2013",5,2013-01-01,99_electoral_alianza_dni_candidato
101,"cero, poner, caso, , ",1,2013-01-01,101_negativa_cero_negativos_nulo
102,"referí, pitrola, peticiones, carrió, solicitud",2,2013-01-01,102_solicitud_peticiones_solicité_solici...
103,"amable, agradecer, bedano, invitación, gurar",4,2013-01-01,103_agradecer_apreciación_agradecimiento...
104,"haga, martes, fundamentar, tema, ",1,2013-01-01,104_mañana_ayer_acordar_desplacer
106,"sodio, sal, queso, sobre, panifi",2,2013-01-01,106_alimentario_alimento_programa_alimen...
108,"apoyado, cientemente, sufi, carrió, procederer",9,2013-01-01,108_cientemente_apoyado_sufi_juliano
109,"magistratura, juez, consejo, redactora, quintás",6,2013-01-01,109_corte_juez_patti_judicial
110,"colocaríir, cuerpo, sabbatella, respetuosamente, reemplazo",3,2013-01-01,110_cuerpo_renumeración_corpacci_faculta...
116,"resolución, currilen, aciones, disidencias, observ",3,2013-01-01,116_resolución_disidencias_aciones_obser...
118,"calvo, censo, legítimo, auditoría, doctrina",1,2013-01-01,118_auditoría_auditor_forlón_designado
119,"comenzar, nalizado, dictámen, iniciar, empezar",5,2013-01-01,119_comenzar_individual_comienzo_empezar
120,"irán, 24, amia, atentado, israel",8,2013-01-01,120_the_israel_palestino_convention
122,"3º, villata, señores, car, afi",2,2013-01-01,122_3º_5º_polini_1º
124,"leído, relativo, afi, , ",1,2013-01-01,124_leído_leer_afi_leeré
125,"afi, , , , ",3,2013-01-01,125_contigiani_selva_afi_espinoza
128,"gallinero, tranquilidad, modos, volver, atrás",3,2013-01-01,128_volver_nuevamente_otorgué_afi
129,"bozzano, gervasio, derechos, taquigráfi, civiles",2,2013-01-01,129_terrorismo_terrorista_humanos_derech...
131,"jueves, miércoles, viernes, considerer, propon",4,2013-01-01,131_miércoles_jueves_semana_viernes
132,"nombre, álvarez, asignado, registrado, peronista",2,2013-01-01,132_nombre_apellido_pila_corrección
134,"afi, , , , ",4,2013-01-01,134_afi_paulón_robson_copello
135,"embrión, asistido, pareja, reproducción, fertilización",6,2013-01-01,135_aborto_mujer_embarazo_vida
136,"doña, himno, electoral, aplauso, abierto",7,2013-01-01,136_doña_himno_electoral_abierto
139,"afi, , , , ",6,2013-01-01,139_afi___
143,"descuénteme, , , , ",1,2013-01-01,143_indicar_tienir_yo_pala
146,"plantedo, planteo, , , ",2,2013-01-01,146_flores_plantee_riutort_planteo
147,"expresir, unanimidad, correcto, conocimiento, información",2,2013-01-01,147_conocimiento_información_tomar_conoc...
148,"adelanto, caso, , , ",1,2013-01-01,148_caso_suponer_demandar_separado
149,"referir, él, , , ",1,2013-01-01,149_referir_él_refer_déjeme
150,"acceder, afi, , , ",1,2013-01-01,150_laspina_acceder_afi_lasbanca
151,"autenticacer, archivar, diarios, haber, obrar",4,2013-01-01,151_autenticacer_archivar_formular_diari...
153,"constitución, violar, afi, conocer, congreso",3,2013-01-01,153_constitución_jura_requerírsele_esqui...
154,"apoyo, compromiso, nombre, , ",1,2013-01-01,154_apoyo_apoyar_apoyamos_adelantar
155,"modelo, sistema, derecho, , ",1,2013-01-01,155_sistema_electrónicamente_funcionar_l...
158,"rendido, vertido, , , ",1,2013-01-01,158_estévez_rendido_vertido_milman
162,"pronunciamiento, discursividad, olita, fonética, xxviii",4,2013-01-01,162_pronunciamiento_pronuncie_acento_éli...
167,"disparate, caudal, camión, tamaño, ratifi",2,2013-01-01,167_carro_nanni_mounier_car
169,"próximo, siguiente, , , ",2,2013-01-01,169_próximo_listado_seguir_afi
170,"afi, , , , ",5,2013-01-01,170_pala_afi__
173,"escuchar, , , , ",2,2013-01-01,173_escuchar_garay_reitero_escúchenme
174,"traslado, , , , ",4,2013-01-01,174_traslado_montoto_solicitud_trasladar
175,"provisional, pondir, prescripto, propon, señores",2,2013-01-01,175_pedidos_mociones_informes_consulta
176,"consignar, pregunta, , , ",2,2013-01-01,176_pregunta_preguntar_contestar_respond...
177,"demonio, radical, parodia, ajustar, ocupir",5,2013-01-01,177_radical_radicalismo_bancada_evolució...
180,"provocación, dirigir, evitar, futuro, ",1,2013-01-01,180_inconveniente_excusación_contrario_e...
181,"respetar, , , , ",2,2013-01-01,181_petri_respetar_petmite_calma
182,"pregunta, realizar, , , ",4,2013-01-01,182_pregunta_realizar_preguntar_raro
183,"contrera, carrillo, jura, doña, evangelio",2,2013-01-01,183_evangelios_santos_jura_dios
184,"ceder, público, , , ",1,2013-01-01,184_audiencia_guardar_público_requerírse...
186,"tema, , , , ",1,2013-01-01,186_pala_tema_hase_interesado
187,"consulta, previo, , , ",1,2013-01-01,187_consulta_consultar_asesoramiento_ase...
188,"sodio, reducción, consumo, población, ",1,2013-01-01,188_azúcar_vino_fructosa_remolacha
-1,"2014, 2013, ypf, código, millón",2290,2014-01-01,-1_él_provincia_caso_año
0,"argentina, argentino, gobierno, néstor, ypf",848,2014-01-01,0_argentino_argentina_país_gobierno
1,"presupuesto, ación, ciento, inﬂ, 2015",51,2014-01-01,1_presupuesto_gasto_ciento_millón
2,"juárez, ortiz, molina, barreto, gagliardi",144,2014-01-01,2_pastoriza_landau_abdala_silvestre
3,"debate, oposición, discusión, haga, tipifi",31,2014-01-01,3_debate_discusión_tema_debatir
4,"universidad, madres, educación, fundación, obligatoriedad",59,2014-01-01,4_educación_universidad_docente_educativ...
5,"energético, petróleo, ypf, hidrocarburo, regalía",48,2014-01-01,5_energía_gas_combustible_combustibles
6,"código, procesal, penal, scal, acusatorio",49,2014-01-01,6_penal_código_pena_delito
7,"afi, 205, 217, 195, 206",22,2014-01-01,7_afi_127_129_131
8,"impuesto, ganancia, imponible, ación, inﬂ",23,2014-01-01,8_impuesto_ganancia_tributario_fiscal
9,"registrar, afi, 230, 140, 229",43,2014-01-01,9_registrar_afi_él_136
10,"formoseño, nieto, procedan, expresar, copete",16,2014-01-01,10_haber_él_sr_referir
11,"trabajo, trabajador, laboral, registrado, empleador",56,2014-01-01,11_trabajo_trabajador_empleador_laboral
12,"academia, bioquímica, 24824, derechos, discapacidad",12,2014-01-01,12_salud_discapacidad_paciente_pública
13,"alícuota, índice, facturación, denominación, distinción",3,2014-01-01,13_precio_dólares_italo_millón
14,"president, atento, bull, brevedad, acordar",18,2014-01-01,14_presiden_president_bue_sugerir
15,"domínguez, julián, andrés, profesoro, doctor",7,2014-01-01,15_doctor_caride_hoz_ocupar
16,"cobos, rogar, aguilar, nalizado, circunscríbar",24,2014-01-01,16_resulta_pala_afi_sin
17,"alsina, precursor, puente, tramo, autovía",5,2014-01-01,17_ferroviario_ruta_ferrocarril_transpor...
18,"previsional, regularización, moratoria, aporte, monotributista",12,2014-01-01,18_pensión_previsional_jubilado_jubilaci...
19,"patricia, durand, compartir, quilino, vituperar",12,2014-01-01,19_jurar_jura_someter_sr
20,"manifestaciones, manifestación, ley, nitivamente, barra",50,2014-01-01,20_manifestaciones_manifestación_barra_l...
22,"ingresado, cial, 001, 41486, 92dsd14",3,2014-01-01,22_militar_fuerza_defensa_soldati
23,"oposición, entristecir, bombardeen, destilería, entregar",16,2014-01-01,23_político_democracia_partido_debate
24,"legislador, observatorio, congreso, indec, legislativo",25,2014-01-01,24_legislador_congreso_legislativo_parla...
25,"arrogar, rugir, paraná, oeste, intendente",2,2014-01-01,25_sr_pala_concedo_álvaro
26,"vicepresidente, vicepresidenta, expedir, matarazzo, profesora",17,2014-01-01,26_vicepresidente_vicepresidencia_ocupar...
27,"dirección, patronato, monumento, asistencia, liberados",10,2014-01-01,27_educación_escuela_monumento_aconsejar
28,"2014, 2013, 531, 348, 1240",20,2014-01-01,28_2007_2010_2006_07
30,"ovino, consumidor, envasado, abastecimiento, productor",11,2014-01-01,30_agropecuario_ganadería_productor_agri...
31,"deudas, deuda, previsionales, consolidación, preexistente",8,2014-01-01,31_deudor_deuda_hipotecario_crédito
32,"nito, infi, cadena, telero, alternativa",5,2014-01-01,32_evangelios_santos_dios_jurar
33,"twitter, wensel, oluna, abogado, qued",6,2014-01-01,33_justicialista_juez_justicia_bancada
34,"divorcio, divorciar, código, causal, miguelito",2,2014-01-01,34_matrimonio_divorcio_cónyuge_hijo
35,"audiovisual, medio, monopólico, satélite, publicitario",11,2014-01-01,35_teatral_radio_televisión_audiovisual
36,"memoria, mercachiﬂ, demonty, colón, cristóbal",10,2014-01-01,36_memoria_rendido_homenajes_rendir
37,"ypf, energético, hidrocarburo, petróleo, autoabastecimiento",75,2014-01-01,37_nuclear_energía_energético_gas
38,"cívica, radical, unión, abstener, formoseño",22,2014-01-01,38_cívica_radical_unión_nombre
39,"votarar, voté, votar, rafaela, aclaro",15,2014-01-01,39_votar_voté_votado_vota
40,"otorguer, gill, anotar, sumir, toledo",5,2014-01-01,40_leito_aparicio_alderete_leavy
41,"radar, 001, 04, adicción, educativo",5,2014-01-01,41_aéreo_aerolíneas_argentinas_aeronave
42,"disculpe, perdóneme, discúlpeme, disculpa, interrumpir",16,2014-01-01,42_disculpe_disculpa_perdón_discúlpeme
43,"ministros, gabinete, jefe, pregunta, agradecimiento",22,2014-01-01,43_ministros_gabinete_jefe_ministro
44,"respetar, respetuoso, respeto, desmerecer, continúir",13,2014-01-01,44_respeto_respetar_respetuoso_señores
45,"oradora, escuchar, escuchen, escuchaber, ébola",23,2014-01-01,45_escuchar_oradora_escuchaber_escuchen
46,"oportuno, momento, interpretativo, noti, antelación",12,2014-01-01,46_momento_plazo_quórum_oportuno
47,"2º, , , , ",1,2014-01-01,47_agost_carreño_2º_xii
49,"embrión, asistido, fertilización, técnica, reproducción",26,2014-01-01,49_aborto_mujer_embarazo_salud
50,"1702, invalidez, 988, rechazo, desenredar",3,2014-01-01,50_decreto_648_alidez_derogar
51,"mujer, violencia, convención, erradicar, interamericana",6,2014-01-01,51_mujer_violencia_01_género
52,"ley, nitivamente, aviso, defiir, graficas",16,2014-01-01,52_ley_aviso_roja_definitivamente
53,"gabinete, jefe, respuesta, dejir, prosecretarios",16,2014-01-01,53_secretario_jefe_gabinete_secretaria
54,"micrófono, solá, cortir, voz, nervioso",7,2014-01-01,54_micrófono_audio_sonido_receptor
55,"textual, articulado, consultar, adelanto, original",2,2014-01-01,55_redacción_autor_copia_citación
56,"concluya, agotar, finitivo, continúir, javkin",9,2014-01-01,56_continúir_finalizar_proseguir_continú...
57,"nanciamiento, rmir, caja, bilateral, gobernador",3,2014-01-01,57_provincia_provincial_jurisdicción_int...
58,"registrado, carrió, afi, jen, sacca",24,2014-01-01,58_registrado_sarghini_carrió_grosso
59,"levantado, taquígrafos, vea, solicitadas, monasterio",7,2014-01-01,59_taquígrafos_director_cuerpo_monasteri...
60,"fallo, fuste, antipatria, karakachoff, ficado",1,2014-01-01,60_jaroslavsky_sr_manzano_proposición
61,"tejedor, ángel, renuncia, presentado, electoral",1,2014-01-01,61_renuncia_presentado_peticiones_renunc...
62,"tranquilito, risas, tranquilo, quedatir, nervioso",2,2014-01-01,62_risas_humor_risa_reír
63,"educación, universidad, obligatoriedad, educativo, superior",15,2014-01-01,63_educación_educativo_universidad_docen...
64,"ronconi, banal, aseverar, provincia, formoseño",6,2014-01-01,64_provincia_provincias_jura_requerírsel...
65,"solicitaré, 190, 113, 127, 129",4,2014-01-01,65_boletín_prescindir_enunciación_resuel...
66,"acordar, entendido, pedrini, , ",5,2014-01-01,66_yasky_espert_acordar_allende
67,"rugir, afi, cursar, , ",7,2014-01-01,67_massot_mayoraz_rugir_vallone
68,"inundación, productor, temporal, nalizada, odarda",2,2014-01-01,68_desastre_zona_emergencia_agropecuario
70,"smata, 2014, pág, holdouts, tabacalero",2,2014-01-01,70_tabaco_cigarrillo_tabacalero_fumar
71,"abstendrir, nombre, , , ",1,2014-01-01,71_abstenciones_abstención_afi_195
72,"6º, adelanto, negativamente, 1º, afi",5,2014-01-01,72_6º_7º_1º_8º
73,"registrado, solicitud, abrir, posibilidad, ",2,2014-01-01,73_casas_bue_considera_figueroa
74,"turismo, turístico, actividad, junio, ministerio",10,2014-01-01,74_turismo_turístico_viaje_actividad
76,"compartir, triaca, salino, javkin, villata",31,2014-01-01,76_compartir_pala_natalia_morán
77,"nalizar, stolbizer, concedo, cerrado, ",6,2014-01-01,77_giacomo_stolbizer_nalizar_pala
78,"reconsideración, reconsiderar, xii, afi, tomo",2,2014-01-01,78_reconsideración_reconsiderar_formulo_...
80,"inteligencia, nacio1, amia, indígena, estándar",4,2014-01-01,80_bosque_nativo_ambiental_forestal
81,"26994, rcial, 2532, 2560, 1625",3,2014-01-01,81_civil_código_sustitución_padre
82,"veinte, compartir, treinta, seguidamente, bazze",23,2014-01-01,82_treinta_veinte_segundo_quince
83,"vea, pág, 294, hábleme, 421",7,2014-01-01,83_vea_pág_otación_él
86,"himno, entonar, estrofa, pág, orquesta",28,2014-01-01,86_estrofa_entonar_himno_orquesta
87,"chubut, afi, , , ",3,2014-01-01,87_chubut_pala_sidencia_monti
88,"club, deporte, deportivo, barrio, dopaje",16,2014-01-01,88_deportivo_antidopaje_deporte_fútbol
89,"mencionárselo, recordar, emoción, estrado, acercar",4,2014-01-01,89_recordar_italo_nalizado_olvidar
90,"omiteír, toledo, ajustar, resto, cambio",2,2014-01-01,90_cambio_juntos_cambiar_interbloque
91,"expusir, preopinante, razón, señalar, tema",3,2014-01-01,91_tema_motivo_razón_lógica
92,"evangelina, josué, nieta, gagliardi, verónica",2,2014-01-01,92_abierto_presencia_puestos_electoral
93,"mano, alzado, levantar, identifi, afi",4,2014-01-01,93_alzado_mano_levantar_afi
94,"nalizado, negri, , , ",6,2014-01-01,94_lipovetzky_coli_nalizado_santillán
95,"centrales, extranjeros, bancos, excepción, extranjero",2,2014-01-01,95_banco_central_directorio_negociación
98,"assef, , , , ",1,2014-01-01,98_vuelta_garrido_giro_carasso
99,"alianza, pág, electoral, cialización, fojas",7,2014-01-01,99_electoral_alianza_dni_candidato
102,"solicitud, pereira, tineo, pradines, sánchez",5,2014-01-01,102_solicitud_peticiones_solicité_solici...
103,"agradecimiento, valentina, lmar, stand, visitante",4,2014-01-01,103_agradecer_apreciación_agradecimiento...
104,"estuvimos, mañana, ocurrir, , ",1,2014-01-01,104_mañana_ayer_acordar_desplacer
105,"politólogo, innacional, politóloga, ciencia, donnell",1,2014-01-01,105_ciencia_tecnología_innovación_tecnol...
106,"001, metodológico, carácter, 04, 05",4,2014-01-01,106_alimentario_alimento_programa_alimen...
108,"cientemente, apoyado, sufi, yoga, serén",5,2014-01-01,108_cientemente_apoyado_sufi_juliano
109,"soberano, reestructuración, fallo, manganeta, reinir",4,2014-01-01,109_corte_juez_patti_judicial
110,"bienvenidos, cuerpo, incorporado, agraviado, formoseño",4,2014-01-01,110_cuerpo_renumeración_corpacci_faculta...
113,"343, solicitadas, autorizado, 2014, vea",1,2014-01-01,113_2002_diputados_2001_noviembre
114,"ypf, perforación, contingencia, tasaciones, opessa",1,2014-01-01,114_pesca_pesquero_mar_buque
115,"ministros, gabinete, jefe, solicitud, ",46,2014-01-01,115_ministros_gabinete_jefe_sota
116,"aciones, disidencias, observ, ley, dictámen",2,2014-01-01,116_resolución_disidencias_aciones_obser...
117,"haber, él, , , ",1,2014-01-01,117_suficientemente_apoyado_apoyar_consi...
118,"jura1, 286, auditor, composición, vea",1,2014-01-01,118_auditoría_auditor_forlón_designado
119,"comenzarer, acercir, nuto, individual, comenzar",6,2014-01-01,119_comenzar_individual_comienzo_empezar
120,"afectados, mesopotamia, pueblos, declaración, litoral",1,2014-01-01,120_the_israel_palestino_convention
122,"5º, 4º, 3º, adelanto, afi",2,2014-01-01,122_3º_5º_polini_1º
123,"001, 32, 04, 12, 53",1,2014-01-01,123_vacuna_vacunación_covid_salud
124,"leído, afi, , , ",3,2014-01-01,124_leído_leer_afi_leeré
125,"afi, , , , ",4,2014-01-01,125_contigiani_selva_afi_espinoza
126,"periodista, repudio, amenaza, sufrido, 2014",8,2014-01-01,126_periodista_periodístico_prensa_perio...
128,"agotar, resto, afi, volver, ",2,2014-01-01,128_volver_nuevamente_otorgué_afi
129,"humanos, derechos, autoengaño, imprescriptibilidad, inventariar",9,2014-01-01,129_terrorismo_terrorista_humanos_derech...
130,"13567, 13625, inmuebles, inmueble, concerniente",1,2014-01-01,130_vivienda_alquiler_vendedor_locación
131,"viernes, jueves, miércoles, propon, jado",2,2014-01-01,131_miércoles_jueves_semana_viernes
134,"afi, , , , ",8,2014-01-01,134_afi_paulón_robson_copello
135,"embrión, fertilización, asistido, vitro, técnica",4,2014-01-01,135_aborto_mujer_embarazo_vida
136,"doña, electoral, himno, abierto, presencia",14,2014-01-01,136_doña_himno_electoral_abierto
138,"debate, , , , ",1,2014-01-01,138_lombardi_vidal_debate_vivero
139,"afi, , , , ",8,2014-01-01,139_afi___
141,"interrumpir, , , , ",1,2014-01-01,141_interrumpir_interrup_dencia_presi
143,"calmé, dígaselir, carrió, , ",1,2014-01-01,143_indicar_tienir_yo_pala
146,"expresárir, crioconservación, descarte, sutil, tipi",2,2014-01-01,146_flores_plantee_riutort_planteo
148,"anunció, apatridia, 1223, rmante, ypefi",6,2014-01-01,148_caso_suponer_demandar_separado
150,"acceder, afi, , , ",1,2014-01-01,150_laspina_acceder_afi_lasbanca
152,"oportunidad, discusión, presentar, , ",2,2014-01-01,152_oportunidad_solicité_ocasión_aprovec...
153,"adelantar, constitucionalmente, obvio, aplicar, constitución",2,2014-01-01,153_constitución_jura_requerírsele_esqui...
155,"informático, encargar, consignar, sugerencia, constar",2,2014-01-01,155_sistema_electrónicamente_funcionar_l...
156,"iniciativa, separado, igualmente, vocación, adelanto",3,2014-01-01,156_iniciativa_ambos_resulta_brevedad
157,"fap, eliminar, interbloque, directamente, adherir",1,2014-01-01,157_eliminación_suprimir_eliminado_elimi...
158,"rendido, vertido, , , ",1,2014-01-01,158_estévez_rendido_vertido_milman
159,"reconsiderar, , , , ",1,2014-01-01,159_reconsideración_reconsideracion_reco...
162,"pronunciamiento, pronuncien, brevedad, atento, manifestación",4,2014-01-01,162_pronunciamiento_pronuncie_acento_éli...
163,"directiva, decreto, 2009, mercosur, extrazona",3,2014-01-01,163_exportación_importación_mercadería_c...
164,"desembolsado, perfectamente, nanciamiento, estrategia, vista",1,2014-01-01,164_economía_ministro_ministerio_italo
165,"liberpueblo, tauber, bergés, jarque, cta",1,2014-01-01,165_juicio_juez_doctor_actuación
166,"haití, minustah, tropa, misión, naciones",24,2014-01-01,166_haití_minustah_unidas_naciones
167,"identi, car, , , ",1,2014-01-01,167_carro_nanni_mounier_car
168,"biodiésel, gasoil, combustible, biocombustibl, producción",20,2014-01-01,168_biocombustibl_biodiésel_combustible_...
169,"próximo, seguir, referencia, , ",3,2014-01-01,169_próximo_listado_seguir_afi
170,"afi, , , , ",1,2014-01-01,170_pala_afi__
171,"ficación, , , , ",2,2014-01-01,171_ficación_afi_xiv_xix
173,"escuchar, reitero, avance, , ",7,2014-01-01,173_escuchar_garay_reitero_escúchenme
174,"traslado, tema, , , ",9,2014-01-01,174_traslado_montoto_solicitud_trasladar
175,"provisional, señores, elección, disposición, ",1,2014-01-01,175_pedidos_mociones_informes_consulta
177,"radical, solicitarar, abstener, restar, inmediatamente",5,2014-01-01,177_radical_radicalismo_bancada_evolució...
178,"sugerido, , , , ",1,2014-01-01,178_sugerencia_sugerir_sugerido_acepto
180,"tendrir, insumir, incorporar, inconveniente, él",1,2014-01-01,180_inconveniente_excusación_contrario_e...
181,"respetar, , , , ",4,2014-01-01,181_petri_respetar_petmite_calma
182,"realizar, , , , ",4,2014-01-01,182_pregunta_realizar_preguntar_raro
183,"casañas, gallardo, elmente, miriam, requerir",1,2014-01-01,183_evangelios_santos_jura_dios
184,"guardar, público, rogar, rugir, expresar",13,2014-01-01,184_audiencia_guardar_público_requerírse...
185,"xxxiii, conjunta, afi, , ",1,2014-01-01,185_agregado_genera_resulta_gennaro
186,"tema, , , , ",1,2014-01-01,186_pala_tema_hase_interesado
189,"taquigráfi, versión, vayamos, fundamentación, nicolás",2,2014-01-01,189_versión_taquigráfico_taquigráfi_taqu...
-1,"china, asignación, 15, inteligencia, 2015",1107,2015-01-01,-1_él_provincia_caso_año
0,"inteligencia, ferrocarril, año, argentina, asignación",337,2015-01-01,0_argentino_argentina_país_gobierno
1,"presupuesto, cit, ciento, pesos, millón",42,2015-01-01,1_presupuesto_gasto_ciento_millón
2,"juárez, ortiz, maillmann, molina, barreto",57,2015-01-01,2_pastoriza_landau_abdala_silvestre
3,"consenso, detendrar, debate, vuelta, 1922",11,2015-01-01,3_debate_discusión_tema_debatir
4,"tecnicatura, areco, universitario, alumno, extendido",10,2015-01-01,4_educación_universidad_docente_educativ...
5,"carboníferos, ycf, yacimientos, fiscales, energía",32,2015-01-01,5_energía_gas_combustible_combustibles
6,"inhabilitación, penal, pena, código, prisión",27,2015-01-01,6_penal_código_pena_delito
7,"afi, 198, 128, 129, 2266",17,2015-01-01,7_afi_127_129_131
8,"prórroga, estructura, impuesto, gastar, tributario",3,2015-01-01,8_impuesto_ganancia_tributario_fiscal
9,"registrar, registrado, afi, 216, 185",14,2015-01-01,9_registrar_afi_él_136
10,"silbido, inconveniente, conceder, anotar, muchacho",7,2015-01-01,10_haber_él_sr_referir
11,"trabajador, 20744, trabajo, injuriosa, empleo",18,2015-01-01,11_trabajo_trabajador_empleador_laboral
12,"guardavida, acuático, guardavidas, ambiente, gremial",3,2015-01-01,12_salud_discapacidad_paciente_pública
13,"concesión, trucha, precios, viceministro, machinea",3,2015-01-01,13_precio_dólares_italo_millón
14,"president, designado, desear, haer, férreo",4,2015-01-01,14_presiden_president_bue_sugerir
15,"julián, domínguez, doctor, 2015, febrero",4,2015-01-01,15_doctor_caride_hoz_ocupar
16,"abstener, afi, manuel, eric, calvet",8,2015-01-01,16_resulta_pala_afi_sin
17,"ferroviario, ferrocarril, transporte, tren, carga",79,2015-01-01,17_ferroviario_ruta_ferrocarril_transpor...
18,"previsional, optativo, malvinas, benefi, cio",4,2015-01-01,18_pensión_previsional_jubilado_jubilaci...
19,"nelly, elia, lagoria, jurar, renée",18,2015-01-01,19_jurar_jura_someter_sr
20,"manifestaciones, manifestación, nitivamente, urroz, ley",24,2015-01-01,20_manifestaciones_manifestación_barra_l...
22,"1547, combatient, inteligencia, excepcional, malvinas",9,2015-01-01,22_militar_fuerza_defensa_soldati
23,"guzmán, intendente, renovador, irregularidad, estafar",11,2015-01-01,23_político_democracia_partido_debate
24,"legislador, comienzo, asamblea, explicitado, regresar",8,2015-01-01,24_legislador_congreso_legislativo_parla...
26,"vicepresidencia, vicepresidenta, gioja, vicepresidente, interbloque",13,2015-01-01,26_vicepresidente_vicepresidencia_ocupar...
27,"areco, antonio, universidad, tecnicatura, universitario",4,2015-01-01,27_educación_escuela_monumento_aconsejar
28,"15, 14, 2015, 2311, 373",18,2015-01-01,28_2007_2010_2006_07
29,"1896, tesitura, resarcimiento, 1754, 1755",3,2015-01-01,29_1984_1985_diputados_véanse
30,"criancero, arbusto, atriplex, gramínea, presupuesto",2,2015-01-01,30_agropecuario_ganadería_productor_agri...
31,"agradeciéndole, solventado, nanciada, instrumentos, bancarios",2,2015-01-01,31_deudor_deuda_hipotecario_crédito
32,"evangelios, jurar, santos, dios, requerírsele",36,2015-01-01,32_evangelios_santos_dios_jurar
33,"extrajudicial, cobro, jurar, conter, glorioso",5,2015-01-01,33_justicialista_juez_justicia_bancada
34,"confron, sujetos, satisfecho, tutela, jurista",1,2015-01-01,34_matrimonio_divorcio_cónyuge_hijo
35,"15, 14, teatro, geoestacionario, audiovisuales",6,2015-01-01,35_teatral_radio_televisión_audiovisual
36,"memoria, morlachetti, jurar, lebbos, velázquez",8,2015-01-01,36_memoria_rendido_homenajes_rendir
37,"energía, renovable, energético, dólares, millón",4,2015-01-01,37_nuclear_energía_energético_gas
38,"cívica, radical, unión, 2266, voltear",12,2015-01-01,38_cívica_radical_unión_nombre
39,"voté, gana, votar, complejo, explicar",2,2015-01-01,39_votar_voté_votado_vota
40,"aclaro, verifi, can, interesar, afi",5,2015-01-01,40_leito_aparicio_alderete_leavy
41,"aéreo, navegación, servicio, eana, aviación",14,2015-01-01,41_aéreo_aerolíneas_argentinas_aeronave
42,"discúlpeme, disculpe, perdón, colaborir, procederer",6,2015-01-01,42_disculpe_disculpa_perdón_discúlpeme
44,"asignado, respeto, respetar, faltar, schimidt",9,2015-01-01,44_respeto_respetar_respetuoso_señores
45,"escuchar, oradora, imposible, guardar, ramona",9,2015-01-01,45_escuchar_oradora_escuchaber_escuchen
46,"aguardemos, alcanzarer, mociono, ingresen, ingresar",4,2015-01-01,46_momento_plazo_quórum_oportuno
48,"cablevisión, enervar, formalismo, revalorizar, comparecer",1,2015-01-01,48_suizo_suiza_italo_accionista
49,"asignación, universal, hijo, embarazo, uca",5,2015-01-01,49_aborto_mujer_embarazo_salud
50,"1069, tesitura, votarar, correspondierar, nitivamente",2,2015-01-01,50_decreto_648_alidez_derogar
51,"género, violencia, carol, transformarer, instituir",7,2015-01-01,51_mujer_violencia_01_género
52,"nitivamente, ley, aviso, defiir, antirreglamentario",14,2015-01-01,52_ley_aviso_roja_definitivamente
53,"pezoa, colaborador, secretario, negri, quince",2,2015-01-01,53_secretario_jefe_gabinete_secretaria
54,"micrófono, trabajadora, juego, caprichosamente, ciente",4,2015-01-01,54_micrófono_audio_sonido_receptor
55,"autoricir, nalmente, redactado, autor, gustar",2,2015-01-01,55_redacción_autor_copia_citación
58,"registrado, afi, , , ",19,2015-01-01,58_registrado_sarghini_carrió_grosso
59,"habiéndose, castellano, 210, levantado, taquígrafos",1,2015-01-01,59_taquígrafos_director_cuerpo_monasteri...
61,"renuncia, sel, vehemencia, presentado, reconsiderar",3,2015-01-01,61_renuncia_presentado_peticiones_renunc...
62,"alejamiento, extrañar, risas, lamentar, corto",1,2015-01-01,62_risas_humor_risa_reír
64,"garretón, ailén, plácidamente, analuz, requerírsele",4,2015-01-01,64_provincia_provincias_jura_requerírsel...
65,"pág, boletín, parrilli, 511, 509",3,2015-01-01,65_boletín_prescindir_enunciación_resuel...
66,"preopinante, acordar, , , ",1,2015-01-01,66_yasky_espert_acordar_allende
70,"pág, boletín, 1068, decreto, cigarrillo",2,2015-01-01,70_tabaco_cigarrillo_tabacalero_fumar
73,"registrado, solicitud, , , ",2,2015-01-01,73_casas_bue_considera_figueroa
74,"2271, turísticos, 454, bianciotto, rurales",1,2015-01-01,74_turismo_turístico_viaje_actividad
76,"compartir, comenzarer, mestre, gill, javkin",11,2015-01-01,76_compartir_pala_natalia_morán
77,"nalizar, , , , ",2,2015-01-01,77_giacomo_stolbizer_nalizar_pala
78,"reconsideración, amable, reconsiderar, cobos, apoyamos",1,2015-01-01,78_reconsideración_reconsiderar_formulo_...
80,"kyoto, emisión, protocolo, cclre, 1990",2,2015-01-01,80_bosque_nativo_ambiental_forestal
82,"compartir, veinte, treinta, asseff, inexorable",14,2015-01-01,82_treinta_veinte_segundo_quince
83,"1069, vea, pág, él, ",1,2015-01-01,83_vea_pág_otación_él
86,"estrofa, entonar, himno, pág, orquesta",13,2015-01-01,86_estrofa_entonar_himno_orquesta
87,"chubut, registrado, , , ",5,2015-01-01,87_chubut_pala_sidencia_monti
88,"deporte, deportivo, ente, directorio, física",15,2015-01-01,88_deportivo_antidopaje_deporte_fútbol
89,"desacostumbrado, nostalgia, nalizado, abuelo, tren",2,2015-01-01,89_recordar_italo_nalizado_olvidar
90,"suscripto, sugerir, intención, cambio, ",1,2015-01-01,90_cambio_juntos_cambiar_interbloque
91,"serio, tema, , , ",1,2015-01-01,91_tema_motivo_razón_lógica
93,"alzado, mano, afi, , ",1,2015-01-01,93_alzado_mano_levantar_afi
94,"nalizado, acerenza, lipovetzky, grosso, samanta",3,2015-01-01,94_lipovetzky_coli_nalizado_santillán
98,"bis, giro, garrido, , ",2,2015-01-01,98_vuelta_garrido_giro_carasso
99,"2015, inchausti, monzó, eugenio, emilio",6,2015-01-01,99_electoral_alianza_dni_candidato
100,"tapón, punta, , , ",1,2015-01-01,100_osuna_llancafilo_vásquez_punto
102,"solicitud, solicitarar, solicité, acompañamos, estipulado",5,2015-01-01,102_solicitud_peticiones_solicité_solici...
103,"agradecer, hágalo, pereira, amabilidad, bienvenido",8,2015-01-01,103_agradecer_apreciación_agradecimiento...
104,"paso, ayer, color, nalizar, aclaro",2,2015-01-01,104_mañana_ayer_acordar_desplacer
106,"247, 26396, trastorno, alimentario, 2014",3,2015-01-01,106_alimentario_alimento_programa_alimen...
107,"importar, acá, presentar, empresa, ",1,2015-01-01,107_italo_compañía_empresa_firma
108,"cientemente, apoyado, sufi, insufi, pronunciamiento",5,2015-01-01,108_cientemente_apoyado_sufi_juliano
110,"cuerpo, expidir, manifestaciones, reitero, presentado",4,2015-01-01,110_cuerpo_renumeración_corpacci_faculta...
116,"aciones, resolución, disidencias, observ, dictámen",3,2015-01-01,116_resolución_disidencias_aciones_obser...
117,"aclarado, proclamar, , , ",1,2015-01-01,117_suficientemente_apoyado_apoyar_consi...
118,"auditor, auditores, forlón, auditoría, doctor",8,2015-01-01,118_auditoría_auditor_forlón_designado
119,"comenzar, ronda, sturzenegger, quisiser, restar",7,2015-01-01,119_comenzar_individual_comienzo_empezar
120,"víctima, embajada, atentado, israel, compon",3,2015-01-01,120_the_israel_palestino_convention
122,"tercer, , , , ",1,2015-01-01,122_3º_5º_polini_1º
123,"vacuna, 7681001, 2684610, difícil, ninguneada",1,2015-01-01,123_vacuna_vacunación_covid_salud
124,"leer, correcto, urgencia, explicar, él",1,2015-01-01,124_leído_leer_afi_leeré
128,"otorgué, salir, volver, , ",3,2015-01-01,128_volver_nuevamente_otorgué_afi
129,"independiente, inteligencia, scal, codo, justicia",4,2015-01-01,129_terrorismo_terrorista_humanos_derech...
130,"llame, 1200000, cre, 50000, vivienda",1,2015-01-01,130_vivienda_alquiler_vendedor_locación
132,"negri, candidato, nombre, , ",1,2015-01-01,132_nombre_apellido_pila_corrección
134,"afi, , , , ",4,2015-01-01,134_afi_paulón_robson_copello
136,"doña, himno, electoral, pág, convocado",8,2015-01-01,136_doña_himno_electoral_abierto
139,"afi, , , , ",7,2015-01-01,139_afi___
143,"otaríamo, escúcheme, tenías, comprendí, molestir",2,2015-01-01,143_indicar_tienir_yo_pala
146,"plantee, , , , ",1,2015-01-01,146_flores_plantee_riutort_planteo
148,"indicación, acercar, suponer, ocasión, anterior",2,2015-01-01,148_caso_suponer_demandar_separado
149,"referir, él, , , ",1,2015-01-01,149_referir_él_refer_déjeme
150,"acceder, afi, , , ",1,2015-01-01,150_laspina_acceder_afi_lasbanca
151,"someter, , , , ",1,2015-01-01,151_autenticacer_archivar_formular_diari...
152,"perdiser, oportunidad, mitad, mecanismo, cambiar",1,2015-01-01,152_oportunidad_solicité_ocasión_aprovec...
153,"villalonga, golpista, aramburu, jura, derogar",2,2015-01-01,153_constitución_jura_requerírsele_esqui...
154,"unen, apoyar, cientemente, apoyado, ucr",2,2015-01-01,154_apoyo_apoyar_apoyamos_adelantar
156,"concuerdo, incluido, iniciativa, garrido, brevemente",3,2015-01-01,156_iniciativa_ambos_resulta_brevedad
158,"rendido, vertido, , , ",1,2015-01-01,158_estévez_rendido_vertido_milman
161,"cobos, , , , ",1,2015-01-01,161_marziotta_cobos_manes_gisela
162,"pronunciamiento, xiii, acompañamos, sánchez, dictámen",5,2015-01-01,162_pronunciamiento_pronuncie_acento_éli...
165,"trelew, 2014, 20744, masacre, paccagnini",2,2015-01-01,165_juicio_juez_doctor_actuación
170,"afi, , , , ",2,2015-01-01,170_pala_afi__
171,"ycf, , , , ",1,2015-01-01,171_ficación_afi_xiv_xix
173,"escuchar, , , , ",1,2015-01-01,173_escuchar_garay_reitero_escúchenme
174,"traslado, , , , ",3,2015-01-01,174_traslado_montoto_solicitud_trasladar
175,"provisional, elección, disposición, , ",1,2015-01-01,175_pedidos_mociones_informes_consulta
177,"acompañarer, radicalismo, iniciativa, , ",1,2015-01-01,177_radical_radicalismo_bancada_evolució...
180,"inconveniente, ficiente, caber, veri, rmativamente",3,2015-01-01,180_inconveniente_excusación_contrario_e...
181,"respetar, , , , ",1,2015-01-01,181_petri_respetar_petmite_calma
182,"realizar, , , , ",1,2015-01-01,182_pregunta_realizar_preguntar_raro
183,"eloy, pasini, ariel, osvaldo, requerírsele",1,2015-01-01,183_evangelios_santos_jura_dios
184,"requerírsele, guardar, proseguir, público, jura",10,2015-01-01,184_audiencia_guardar_público_requerírse...
186,"tema, , , , ",1,2015-01-01,186_pala_tema_hase_interesado
189,"taquigráfi, versión, constar, renuncia, amarillo",2,2015-01-01,189_versión_taquigráfico_taquigráfi_taqu...
-1,"2016, público, información, envase, trabajador",3034,2016-01-01,-1_él_provincia_caso_año
0,"argentina, trabajador, ciento, argentino, año",1054,2016-01-01,0_argentino_argentina_país_gobierno
1,"opc, presupuesto, cina, uvi, hacienda",58,2016-01-01,1_presupuesto_gasto_ciento_millón
2,"juárez, molina, buil, besada, conesa",230,2016-01-01,2_pastoriza_landau_abdala_silvestre
3,"debate, discusión, habilitar, reconsideración, temario",59,2016-01-01,3_debate_discusión_tema_debatir
4,"aprendizaje, cultad, dea, educación, niño",70,2016-01-01,4_educación_universidad_docente_educativ...
5,"2016, decreto, 275, 814, febrero",12,2016-01-01,5_energía_gas_combustible_combustibles
6,"arrepentido, penal, delito, código, gura",72,2016-01-01,6_penal_código_pena_delito
7,"afi, 147, 218, 144, 216",61,2016-01-01,7_afi_127_129_131
8,"impuesto, ingresos, sujeto, bene, públicos",34,2016-01-01,8_impuesto_ganancia_tributario_fiscal
9,"registrar, afi, 192, 227, él",72,2016-01-01,9_registrar_afi_él_136
10,"pedir, identifi, ver, felipe, hacer",18,2016-01-01,10_haber_él_sr_referir
11,"trabajador, laboral, trabajo, 241, colectivo",35,2016-01-01,11_trabajo_trabajador_empleador_laboral
12,"droga, químico, precursor, pedraza, narcotráfi",19,2016-01-01,12_salud_discapacidad_paciente_pública
13,"pagué, paguar, 9100, matrícula, 5100",8,2016-01-01,13_precio_dólares_italo_millón
14,"president, presidencial, obligatorio, debate, choreado",24,2016-01-01,14_presiden_president_bue_sugerir
15,"fayt, adheriremos, empíri, iluminado, agraviado",4,2016-01-01,15_doctor_caride_hoz_ocupar
16,"calcaterra, panama, papers, afi, vido",21,2016-01-01,16_resulta_pala_afi_sin
17,"fetap, automotor, transporte, empresarios, asetac",4,2016-01-01,17_ferroviario_ruta_ferrocarril_transpor...
18,"tarjeta, benefi, cio, débito, bene",25,2016-01-01,18_pensión_previsional_jubilado_jubilaci...
19,"bermejo, mórtem, sixto, pequeño, posnet",11,2016-01-01,19_jurar_jura_someter_sr
20,"manifestación, manifestaciones, 3293, manifestado, lejísimo",15,2016-01-01,20_manifestaciones_manifestación_barra_l...
21,"128, párrafo, diputados, , ",1,2016-01-01,21_diputados_5282_pala_pág
22,"medios, ciario, intercam, idente, 886",4,2016-01-01,22_militar_fuerza_defensa_soldati
23,"candidato, electoral, debate, reforma, elector",30,2016-01-01,23_político_democracia_partido_debate
24,"legislador, traicionar, litigiosidad, traicionen, pasillo",20,2016-01-01,24_legislador_congreso_legislativo_parla...
25,"lusquiños, sr, afi, monzó, aclaro",4,2016-01-01,25_sr_pala_concedo_álvaro
26,"gioja, vicepresidente, vicepresidencia, nominación, desempeñar",11,2016-01-01,26_vicepresidente_vicepresidencia_ocupar...
27,"2016, jardín, inicial, infante, obligatoriedad",19,2016-01-01,27_educación_escuela_monumento_aconsejar
28,"2016, 67, 16, 68, 071d",17,2016-01-01,28_2007_2010_2006_07
29,"bicentenario, interé, 1816, resolución, tesoro",1,2016-01-01,29_1984_1985_diputados_véanse
30,"bosque, tosanitario, agrotóxico, suelo, agropecuario",7,2016-01-01,30_agropecuario_ganadería_productor_agri...
31,"tarjeta, información, 25065, débito, crédito",22,2016-01-01,31_deudor_deuda_hipotecario_crédito
32,"cura, diócesis, gaucho, tovares, eclesiástico",6,2016-01-01,32_evangelios_santos_dios_jurar
33,"juez, arrepentido, homologar, justicialista, suprimir",17,2016-01-01,33_justicialista_juez_justicia_bancada
34,"casación, sex, 937, preexistencia, renumerar",4,2016-01-01,34_matrimonio_divorcio_cónyuge_hijo
35,"27078, radiodifusión, vínculo, televisión, 267",7,2016-01-01,35_teatral_radio_televisión_audiovisual
36,"memoria, rendido, rendir, brochero, homenajes",23,2016-01-01,36_memoria_rendido_homenajes_rendir
37,"majul, energía, planillita, tarifario, tarifazo",4,2016-01-01,37_nuclear_energía_energético_gas
38,"cambiemos, interbloque, culto, victoria, exteriores",4,2016-01-01,38_cívica_radical_unión_nombre
39,"votar, votarar, votaríamo, sugerir, donda",25,2016-01-01,39_votar_voté_votado_vota
40,"escueta, raffo, abstendrar, aclaro, érar",11,2016-01-01,40_leito_aparicio_alderete_leavy
41,"agn, auditoría, excusar, 234, auditar",2,2016-01-01,41_aéreo_aerolíneas_argentinas_aeronave
42,"disculpe, discúlpeme, disculpa, otorgué, perdón",22,2016-01-01,42_disculpe_disculpa_perdón_discúlpeme
43,"ministros, gabinete, jefe, pregunta, 399",15,2016-01-01,43_ministros_gabinete_jefe_ministro
44,"hablábar, cortarles, respeto, respetar, hipócritas",8,2016-01-01,44_respeto_respetar_respetuoso_señores
45,"escuchar, interrumpirte, peleaste, escuchamar, escúchenmar",16,2016-01-01,45_escuchar_oradora_escuchaber_escuchen
46,"restárselo, horas, momento, acabir, horario",17,2016-01-01,46_momento_plazo_quórum_oportuno
47,"2º, afi, castro, sr, ",4,2016-01-01,47_agost_carreño_2º_xii
48,"licenciar, barcelona, maestría, flacso, económicas",1,2016-01-01,48_suizo_suiza_italo_accionista
49,"aborto, shimon, peres, pyme, despenalización",7,2016-01-01,49_aborto_mujer_embarazo_salud
50,"25994, 267, saludamos, alidez, desdoblar",4,2016-01-01,50_decreto_648_alidez_derogar
51,"mujer, género, violencia, paridad, femenino",46,2016-01-01,51_mujer_violencia_01_género
52,"ley, nitivamente, aviso, defiir, afi",9,2016-01-01,52_ley_aviso_roja_definitivamente
53,"prosecretaria, habíar, ingrese, prosecretario, preparatorio",5,2016-01-01,53_secretario_jefe_gabinete_secretaria
54,"delay, acústica, problema, , ",1,2016-01-01,54_micrófono_audio_sonido_receptor
55,"conteo, chip, redacción, boleta, manual",21,2016-01-01,55_redacción_autor_copia_citación
56,"anoto, completar, restar, laspina, mantener",7,2016-01-01,56_continúir_finalizar_proseguir_continú...
57,"gobernabilidad, provincia, transición, remarcar, provincial",12,2016-01-01,57_provincia_provincial_jurisdicción_int...
58,"registrado, carrió, afi, registrir, daer",11,2016-01-01,58_registrado_sarghini_carrió_grosso
59,"taquígrafos, castellano, vea, solicitadas, levantado",11,2016-01-01,59_taquígrafos_director_cuerpo_monasteri...
61,"obrar, renuncia, presentado, , ",2,2016-01-01,61_renuncia_presentado_peticiones_renunc...
62,"risas, came, laspina, mereir, telebeam",10,2016-01-01,62_risas_humor_risa_reír
63,"educación, educativo, niño, obligatoriedad, inicial",6,2016-01-01,63_educación_educativo_universidad_docen...
64,"aristóbulo, encabezado, concejal, leer, dor",5,2016-01-01,64_provincia_provincias_jura_requerírsel...
65,"boletín, véansir, iniciado, interpretación, juicio",5,2016-01-01,65_boletín_prescindir_enunciación_resuel...
67,"rugir, afi, , , ",9,2016-01-01,67_massot_mayoraz_rugir_vallone
68,"catástrofe, inundación, protocolo, derrame, clínica",5,2016-01-01,68_desastre_zona_emergencia_agropecuario
72,"1º, 8º, afi, , ",3,2016-01-01,72_6º_7º_1º_8º
73,"asignado, usar, registrado, , ",1,2016-01-01,73_casas_bue_considera_figueroa
74,"briner, pelotas, fabricantes, agrupada, ville",1,2016-01-01,74_turismo_turístico_viaje_actividad
76,"compartir, balbo, alejandro, litza, kosiner",23,2016-01-01,76_compartir_pala_natalia_morán
77,"nalizar, concedo, sugerir, , ",10,2016-01-01,77_giacomo_stolbizer_nalizar_pala
78,"reconsideración, afi, reconsiderar, petri, gesell",16,2016-01-01,78_reconsideración_reconsiderar_formulo_...
80,"bosque, nativo, incendio, 26815, conservación",10,2016-01-01,80_bosque_nativo_ambiental_forestal
81,"244, comercial, 937, civil, registros",6,2016-01-01,81_civil_código_sustitución_padre
82,"veinte, compartir, minutito, cuarenta, quince",9,2016-01-01,82_treinta_veinte_segundo_quince
83,"desig1, 26842, tamal, chicoana, vea",3,2016-01-01,83_vea_pág_otación_él
86,"entonar, estrofa, himno, orquesta, cuarteto",24,2016-01-01,86_estrofa_entonar_himno_orquesta
87,"chupes, chubut, chupamedia, cachi, sear",4,2016-01-01,87_chubut_pala_sidencia_monti
88,"golf, allende, buenaventura, tradición, asado",4,2016-01-01,88_deportivo_antidopaje_deporte_fútbol
89,"nalizado, recordar, exacto, quórum, redacción",3,2016-01-01,89_recordar_italo_nalizado_olvidar
90,"cambio, cambiemos, consensuar, asesor, adelanto",19,2016-01-01,90_cambio_juntos_cambiar_interbloque
91,"remitámonos, sigar, encargar, nir, motivo",7,2016-01-01,91_tema_motivo_razón_lógica
92,"soledad, solá, felipe, doña, 129",1,2016-01-01,92_abierto_presencia_puestos_electoral
93,"alzado, mano, afi, resto, gaillard",9,2016-01-01,93_alzado_mano_levantar_afi
94,"lipovetzky, nalizado, laspina, renumerar, improrrogable",9,2016-01-01,94_lipovetzky_coli_nalizado_santillán
95,"fundado, conveniente, enviar, central, información",1,2016-01-01,95_banco_central_directorio_negociación
97,"dieta, goce, obrar, rmada, solicitud",4,2016-01-01,97_dieta_goce_homenajes_descuento
98,"vuelta, , , , ",1,2016-01-01,98_vuelta_garrido_giro_carasso
99,"pág, 2016, 16, 2015, 19945",3,2016-01-01,99_electoral_alianza_dni_candidato
102,"solicitud, efectuado, raíz, solicité, rendido",6,2016-01-01,102_solicitud_peticiones_solicité_solici...
103,"agradecer, otaremos, gesto, prácticamente, incorporación",3,2016-01-01,103_agradecer_apreciación_agradecimiento...
104,"mañana, tranquila, reserve, quédese, encontrarer",6,2016-01-01,104_mañana_ayer_acordar_desplacer
105,"átomo, tecnología, científi, ciencia, signifi",6,2016-01-01,105_ciencia_tecnología_innovación_tecnol...
106,"culgeneral, salvarir, medicinal, incorporaríar, intención",3,2016-01-01,106_alimentario_alimento_programa_alimen...
107,"uber, referido, preopinante, empresa, ",2,2016-01-01,107_italo_compañía_empresa_firma
108,"cientemente, apoyado, sufi, bossio, engorroso",6,2016-01-01,108_cientemente_apoyado_sufi_juliano
109,"causal, judicializar, desempeño, juicio, aprovechado",3,2016-01-01,109_corte_juez_patti_judicial
110,"cuerpo, renumerar, comenzarir, articulado, permanencia",7,2016-01-01,110_cuerpo_renumeración_corpacci_faculta...
115,"ministros, gabinete, jefe, cuerpo, ",16,2016-01-01,115_ministros_gabinete_jefe_sota
116,"resolución, mulado, vea, sanatorio, 305",11,2016-01-01,116_resolución_disidencias_aciones_obser...
117,"consignar, , , , ",2,2016-01-01,117_suficientemente_apoyado_apoyar_consi...
118,"auditor, mihura, elmente, forlón, jesús",12,2016-01-01,118_auditoría_auditor_forlón_designado
119,"comenzar, individual, nalizar, iniciar, incorpórase",9,2016-01-01,119_comenzar_individual_comienzo_empezar
120,"rabino, radical, honesto, illia, arturo",4,2016-01-01,120_the_israel_palestino_convention
122,"5º, nuevamente, afi, , ",2,2016-01-01,122_3º_5º_polini_1º
124,"leer, entendido, escrito, honor, caso",2,2016-01-01,124_leído_leer_afi_leeré
125,"afi, concilien, , , ",13,2016-01-01,125_contigiani_selva_afi_espinoza
126,"desprestigiar, twitters, peloteo, pierdo, carrió",3,2016-01-01,126_periodista_periodístico_prensa_perio...
128,"consque, nuevamente, conciso, resultarir, volver",7,2016-01-01,128_volver_nuevamente_otorgué_afi
129,"ankara, alejandría, bagdad, milagro, incumplir",3,2016-01-01,129_terrorismo_terrorista_humanos_derech...
130,"viviendas, ahorro, fomento, 365, 163",2,2016-01-01,130_vivienda_alquiler_vendedor_locación
131,"jen, viernes, jueves, eventualmente, miércoles",2,2016-01-01,131_miércoles_jueves_semana_viernes
132,"nombre, candidato, gurar, requerido, sábana",7,2016-01-01,132_nombre_apellido_pila_corrección
133,"intermediación, ría, solución, cambiemos, rmado",1,2016-01-01,133_negociación_negociador_negociar_nego...
134,"afi, , , , ",17,2016-01-01,134_afi_paulón_robson_copello
135,"patagónico, aborto, patagonia, trasero, tarifazo",3,2016-01-01,135_aborto_mujer_embarazo_vida
136,"doña, electoral, himno, convocado, requerimiento",15,2016-01-01,136_doña_himno_electoral_abierto
138,"debate, vida, , , ",3,2016-01-01,138_lombardi_vidal_debate_vivero
139,"afi, , , , ",27,2016-01-01,139_afi___
141,"interrumpir, parar, tonelli, impedir, ",2,2016-01-01,141_interrumpir_interrup_dencia_presi
143,"cortarme, saldado, permítame, hicir, permítanme",4,2016-01-01,143_indicar_tienir_yo_pala
146,"planteo, terraza, permitar, plantado, plantee",7,2016-01-01,146_flores_plantee_riutort_planteo
148,"eventualmente, articulado, caso, interbloque, suponer",5,2016-01-01,148_caso_suponer_demandar_separado
149,"referir, llamativo, nombrar, él, situación",5,2016-01-01,149_referir_él_refer_déjeme
150,"laspina, afi, acceder, catorio, original",8,2016-01-01,150_laspina_acceder_afi_lasbanca
151,"someter, contener, , , ",4,2016-01-01,151_autenticacer_archivar_formular_diari...
152,"oportunidad, controlo, computir, ilegítimamente, solicité",7,2016-01-01,152_oportunidad_solicité_ocasión_aprovec...
153,"cleri, lis, simulación, constituciones, brenda",3,2016-01-01,153_constitución_jura_requerírsele_esqui...
154,"apoyo, apoyar, cientemente, apoyamos, adelantar",7,2016-01-01,154_apoyo_apoyar_apoyamos_adelantar
155,"economizar, afi, correctamente, entendido, parecido",3,2016-01-01,155_sistema_electrónicamente_funcionar_l...
156,"lean, iniciativa, acompaño, cialista, adelanto",4,2016-01-01,156_iniciativa_ambos_resulta_brevedad
157,"suprimir, afi, supresión, sugerencia, eliminación",6,2016-01-01,157_eliminación_suprimir_eliminado_elimi...
158,"rendido, vertido, sergio, , ",7,2016-01-01,158_estévez_rendido_vertido_milman
159,"reconsideración, , , , ",6,2016-01-01,159_reconsideración_reconsideracion_reco...
160,"cannabis, medicinal, aceite, precursor, droga",84,2016-01-01,160_cannabis_medicinal_cáñamo_aceite
162,"pronuncie, consonancia, lenguaje, gaillard, anticipar",3,2016-01-01,162_pronunciamiento_pronuncie_acento_éli...
163,"importación, aceptable, discrecional, demora, hábil",1,2016-01-01,163_exportación_importación_mercadería_c...
166,"haití, minustah, naciones, unidas, misión",21,2016-01-01,166_haití_minustah_unidas_naciones
167,"car, propon, justi, actual, ",3,2016-01-01,167_carro_nanni_mounier_car
168,"2016, validez, 15, 27078, 522",1,2016-01-01,168_biocombustibl_biodiésel_combustible_...
169,"próximo, afi, pase, , ",4,2016-01-01,169_próximo_listado_seguir_afi
170,"afi, , , , ",10,2016-01-01,170_pala_afi__
171,"ficación, afi, introducido, incluir, ",51,2016-01-01,171_ficación_afi_xiv_xix
172,"referencia, agregar, sra, adelanto, consistir",5,2016-01-01,172_referencia_coautor_referencien_lengu...
173,"reitero, escuchar, , , ",2,2016-01-01,173_escuchar_garay_reitero_escúchenme
175,"provisional, señores, elección, disposición, ",1,2016-01-01,175_pedidos_mociones_informes_consulta
176,"restar, contestar, preopinante, concreto, pregunta",2,2016-01-01,176_pregunta_preguntar_contestar_respond...
178,"sugerir, sugerencia, acortar, solá, interesante",5,2016-01-01,178_sugerencia_sugerir_sugerido_acepto
180,"rumoreir, autenticidad, imposibilitar, contra, fundamentación",1,2016-01-01,180_inconveniente_excusación_contrario_e...
181,"petri, respetar, actual, , ",5,2016-01-01,181_petri_respetar_petmite_calma
182,"realizar, pregunta, , , ",6,2016-01-01,182_pregunta_realizar_preguntar_raro
183,"doña, evangelios, santos, dios, jura",14,2016-01-01,183_evangelios_santos_jura_dios
184,"grada, palco, audiencia, asumir, implicar",3,2016-01-01,184_audiencia_guardar_público_requerírse...
185,"agregado, signifi, afi, , ",4,2016-01-01,185_agregado_genera_resulta_gennaro
186,"tema, , , , ",5,2016-01-01,186_pala_tema_hase_interesado
187,"consejo, , , , ",1,2016-01-01,187_consulta_consultar_asesoramiento_ase...
188,"edulcoración, 316, jugo, caña, fruta",1,2016-01-01,188_azúcar_vino_fructosa_remolacha
189,"tetancia, versión, taquigrá, taquigráfi, lipovetzky",2,2016-01-01,189_versión_taquigráfico_taquigráfi_taqu...
-1,"vido, 2017, delito, provincia, corrupción",2561,2017-01-01,-1_él_provincia_caso_año
0,"jubilado, argentino, pueblo, gobierno, ciento",819,2017-01-01,0_argentino_argentina_país_gobierno
1,"presupuesto, inﬂ, ación, gasto, ciento",40,2017-01-01,1_presupuesto_gasto_ciento_millón
2,"electrodependient, couly, eléctrico, juárez, besada",23,2017-01-01,2_pastoriza_landau_abdala_silvestre
3,"debate, constituido, anticipar, adoptar, consenso",45,2017-01-01,3_debate_discusión_tema_debatir
4,"docente, educación, paritaria, ación, kilómetro",28,2017-01-01,4_educación_universidad_docente_educativ...
5,"energía, renovable, eléctrico, generación, usuario",31,2017-01-01,5_energía_gas_combustible_combustibles
6,"penal, delito, jurídico, código, bis",93,2017-01-01,6_penal_código_pena_delito
7,"afi, 230, 209, 127, 199",125,2017-01-01,7_afi_127_129_131
8,"25917, tributario, macrofi, nanciero, scal",34,2017-01-01,8_impuesto_ganancia_tributario_fiscal
9,"registrar, afi, 117, 195, él",64,2017-01-01,9_registrar_afi_él_136
10,"acostumbratar, enojós, tranquila, vengan, eskenazi",14,2017-01-01,10_haber_él_sr_referir
11,"trabajador, laboral, aseguradora, infortunio, pepsico",14,2017-01-01,11_trabajo_trabajador_empleador_laboral
12,"electrodependient, salud, discapacidad, medicamento, castagneto",13,2017-01-01,12_salud_discapacidad_paciente_pública
13,"equivalente, gante, suma, 150, móvil",3,2017-01-01,13_precio_dólares_italo_millón
14,"president, peronismo, presidenciales, personaje, desafuero",11,2017-01-01,14_presiden_president_bue_sugerir
15,"monzó, emilio, preámbulo, ocupar, doctor",4,2017-01-01,15_doctor_caride_hoz_ocupar
16,"afi, timbre, nalizado, rogar, cremer",14,2017-01-01,16_resulta_pala_afi_sin
17,"pasajero, transporte, ruta, usuaria, 25877",4,2017-01-01,17_ferroviario_ruta_ferrocarril_transpor...
18,"movilidad, jubilado, jubilatorio, índice, previsional",47,2017-01-01,18_pensión_previsional_jubilado_jubilaci...
19,"cൺඌඍൾඅඅൺඇඈ, අඅൾඋආඈ, gඎ, vea, jurar",34,2017-01-01,19_jurar_jura_someter_sr
20,"manifestación, monzó, fracasado, campos, bis",17,2017-01-01,20_manifestaciones_manifestación_barra_l...
21,"529, cáncer, tremendo, vea, enfermedad",1,2017-01-01,21_diputados_5282_pala_pág
22,"ciudadanos, atlántico, actuación, guerra, sur",6,2017-01-01,22_militar_fuerza_defensa_soldati
23,"democrático, muiña, lousteau, mochila, rectifi",17,2017-01-01,23_político_democracia_partido_debate
24,"legislador, legislar, legislamo, dialogadir, excepcionalidad",18,2017-01-01,24_legislador_congreso_legislativo_parla...
25,"rmativamente, sr, corrección, raúl, afi",2,2017-01-01,25_sr_pala_concedo_álvaro
26,"vicepresidente, vicepresidencia, petri, felicitar, rodear",12,2017-01-01,26_vicepresidente_vicepresidencia_ocupar...
27,"eisteddfod, salame, monumento, burzaco, mercedes",9,2017-01-01,27_educación_escuela_monumento_aconsejar
28,"2017, jamo, 087, 1293, 1488",7,2017-01-01,28_2007_2010_2006_07
29,"1751, 1815, independencia, gustar, junio",3,2017-01-01,29_1984_1985_diputados_véanse
30,"productor, valle, manzana, regional, pera",18,2017-01-01,30_agropecuario_ganadería_productor_agri...
31,"caja, famoso, preocupó, salpicadito, 820000",8,2017-01-01,31_deudor_deuda_hipotecario_crédito
32,"evangelios, santos, dios, jurar, jura",38,2017-01-01,32_evangelios_santos_dios_jurar
33,"justicialista, justicia, burlar, fitido, deberíamo",18,2017-01-01,33_justicialista_juez_justicia_bancada
34,"912, parental, privación, 149, comercial",6,2017-01-01,34_matrimonio_divorcio_cónyuge_hijo
35,"audio, macri, incaa, cambiemos, inundado",3,2017-01-01,35_teatral_radio_televisión_audiovisual
36,"memoria, rendir, rendido, vertido, micaela",20,2017-01-01,36_memoria_rendido_homenajes_rendir
37,"energía, renovable, megavatio, solar, generación",8,2017-01-01,37_nuclear_energía_energético_gas
38,"acompañamos, cívico, progresista, frente, cívica",2,2017-01-01,38_cívica_radical_unión_nombre
39,"votar, imprescriptibilidad, votem, litza, david",8,2017-01-01,39_votar_voté_votado_vota
40,"raﬀ, aparte, , , ",3,2017-01-01,40_leito_aparicio_alderete_leavy
41,"engage, ministra, gendarmería, aviation, seguridad",6,2017-01-01,41_aéreo_aerolíneas_argentinas_aeronave
42,"disculpe, perdón, anotarir, explíqueme, disculpo",10,2017-01-01,42_disculpe_disculpa_perdón_discúlpeme
43,"ministros, gabinete, jefe, dialogar, pregunta",19,2017-01-01,43_ministros_gabinete_jefe_ministro
44,"respeto, respetar, subestimir, dueño, mantengan",11,2017-01-01,44_respeto_respetar_respetuoso_señores
45,"escuchar, cálmense, algarabía, escuchando, trat",11,2017-01-01,45_escuchar_oradora_escuchaber_escuchen
46,"corrido, plazo, efectuoir, momento, reiteremos",14,2017-01-01,46_momento_plazo_quórum_oportuno
47,"afi, xii, 2º, xiv, xiii",6,2017-01-01,47_agost_carreño_2º_xii
49,"bromialgia, laspina, alumna, aiclusión, linfedema",1,2017-01-01,49_aborto_mujer_embarazo_salud
50,"010, 022, marrakech, 534, 523",3,2017-01-01,50_decreto_648_alidez_derogar
51,"género, mujer, violencia, paridad, abusador",28,2017-01-01,51_mujer_violencia_01_género
52,"ley, nitivamente, defiir, aviso, correspondierar",12,2017-01-01,52_ley_aviso_roja_definitivamente
53,"gabinete, jefe, antónio, contesta, portuguesa",10,2017-01-01,53_secretario_jefe_gabinete_secretaria
54,"masso, audio, micrófono, manifestación, 123",3,2017-01-01,54_micrófono_audio_sonido_receptor
55,"redacción, david, acercarer, expresamos, conectado",14,2017-01-01,55_redacción_autor_copia_citación
56,"continúir, completar, guardarar, nidamente, indefi",11,2017-01-01,56_continúir_finalizar_proseguir_continú...
57,"cooperant, impacto, embargabilidad, provincia, megadevaluación",12,2017-01-01,57_provincia_provincial_jurisdicción_int...
58,"registrado, busquen, inscribir, levantar, instancia",5,2017-01-01,58_registrado_sarghini_carrió_grosso
59,"castellano, taquígrafos, guillermo, director, levantado",8,2017-01-01,59_taquígrafos_director_cuerpo_monasteri...
61,"gladys, renuncia, presentado, afi, ",1,2017-01-01,61_renuncia_presentado_peticiones_renunc...
62,"risas, timbreo, espirituosa, timbre, vas",5,2017-01-01,62_risas_humor_risa_reír
63,"docente, lápices, nanciamiento, hito, deduc",4,2017-01-01,63_educación_educativo_universidad_docen...
64,"provincia, alumbrir, lopetegui, guardar, aludar",12,2017-01-01,64_provincia_provincias_jura_requerírsel...
65,"190, 127, 129, entender, procedimiento",1,2017-01-01,65_boletín_prescindir_enunciación_resuel...
66,"pedrini, , , , ",1,2017-01-01,66_yasky_espert_acordar_allende
67,"wellbach, afi, vallone, requerírsele, massot",9,2017-01-01,67_massot_mayoraz_rugir_vallone
68,"hídrico, emergencia, desastre, climático, departamento",19,2017-01-01,68_desastre_zona_emergencia_agropecuario
70,"tabaco, cooperativista, impuesto, hija, tabacalero",9,2017-01-01,70_tabaco_cigarrillo_tabacalero_fumar
71,"abstenciones, afi, abstención, 195, 193",48,2017-01-01,71_abstenciones_abstención_afi_195
74,"turismo, feriado, carnaval, lincoln, turístico",10,2017-01-01,74_turismo_turístico_viaje_actividad
76,"compartir, grandinetti, tailhade, salame, quintero",13,2017-01-01,76_compartir_pala_natalia_morán
77,"ceder, nalizar, , , ",5,2017-01-01,77_giacomo_stolbizer_nalizar_pala
78,"reconsideración, reenumeración, deslizar, ítem, lipovetzky",4,2017-01-01,78_reconsideración_reconsiderar_formulo_...
80,"parque, 10481, traslasierra, parques, nacionales",5,2017-01-01,80_bosque_nativo_ambiental_forestal
81,"adaptar, utilizado, corrección, jurídico, gura",1,2017-01-01,81_civil_código_sustitución_padre
82,"quórum, quince, compartir, nalizado, ronda",7,2017-01-01,82_treinta_veinte_segundo_quince
83,"vea, pág, afi, él, 118",22,2017-01-01,83_vea_pág_otación_él
84,"rach, quiroga, agregado, , ",1,2017-01-01,84_yacobitti_verasay_pala_gollán
85,"abstenciones, afi, 131, abstención, 117",17,2017-01-01,85_abstenciones_abstención_afi_131
86,"entonar, estrofa, himno, cuarteto, orquesta",19,2017-01-01,86_estrofa_entonar_himno_orquesta
87,"chubut, afi, , , ",8,2017-01-01,87_chubut_pala_sidencia_monti
88,"antidopaje, atleta, 26912, infracción, catorio",11,2017-01-01,88_deportivo_antidopaje_deporte_fútbol
89,"nalizado, recordar, oportunidad, , ",3,2017-01-01,89_recordar_italo_nalizado_olvidar
90,"cambiemos, interbloque, núñez, marcucci, apoyamos",5,2017-01-01,90_cambio_juntos_cambiar_interbloque
91,"lógica, carrió, escueto, exibilidad, concedo",9,2017-01-01,91_tema_motivo_razón_lógica
92,"koënig, gastón, leandro, gabriela, doña",1,2017-01-01,92_abierto_presencia_puestos_electoral
94,"nalizado, lipovetzky, cariño, afi, exponer",12,2017-01-01,94_lipovetzky_coli_nalizado_santillán
97,"319, contemplir, celeridad, gusto, canasta",1,2017-01-01,97_dieta_goce_homenajes_descuento
98,"vuelta, emitido, absoluto, afi, ",2,2017-01-01,98_vuelta_garrido_giro_carasso
99,"2017, monzó, maurice, asumiré, emilio",1,2017-01-01,99_electoral_alianza_dni_candidato
101,"negativa, negativos, afi, 139, 146",21,2017-01-01,101_negativa_cero_negativos_nulo
102,"solicitud, subsistente, 895, ziliotto, 191",5,2017-01-01,102_solicitud_peticiones_solicité_solici...
103,"generoso, agradecer, apreciación, querida, amanecer",6,2017-01-01,103_agradecer_apreciación_agradecimiento...
104,"mañana, embarazoso, noche, decididamente, primar",5,2017-01-01,104_mañana_ayer_acordar_desplacer
105,"conicet, universidad, novela, gurar, pesos",6,2017-01-01,105_ciencia_tecnología_innovación_tecnol...
106,"2017, alimentar, tecnópolis, 25989, referido",5,2017-01-01,106_alimentario_alimento_programa_alimen...
107,"503, replicar, incorporado, vea, físico",1,2017-01-01,107_italo_compañía_empresa_firma
108,"cientemente, sufi, apoyado, señores, renunciar",5,2017-01-01,108_cientemente_apoyado_sufi_juliano
109,"vido, desafuero, fuero, asonada, corrupción",6,2017-01-01,109_corte_juez_patti_judicial
110,"cuerpo, atribución, , , ",3,2017-01-01,110_cuerpo_renumeración_corpacci_faculta...
112,"gorila, cabandié, excelente, precisión, peronismo",1,2017-01-01,112_resulta_gorleri_morales_gorila
114,"mercante, marina, astillero, naval, uvial",15,2017-01-01,114_pesca_pesquero_mar_buque
115,"ministros, gabinete, jefe, conservir, ministra",24,2017-01-01,115_ministros_gabinete_jefe_sota
116,"resolución, manifestación, , , ",1,2017-01-01,116_resolución_disidencias_aciones_obser...
119,"comenzar, comienzo, reiterir, frana, adelantamos",8,2017-01-01,119_comenzar_individual_comienzo_empezar
120,"palestino, nazismo, manoteo, sionismo, israel",4,2017-01-01,120_the_israel_palestino_convention
122,"tercer, referir, él, , ",1,2017-01-01,122_3º_5º_polini_1º
123,"gripe, dengue, hágase, griterío, muerto",2,2017-01-01,123_vacuna_vacunación_covid_salud
125,"afi, , , , ",2,2017-01-01,125_contigiani_selva_afi_espinoza
126,"hackeo, videíto, tuit, tuiteador, edicon",4,2017-01-01,126_periodista_periodístico_prensa_perio...
128,"nuevamente, volver, habiéndose, laspina, ordenamiento",8,2017-01-01,128_volver_nuevamente_otorgué_afi
129,"odio, muiña, hernán, erlij, ferruchi",4,2017-01-01,129_terrorismo_terrorista_humanos_derech...
130,"vivienda, inmobiliario, bajo, deicomiso, pasaré",6,2017-01-01,130_vivienda_alquiler_vendedor_locación
131,"miércoles, viernes, jueves, eventualmente, carrió",2,2017-01-01,131_miércoles_jueves_semana_viernes
132,"nombre, inser1, cambiemos, pleto, entregué",6,2017-01-01,132_nombre_apellido_pila_corrección
133,"fundamentar, negociación, participar, , ",1,2017-01-01,133_negociación_negociador_negociar_nego...
134,"afi, , , , ",28,2017-01-01,134_afi_paulón_robson_copello
135,"módulo, alimento, ayuda, evacuado, casilla",1,2017-01-01,135_aborto_mujer_embarazo_vida
136,"doña, himno, electoral, 129, convocado",12,2017-01-01,136_doña_himno_electoral_abierto
138,"debate, , , , ",1,2017-01-01,138_lombardi_vidal_debate_vivero
139,"afi, , , , ",29,2017-01-01,139_afi___
141,"interrumpir, veinte, , , ",1,2017-01-01,141_interrumpir_interrup_dencia_presi
143,"dispongo, referir, gustar, yo, ",1,2017-01-01,143_indicar_tienir_yo_pala
145,"integrales, medicamento, drogas, pami, políticas",2,2017-01-01,145_salud_medicina_médico_medicamento
146,"vallone, planteo, plantee, concedar, trater",3,2017-01-01,146_flores_plantee_riutort_planteo
147,"mani, constituir, negri, bicameral, conocimiento",1,2017-01-01,147_conocimiento_información_tomar_conoc...
148,"litza, caso, anote, especifi, agilizar",7,2017-01-01,148_caso_suponer_demandar_separado
149,"referir, él, , , ",4,2017-01-01,149_referir_él_refer_déjeme
151,"someter, , , , ",1,2017-01-01,151_autenticacer_archivar_formular_diari...
153,"nathalia, seligra, requerírsele, inés, exigido",3,2017-01-01,153_constitución_jura_requerírsele_esqui...
154,"apoyamos, apoyo, apoyar, habitualmente, innumerable",7,2017-01-01,154_apoyo_apoyar_apoyamos_adelantar
155,"computadora, identifi, chico, sistema, argentino",2,2017-01-01,155_sistema_electrónicamente_funcionar_l...
156,"apretada, pese, sánchez, discutir, iniciativa",1,2017-01-01,156_iniciativa_ambos_resulta_brevedad
157,"eliminado, eliminar, afi, eliminación, eliminir",8,2017-01-01,157_eliminación_suprimir_eliminado_elimi...
158,"rendido, vertido, , , ",1,2017-01-01,158_estévez_rendido_vertido_milman
160,"cannabis, reglamentación, autocultivo, 27350, medicinal",4,2017-01-01,160_cannabis_medicinal_cáñamo_aceite
162,"enumeración, coincido, pronunciamiento, , ",1,2017-01-01,162_pronunciamiento_pronuncie_acento_éli...
163,"005, 115, empecer, bossio, fácilmente",2,2017-01-01,163_exportación_importación_mercadería_c...
164,"kicillof, legrand, corrijo, mirtha, pisa",3,2017-01-01,164_economía_ministro_ministerio_italo
167,"car, , , , ",1,2017-01-01,167_carro_nanni_mounier_car
168,"biodiésel, uniplirán, 12692, permítamar, belgrano",1,2017-01-01,168_biocombustibl_biodiésel_combustible_...
169,"anotar, seguir, , , ",2,2017-01-01,169_próximo_listado_seguir_afi
170,"afi, , , , ",19,2017-01-01,170_pala_afi__
171,"ficación, afi, comi, , ",5,2017-01-01,171_ficación_afi_xiv_xix
172,"referencia, remo, afi, temario, incorporado",6,2017-01-01,172_referencia_coautor_referencien_lengu...
173,"escuchar, atención, , , ",4,2017-01-01,173_escuchar_garay_reitero_escúchenme
174,"trasladar, traslado, tomar, , ",4,2017-01-01,174_traslado_montoto_solicitud_trasladar
175,"provisional, señores, elección, disposición, ",1,2017-01-01,175_pedidos_mociones_informes_consulta
176,"castro, realizado, pregunta, relación, ",1,2017-01-01,176_pregunta_preguntar_contestar_respond...
177,"abstuvir, 221, 232, sra, evolución",1,2017-01-01,177_radical_radicalismo_bancada_evolució...
178,"nalización, sugerir, , , ",1,2017-01-01,178_sugerencia_sugerir_sugerido_acepto
180,"concedérsela, inconveniente, , , ",1,2017-01-01,180_inconveniente_excusación_contrario_e...
181,"petri, acompañamos, designación, agregar, respetar",5,2017-01-01,181_petri_respetar_petmite_calma
182,"someter, pregunta, preguntar, realizar, ",3,2017-01-01,182_pregunta_realizar_preguntar_raro
184,"requerírsele, entonar, jura, público, ",2,2017-01-01,184_audiencia_guardar_público_requerírse...
185,"agregado, afi, , , ",1,2017-01-01,185_agregado_genera_resulta_gennaro
186,"tema, , , , ",3,2017-01-01,186_pala_tema_hase_interesado
187,"entendido, consultar, distinto, , ",1,2017-01-01,187_consulta_consultar_asesoramiento_ase...
188,"cerveza, bebida, vino, 113, artesanal",14,2017-01-01,188_azúcar_vino_fructosa_remolacha
189,"taquigráfi, versión, gurar, queden, coma",4,2017-01-01,189_versión_taquigráfico_taquigráfi_taqu...
-1,"2018, aborto, mujer, tarifa, gabinete",2381,2018-01-01,-1_él_provincia_caso_año
0,"tarifa, argentino, argentina, 2018, gobierno",676,2018-01-01,0_argentino_argentina_país_gobierno
1,"presupuesto, inflación, ciento, ajuste, 2018",46,2018-01-01,1_presupuesto_gasto_ciento_millón
2,"cónsul, consular, 12949291, italia, honorario",8,2018-01-01,2_pastoriza_landau_abdala_silvestre
3,"consenso, debate, marsupianas, tundis, perra",24,2018-01-01,3_debate_discusión_tema_debatir
4,"2018, escolar, educativo, escuela, docente",31,2018-01-01,4_educación_universidad_docente_educativ...
5,"vacunación, tarifa, vacuna, gas, 2018",45,2018-01-01,5_energía_gas_combustible_combustibles
6,"juez, procesal, acusatorio, penal, código",33,2018-01-01,6_penal_código_pena_delito
7,"afi, 112, 129, 131, 135",44,2018-01-01,7_afi_127_129_131
8,"impuesto, 23966, valuación, bien, recaer",22,2018-01-01,8_impuesto_ganancia_tributario_fiscal
9,"registrar, afi, 212, 197, 122",22,2018-01-01,9_registrar_afi_él_136
10,"infante, aprobar, autorizaremos, glar, especulir",17,2018-01-01,10_haber_él_sr_referir
11,"télam, despido, agencia, despedido, cartonero",6,2018-01-01,11_trabajo_trabajador_empleador_laboral
12,"salud, certifi, narcotráfi, médico, cado",10,2018-01-01,12_salud_discapacidad_paciente_pública
13,"precio, banquir, nancien, extraen, btu",7,2018-01-01,13_precio_dólares_italo_millón
14,"president, desatar, represión, brutal, intentábar",10,2018-01-01,14_presiden_president_bue_sugerir
15,"monzó, tedesco, doctor, emilio, ocupar",12,2018-01-01,15_doctor_caride_hoz_ocupar
16,"taboada, afi, chubut, vallone, vila",11,2018-01-01,16_resulta_pala_afi_sin
17,"mercedino, peaje, shore, occovi, transporte",6,2018-01-01,17_ferroviario_ruta_ferrocarril_transpor...
18,"ansés, 136º, pensión, timbean, cálcu",4,2018-01-01,18_pensión_previsional_jubilado_jubilaci...
19,"cൺඌඍൾඅඅൺඇඈ, අඅൾඋආඈ, gඎ, taquígrafos, vea",14,2018-01-01,19_jurar_jura_someter_sr
20,"manifestación, manifestaciones, permitirar, olmedo, levantar",15,2018-01-01,20_manifestaciones_manifestación_barra_l...
21,"continúe, 15ª, 110, diputados, ",1,2018-01-01,21_diputados_5282_pala_pág
22,"encantar, narcotráfi, movilizar, tropa, ejército",1,2018-01-01,22_militar_fuerza_defensa_soldati
23,"nariz, cautivo, tuit, desintegrar, doctora",5,2018-01-01,23_político_democracia_partido_debate
24,"equis, urgencia, legislador, apelé, decreto",9,2018-01-01,24_legislador_congreso_legislativo_parla...
25,"dindart, flores, acoplar, admirar, parir",2,2018-01-01,25_sr_pala_concedo_álvaro
26,"vicepresidente, mcdermott, gardiner, gema, gioja",9,2018-01-01,26_vicepresidente_vicepresidencia_ocupar...
27,"ricci, scioli, nadia, lorena, langar",2,2018-01-01,27_educación_escuela_monumento_aconsejar
28,"2018, inclusión, 685, afi, 310",35,2018-01-01,28_2007_2010_2006_07
30,"25080, forestal, emprendimiento, modifícase, hectárea",5,2018-01-01,30_agropecuario_ganadería_productor_agri...
31,"endeudamiento, objetar, monetario, celebrado, cocinar",3,2018-01-01,31_deudor_deuda_hipotecario_crédito
32,"dios, bendigar, asencio, merecedor, cinismo",4,2018-01-01,32_evangelios_santos_dios_jurar
33,"falso, escucha, acordar, agradezar, ltración",3,2018-01-01,33_justicialista_juez_justicia_bancada
34,"rúbrica, casación, 288, 301, lipovetzky",1,2018-01-01,34_matrimonio_divorcio_cónyuge_hijo
35,"insulté, usé, itc, transcripción, audio",2,2018-01-01,35_teatral_radio_televisión_audiovisual
36,"monteavaro, memoria, mármora, doctora, graciela",4,2018-01-01,36_memoria_rendido_homenajes_rendir
37,"gas, tarifa, energía, tarifario, combustible",12,2018-01-01,37_nuclear_energía_energético_gas
38,"interblque, preseniniciatiir, cívico, 515, cívica",3,2018-01-01,38_cívica_radical_unión_nombre
39,"votar, votarir, compañera, votaríamo, voté",6,2018-01-01,39_votar_voté_votado_vota
40,"leavy, huss, incicco, acerenza, gayol",13,2018-01-01,40_leito_aparicio_alderete_leavy
41,"flybondi, fdi, aeropuerto, avión, tarifas",2,2018-01-01,41_aéreo_aerolíneas_argentinas_aeronave
42,"disculpa, 809, distracción, contesto, bochorno",9,2018-01-01,42_disculpe_disculpa_perdón_discúlpeme
43,"diálogo, ministros, gabinete, desqué, ministro",9,2018-01-01,43_ministros_gabinete_jefe_ministro
44,"tergiversen, respeto, respetar, hablastir, señores",11,2018-01-01,44_respeto_respetar_respetuoso_señores
45,"escuchar, detenidamente, planteamiento, intolerancia, gustar",6,2018-01-01,45_escuchar_oradora_escuchaber_escuchen
46,"quórum, esperar, conter, micaela, riccardo",7,2018-01-01,46_momento_plazo_quórum_oportuno
47,"frana, cassinerio, castro, delú, sierra",28,2018-01-01,47_agost_carreño_2º_xii
49,"aborto, mujer, embarazo, vida, despenalización",57,2018-01-01,49_aborto_mujer_embarazo_salud
50,"2018, pág, laspina, 1362, 1370",4,2018-01-01,50_decreto_648_alidez_derogar
51,"mujer, género, violencia, micaela, capacitación",18,2018-01-01,51_mujer_violencia_01_género
52,"ley, nitivamente, vea, proposición, defiir",7,2018-01-01,52_ley_aviso_roja_definitivamente
53,"traiga, gabinete, jefe, mauricio, contestar",3,2018-01-01,53_secretario_jefe_gabinete_secretaria
54,"micrófono, audio, cortar, respete, manifestación",6,2018-01-01,54_micrófono_audio_sonido_receptor
55,"original, redacción, agradec, seligra, atinado",6,2018-01-01,55_redacción_autor_copia_citación
56,"continúir, proseguir, concluya, trate, continúe",9,2018-01-01,56_continúir_finalizar_proseguir_continú...
57,"retira, 26047, provincial, representado, jurisdicción",6,2018-01-01,57_provincia_provincial_jurisdicción_int...
58,"carrió, grosso, marcucci, registrado, benedetti",27,2018-01-01,58_registrado_sarghini_carrió_grosso
59,"recriminar, 432, solicitadas, habiéndose, castellano",1,2018-01-01,59_taquígrafos_director_cuerpo_monasteri...
61,"renuncia, presentado, , , ",1,2018-01-01,61_renuncia_presentado_peticiones_renunc...
62,"risas, kosiner, patita, cortita, acepto",6,2018-01-01,62_risas_humor_risa_reír
63,"educación, educativo, escuela, escolar, chico",10,2018-01-01,63_educación_educativo_universidad_docen...
64,"provincia, disyuntiva, raverta, fernanda, siley",8,2018-01-01,64_provincia_provincias_jura_requerírsel...
65,"boletín, 167, giro, atribución, correcto",1,2018-01-01,65_boletín_prescindir_enunciación_resuel...
66,"yasky, allende, taboada, setenta, manifestación",17,2018-01-01,66_yasky_espert_acordar_allende
67,"vallone, massot, asencio, afi, rugir",25,2018-01-01,67_massot_mayoraz_rugir_vallone
68,"2018, pértile, gobernadora, vidal, dea",3,2018-01-01,68_desastre_zona_emergencia_agropecuario
69,"653, repudeír, cialismo, ofi, molestar",1,2018-01-01,69_de_la_que_el
70,"productor, tabacalero, monotributo, cañero, déficit",5,2018-01-01,70_tabaco_cigarrillo_tabacalero_fumar
71,"abstenciones, afi, abstención, 139, 199",19,2018-01-01,71_abstenciones_abstención_afi_195
72,"7º, afi, , , ",1,2018-01-01,72_6º_7º_1º_8º
73,"pésame, efectuado, pérdida, registrado, preopinante",2,2018-01-01,73_casas_bue_considera_figueroa
74,"explayacer, cuatrociento, indemnizar, embalse, condizar",1,2018-01-01,74_turismo_turístico_viaje_actividad
75,"ocaña, , , , ",7,2018-01-01,75_inte_ocaña_conferencia_abierto
76,"yedlin, compartir, , , ",1,2018-01-01,76_compartir_pala_natalia_morán
77,"nalizar, , , , ",1,2018-01-01,77_giacomo_stolbizer_nalizar_pala
80,"propiedad, iberá, 2003, enciso, 25080",20,2018-01-01,80_bosque_nativo_ambiental_forestal
82,"segundo, rato, obstante, quince, bajar",2,2018-01-01,82_treinta_veinte_segundo_quince
83,"vea, pág, 454, 1434, tipeo",10,2018-01-01,83_vea_pág_otación_él
84,"álvarez, soraire, rach, quiroga, lotto",17,2018-01-01,84_yacobitti_verasay_pala_gollán
85,"abstenciones, afi, 107, 102, 126",20,2018-01-01,85_abstenciones_abstención_afi_131
86,"boletín, entonar, estrofa, himno, pág",17,2018-01-01,86_estrofa_entonar_himno_orquesta
87,"igon, chubut, , , ",7,2018-01-01,87_chubut_pala_sidencia_monti
88,"futbolístico, fútbol, estadio, espectácu, espectáculo",47,2018-01-01,88_deportivo_antidopaje_deporte_fútbol
89,"repregunta, dormir, ventaja, recordar, sentar",1,2018-01-01,89_recordar_italo_nalizado_olvidar
90,"cambiar, , , , ",1,2018-01-01,90_cambio_juntos_cambiar_interbloque
91,"formalmente, dnu, punto, tema, importante",3,2018-01-01,91_tema_motivo_razón_lógica
93,"alzado, mano, manera, tratar, levantar",3,2018-01-01,93_alzado_mano_levantar_afi
94,"lipovetzky, nalizado, santillán, jodeir, pretto",69,2018-01-01,94_lipovetzky_coli_nalizado_santillán
95,"duciario, aceptable, sugerencia, banco, público",1,2018-01-01,95_banco_central_directorio_negociación
96,"austin, contener, seguramente, aporte, ",8,2018-01-01,96_pala_lena_austin_tina
97,"dieta, reventar, tentación, abril, esquina",2,2018-01-01,97_dieta_goce_homenajes_descuento
98,"vuelta, , , , ",1,2018-01-01,98_vuelta_garrido_giro_carasso
100,"ramos, vázquez, , , ",16,2018-01-01,100_osuna_llancafilo_vásquez_punto
101,"negativa, afi, negativos, 102, 114",14,2018-01-01,101_negativa_cero_negativos_nulo
102,"solicité, arroyo, solicitud, acceder, ",2,2018-01-01,102_solicitud_peticiones_solicité_solici...
103,"agradecer, trabajarer, agradecido, bienvenida, scioli",6,2018-01-01,103_agradecer_apreciación_agradecimiento...
104,"mañana, cordura, reloj, envergadura, trater",2,2018-01-01,104_mañana_ayer_acordar_desplacer
106,"alimento, desperdicio, donación, 25989, alimentos",9,2018-01-01,106_alimentario_alimento_programa_alimen...
110,"cuerpo, , , , ",1,2018-01-01,110_cuerpo_renumeración_corpacci_faculta...
114,"isobata, latitud, límite, geográfi, longitud",1,2018-01-01,114_pesca_pesquero_mar_buque
115,"ministros, gabinete, jefe, , ",18,2018-01-01,115_ministros_gabinete_jefe_sota
116,"resolución, aciones, disidencias, observ, alteración",4,2018-01-01,116_resolución_disidencias_aciones_obser...
118,"confi, abilidad, dencialidad, auditoría, jacer",2,2018-01-01,118_auditoría_auditor_forlón_designado
119,"comenzar, individual, ronda, aragón, frana",5,2018-01-01,119_comenzar_individual_comienzo_empezar
123,"vacunación, vacuna, sarampión, calendario, enfermedad",15,2018-01-01,123_vacuna_vacunación_covid_salud
124,"leímos, lear, tranquilo, nalizar, franco",2,2018-01-01,124_leído_leer_afi_leeré
125,"contigiani, selva, espinoza, afi, ",34,2018-01-01,125_contigiani_selva_afi_espinoza
126,"escándalo, signifi, otorgar, , ",1,2018-01-01,126_periodista_periodístico_prensa_perio...
127,"arroyo, polledo, , , ",19,2018-01-01,127_arroyo_valdés_acevedo_polledo
128,"volver, vuelta, afi, común, cambio",2,2018-01-01,128_volver_nuevamente_otorgué_afi
129,"143, asesinar, pormenorizadamente, emancipadoro, calamidad",2,2018-01-01,129_terrorismo_terrorista_humanos_derech...
130,"renabap, inmuebl, dominial, cuota, regularización",2,2018-01-01,130_vivienda_alquiler_vendedor_locación
131,"estir, nalización, horne, semana, postergado",2,2018-01-01,131_miércoles_jueves_semana_viernes
132,"acompañar, doloroso, nitivamente, nombre, despedir",1,2018-01-01,132_nombre_apellido_pila_corrección
133,"ciadi, parís, escaso, preopinant, club",1,2018-01-01,133_negociación_negociador_negociar_nego...
134,"afi, , , , ",8,2018-01-01,134_afi_paulón_robson_copello
135,"aborto, mujer, vida, embarazo, legalización",49,2018-01-01,135_aborto_mujer_embarazo_vida
136,"doña, electoral, himno, abierto, presencia",9,2018-01-01,136_doña_himno_electoral_abierto
139,"afi, , , , ",5,2018-01-01,139_afi___
140,"730, 765, cablevisión, telecom, 211",1,2018-01-01,140_localidad_telefónico_comunicaciones_...
142,"ginocchio, ceder, compartirar, saadi, silvana",12,2018-01-01,142_ginocchio_benegas_pala_lynch
143,"acerco, vándalo, , , ",2,2018-01-01,143_indicar_tienir_yo_pala
144,"martiarena, aicega, , , ",13,2018-01-01,144_martiarena_suficientemente_hagman_ap...
145,"célula, tejido, justina, trasplante, espera",4,2018-01-01,145_salud_medicina_médico_medicamento
146,"planteen, próximo, , , ",1,2018-01-01,146_flores_plantee_riutort_planteo
147,"barba, durán, peña, concentrar, marcos",1,2018-01-01,147_conocimiento_información_tomar_conoc...
148,"otaremos, separado, imposible, redactado, caso",3,2018-01-01,148_caso_suponer_demandar_separado
149,"referir, él, , , ",1,2018-01-01,149_referir_él_refer_déjeme
150,"laspina, afi, acceder, , ",11,2018-01-01,150_laspina_acceder_afi_lasbanca
153,"servir, gustar, constitución, , ",1,2018-01-01,153_constitución_jura_requerírsele_esqui...
154,"apoyo, lipovetzky, ordenar, garantía, realizar",2,2018-01-01,154_apoyo_apoyar_apoyamos_adelantar
156,"impulsar, adherir, iniciativa, , ",1,2018-01-01,156_iniciativa_ambos_resulta_brevedad
157,"eliminación, eliminado, afi, sra, aclaro",7,2018-01-01,157_eliminación_suprimir_eliminado_elimi...
158,"estévez, rendido, vertido, , ",5,2018-01-01,158_estévez_rendido_vertido_milman
161,"co, , , , ",1,2018-01-01,161_marziotta_cobos_manes_gisela
162,"pronuncie, faltar, , , ",1,2018-01-01,162_pronunciamiento_pronuncie_acento_éli...
167,"carro, nanni, provincia, , ",7,2018-01-01,167_carro_nanni_mounier_car
169,"seguir, , , , ",2,2018-01-01,169_próximo_listado_seguir_afi
170,"afi, , , , ",2,2018-01-01,170_pala_afi__
172,"referencien, consensuado, manifestado, contar, trabajar",1,2018-01-01,172_referencia_coautor_referencien_lengu...
173,"escuchar, , , , ",2,2018-01-01,173_escuchar_garay_reitero_escúchenme
175,"provisoriamente, ejercer, elección, , ",1,2018-01-01,175_pedidos_mociones_informes_consulta
176,"burlar, cuestionar, cara, responder, pregunta",2,2018-01-01,176_pregunta_preguntar_contestar_respond...
177,"sra, evolución, , , ",1,2018-01-01,177_radical_radicalismo_bancada_evolució...
178,"sugerir, exprese, presentar, , ",2,2018-01-01,178_sugerencia_sugerir_sugerido_acepto
179,"banfi, , , , ",4,2018-01-01,179_banfi_refiera_habiéndose_loguear
180,"incidente, provocar, actuar, estar, ",1,2018-01-01,180_inconveniente_excusación_contrario_e...
181,"petri, respetar, , , ",6,2018-01-01,181_petri_respetar_petmite_calma
182,"pregunta, , , , ",1,2018-01-01,182_pregunta_realizar_preguntar_raro
184,"auditorio, salvarezza, anticipación, ocupado, desocupado",3,2018-01-01,184_audiencia_guardar_público_requerírse...
185,"agregado, , , , ",1,2018-01-01,185_agregado_genera_resulta_gennaro
186,"tema, , , , ",1,2018-01-01,186_pala_tema_hase_interesado
187,"consejo, seguir, , , ",1,2018-01-01,187_consulta_consultar_asesoramiento_ase...
188,"azúcar, problemática, contestar, pregunta, ",1,2018-01-01,188_azúcar_vino_fructosa_remolacha
-1,"2019, locador, 2018, locatario, alquiler",1384,2019-01-01,-1_él_provincia_caso_año
0,"bolivia, golpe, emergencia, evo, argentina",390,2019-01-01,0_argentino_argentina_país_gobierno
1,"inflación, defensa, emergencia, congreso, absolutamente",18,2019-01-01,1_presupuesto_gasto_ciento_millón
2,"pág, bragagnolo, ormachea, lampreabe, ausentes",3,2019-01-01,2_pastoriza_landau_abdala_silvestre
3,"debate, apreciación, acordar, levanté, consenso",17,2019-01-01,3_debate_discusión_tema_debatir
4,"ceremonia, educativo, olivares, contrato, alquiler",9,2019-01-01,4_educación_universidad_docente_educativ...
5,"inquietud, traspaso, obra, gas, independientemente",9,2019-01-01,5_energía_gas_combustible_combustibles
6,"1090, vea, recaído, goldberg, despellejar",6,2019-01-01,6_penal_código_pena_delito
7,"237, 131, 235, 132, 236",37,2019-01-01,7_afi_127_129_131
8,"2019, impuesto, tope, bien, vea",11,2019-01-01,8_impuesto_ganancia_tributario_fiscal
9,"registrar, 151, 158, despachado, él",30,2019-01-01,9_registrar_afi_él_136
10,"vigo, 911, sr, proponer, seguir",11,2019-01-01,10_haber_él_sr_referir
11,"trabajador, trabajo, salario, despido, paritaria",5,2019-01-01,11_trabajo_trabajador_empleador_laboral
12,"discapacidad, 2019, cumbre, junio, xxxvii",12,2019-01-01,12_salud_discapacidad_paciente_pública
13,"expensa, 5000, 10000, sueldo, pasarir",3,2019-01-01,13_precio_dólares_italo_millón
14,"president, galeras, bastones, todes, hechaber",7,2019-01-01,14_presiden_president_bue_sugerir
15,"alfonsín, doctor, planexternalidad, monzó, corrupto",6,2019-01-01,15_doctor_caride_hoz_ocupar
16,"bucca, laspina, karim, hallar, secre",7,2019-01-01,16_resulta_pala_afi_sin
17,"discapacidad, accesibilidad, 25643, persona, modifique",3,2019-01-01,17_ferroviario_ruta_ferrocarril_transpor...
18,"jubilado, jubilar, pensión, previsional, trabajador",11,2019-01-01,18_pensión_previsional_jubilado_jubilaci...
19,"jurar, requerir, zuvic, lena, yacobitti",13,2019-01-01,19_jurar_jura_someter_sr
20,"manifestación, manifestaciones, ley, declaración, petri",5,2019-01-01,20_manifestaciones_manifestación_barra_l...
21,"3º, 169, 172, 175, 168",4,2019-01-01,21_diputados_5282_pala_pág
22,"vilar, grosso, daniela, ramiro, requerir",2,2019-01-01,22_militar_fuerza_defensa_soldati
23,"energúmeno, hambre, hambriento, democracia, riesgo",11,2019-01-01,23_político_democracia_partido_debate
24,"dividir, mocionar, tomárar, escueto, aclacer",6,2019-01-01,24_legislador_congreso_legislativo_parla...
25,"sr, renumerado, darío, original, supresión",13,2019-01-01,25_sr_pala_concedo_álvaro
26,"vicepresidente, desempeñar, novato, cornejo, despacito",7,2019-01-01,26_vicepresidente_vicepresidencia_ocupar...
27,"2018, fiesta, gaucha, monumento, tinogasta",5,2019-01-01,27_educación_escuela_monumento_aconsejar
28,"2019, 086, 111, 613, 797",13,2019-01-01,28_2007_2010_2006_07
30,"consorcio, fruticultura, riego, alícuota, productor",8,2019-01-01,30_agropecuario_ganadería_productor_agri...
31,"fianza, fiador, prendario, aclaráramos, crédito",5,2019-01-01,31_deudor_deuda_hipotecario_crédito
32,"dios, evangelios, santos, jurar, jura",27,2019-01-01,32_evangelios_santos_dios_jurar
33,"colectiv, bucca, pibe, justicialista, corti",5,2019-01-01,33_justicialista_juez_justicia_bancada
34,"niñas, niños, postulant, 1083, mérito",2,2019-01-01,34_matrimonio_divorcio_cónyuge_hijo
35,"teatro, identidad, inmaterial, 039, teatral",4,2019-01-01,35_teatral_radio_televisión_audiovisual
36,"memoria, jurar, despouy, homenajes, infante",13,2019-01-01,36_memoria_rendido_homenajes_rendir
37,"jubilado, inflación, emergencia, energía, congelamiento",4,2019-01-01,37_nuclear_energía_energético_gas
38,"orrego, superpoder, coalición, jamás, cívica",1,2019-01-01,38_cívica_radical_unión_nombre
39,"voté, votaríir, votaríamo, erróneamente, olivos",6,2019-01-01,39_votar_voté_votado_vota
40,"leavy, vor, huss, acerenza, monfort",8,2019-01-01,40_leito_aparicio_alderete_leavy
41,"adquisición, subdivideír, terrestre, vuelo, viaje",5,2019-01-01,41_aéreo_aerolíneas_argentinas_aeronave
42,"disculpe, perdónemar, deme, perdóneme, 174",5,2019-01-01,42_disculpe_disculpa_perdón_discúlpeme
43,"ministros, detallado, gabinete, renumerado, youtube",5,2019-01-01,43_ministros_gabinete_jefe_ministro
44,"respeto, respéteme, merecemos, chicana, jujeño",3,2019-01-01,44_respeto_respetar_respetuoso_señores
45,"escuchar, preferir, escuchen, schlotthauer, oradora",7,2019-01-01,45_escuchar_oradora_escuchaber_escuchen
46,"acunas, borsani, resolución, numeración, horas",5,2019-01-01,46_momento_plazo_quórum_oportuno
47,"castro, cassinerio, 2º, passo, xiii",11,2019-01-01,47_agost_carreño_2º_xii
49,"obstetricia, obstétrico, profesional, licenciatura, parto",15,2019-01-01,49_aborto_mujer_embarazo_salud
50,"notar, hacérselo, 009, 27430, derogado",1,2019-01-01,50_decreto_648_alidez_derogar
51,"25467, mujeres, protección, crédito, género",6,2019-01-01,51_mujer_violencia_01_género
52,"ley, vea, pág, proposición, aviso",12,2019-01-01,52_ley_aviso_roja_definitivamente
53,"martiarena, gabinete, jefe, aprovechar, ajustar",2,2019-01-01,53_secretario_jefe_gabinete_secretaria
55,"entradas, regímén, original, redacción, plantear",3,2019-01-01,55_redacción_autor_copia_citación
56,"continúir, completé, ránking, presidir, finalizar",5,2019-01-01,56_continúir_finalizar_proseguir_continú...
57,"corretaje, profesional, provincial, intermediación, incumbencia",6,2019-01-01,57_provincia_provincial_jurisdicción_int...
58,"carrió, sarghini, grosso, planteto, rechazir",17,2019-01-01,58_registrado_sarghini_carrió_grosso
59,"castellano, levantado, taquígrafos, guillermo, solicitadas",4,2019-01-01,59_taquígrafos_director_cuerpo_monasteri...
61,"renuncia, presentado, felicitar, grande, quitir",5,2019-01-01,61_renuncia_presentado_peticiones_renunc...
62,"risas, mozo, broma, stefani, café",2,2019-01-01,62_risas_humor_risa_reír
63,"mejorar, medir, cuidamos, clientelismo, competirer",2,2019-01-01,63_educación_educativo_universidad_docen...
64,"frigerio, jura, ximena, requerírsele, reconstrucción",4,2019-01-01,64_provincia_provincias_jura_requerírsel...
65,"boletines, licencias, comisiones, prescindir, enunciación",1,2019-01-01,65_boletín_prescindir_enunciación_resuel...
66,"yasky, allende, , , ",4,2019-01-01,66_yasky_espert_acordar_allende
67,"vallone, asencio, massot, , ",7,2019-01-01,67_massot_mayoraz_rugir_vallone
70,"sextos, olivicultura, exportir, tropical, lechería",1,2019-01-01,70_tabaco_cigarrillo_tabacalero_fumar
71,"abstenciones, abstención, 151, 178, 169",31,2019-01-01,71_abstenciones_abstención_afi_195
72,"6º, 7º, passo, 9º, 8º",16,2019-01-01,72_6º_7º_1º_8º
73,"apartamento, quórum, concedo, considerer, variar",2,2019-01-01,73_casas_bue_considera_figueroa
74,"astronómico, astronomía, oafa, 2015, aeropuerto",6,2019-01-01,74_turismo_turístico_viaje_actividad
75,"conferencia, abierto, unidad, mantener, debate",9,2019-01-01,75_inte_ocaña_conferencia_abierto
76,"placer, darío, recíproco, compartir, garantizar",2,2019-01-01,76_compartir_pala_natalia_morán
77,"giacomo, , , , ",1,2019-01-01,77_giacomo_stolbizer_nalizar_pala
78,"reconsideración, anote, 9º, 6º, passo",4,2019-01-01,78_reconsideración_reconsiderar_formulo_...
79,"schlotthauer, , , , ",7,2019-01-01,79_considera_schlotthauer_nieri_pala
80,"acíos, ases, fitosanitario, env, mínimos",1,2019-01-01,80_bosque_nativo_ambiental_forestal
81,"1367, 216, 191, recaído, locación",1,2019-01-01,81_civil_código_sustitución_padre
82,"cumplamos, menna, restar, veinticinco, asignado",1,2019-01-01,82_treinta_veinte_segundo_quince
83,"vea, pág, 1445, 1435, 1231",8,2019-01-01,83_vea_pág_otación_él
84,"yacobitti, soraire, álvarez, , ",3,2019-01-01,84_yacobitti_verasay_pala_gollán
85,"abstenciones, 104, 1222, 191, 107",8,2019-01-01,85_abstenciones_abstención_afi_131
86,"estrofa, entonar, himno, cuarteto, orquesta",12,2019-01-01,86_estrofa_entonar_himno_orquesta
89,"sueño, estudiar, chico, repetir, volver",1,2019-01-01,89_recordar_italo_nalizado_olvidar
90,"juntos, cambio, tailhade, ingresado, confirmar",4,2019-01-01,90_cambio_juntos_cambiar_interbloque
91,"habida, tema, , , ",1,2019-01-01,91_tema_motivo_razón_lógica
93,"najul, torturar, alzado, acercar, mano",1,2019-01-01,93_alzado_mano_levantar_afi
94,"lipovetzky, , , , ",38,2019-01-01,94_lipovetzky_coli_nalizado_santillán
96,"austin, lena, , , ",9,2019-01-01,96_pala_lena_austin_tina
97,"dieta, goce, corriente, obran, doña",3,2019-01-01,97_dieta_goce_homenajes_descuento
99,"2019, renuncia, monzó, doña, emilio",3,2019-01-01,99_electoral_alianza_dni_candidato
100,"ramos, vázquez, , , ",4,2019-01-01,100_osuna_llancafilo_vásquez_punto
101,"negativa, negativos, 131, 132, 104",30,2019-01-01,101_negativa_cero_negativos_nulo
103,"honres, apreciación, satisfecho, emilio, retirar",3,2019-01-01,103_agradecer_apreciación_agradecimiento...
104,"cansado, planificar, incorporar, listado, largo",2,2019-01-01,104_mañana_ayer_acordar_desplacer
105,"houssay, bernardo, científica, excelencia, científico",12,2019-01-01,105_ciencia_tecnología_innovación_tecnol...
106,"alimentario, emergencia, hambre, alimento, comer",10,2019-01-01,106_alimentario_alimento_programa_alimen...
107,"proveedor, involucrar, carrió, únicamente, interpretar",1,2019-01-01,107_italo_compañía_empresa_firma
108,"renuncia, , , , ",1,2019-01-01,108_cientemente_apoyado_sufi_juliano
109,"violar, garantía, connivente, procurador, legalidad",2,2019-01-01,109_corte_juez_patti_judicial
110,"renumeración, cuerpo, dividir, habilitar, redacción",2,2019-01-01,110_cuerpo_renumeración_corpacci_faculta...
115,"ministros, jefe, gabinete, , ",3,2019-01-01,115_ministros_gabinete_jefe_sota
116,"resolución, sanciona, , , ",2,2019-01-01,116_resolución_disidencias_aciones_obser...
117,"latorre, haber, él, , ",2,2019-01-01,117_suficientemente_apoyado_apoyar_consi...
119,"interesante, carrió, inicio, inconveniente, paso",2,2019-01-01,119_comenzar_individual_comienzo_empezar
122,"3º, 5º, passo, franco, soria",9,2019-01-01,122_3º_5º_polini_1º
123,"vacuna, radar, 2019, jefe, calendario",6,2019-01-01,123_vacuna_vacunación_covid_salud
124,"leído, leer, chispa, timbear, despilfarrar",4,2019-01-01,124_leído_leer_afi_leeré
125,"contigiani, selva, espinoza, , ",18,2019-01-01,125_contigiani_selva_afi_espinoza
127,"arroyo, polledo, 4º, , ",13,2019-01-01,127_arroyo_valdés_acevedo_polledo
128,"considerer, perfecto, volver, ramón, nuevamente",3,2019-01-01,128_volver_nuevamente_otorgué_afi
130,"vivienda, trans, cupo, solicitante, fona",11,2019-01-01,130_vivienda_alquiler_vendedor_locación
131,"jueves, miércoles, represento, viernes, costumbre",3,2019-01-01,131_miércoles_jueves_semana_viernes
132,"dda, referirno, amable, convenido, nomenclatura",2,2019-01-01,132_nombre_apellido_pila_corrección
135,"endometriosis, asperger, bahillo, cresto, pértile",2,2019-01-01,135_aborto_mujer_embarazo_vida
136,"doña, himno, electoral, belledonne, stéfano",4,2019-01-01,136_doña_himno_electoral_abierto
137,"rizzotti, colo, jura, público, provincia",1,2019-01-01,137_sírvar_resu_rizzotti_ta
138,"vivero, debate, , , ",2,2019-01-01,138_lombardi_vidal_debate_vivero
142,"ginocchio, , , , ",7,2019-01-01,142_ginocchio_benegas_pala_lynch
143,"meme, cambié, gestito, , ",1,2019-01-01,143_indicar_tienir_yo_pala
144,"martiarena, hagman, , , ",4,2019-01-01,144_martiarena_suficientemente_hagman_ap...
145,"vacuna, sanitario, ginés, salud, profese",1,2019-01-01,145_salud_medicina_médico_medicamento
146,"flores, héctor, , , ",1,2019-01-01,146_flores_plantee_riutort_planteo
147,"laspina, acercar, alguien, resto, conocimiento",2,2019-01-01,147_conocimiento_información_tomar_conoc...
148,"suponer, , , , ",1,2019-01-01,148_caso_suponer_demandar_separado
150,"laspina, , , , ",17,2019-01-01,150_laspina_acceder_afi_lasbanca
151,"someter, , , , ",1,2019-01-01,151_autenticacer_archivar_formular_diari...
153,"chasquibum, constitución, cornejo, 791, ceremonia",5,2019-01-01,153_constitución_jura_requerírsele_esqui...
156,"favorable, argumento, iniciativa, relación, ",1,2019-01-01,156_iniciativa_ambos_resulta_brevedad
157,"eliminar, descripción, regímén, , ",2,2019-01-01,157_eliminación_suprimir_eliminado_elimi...
158,"estévez, rendido, vertido, , ",3,2019-01-01,158_estévez_rendido_vertido_milman
161,"co, , , , ",1,2019-01-01,161_marziotta_cobos_manes_gisela
162,"solamen1, compensar, 1240, verbal, vea",1,2019-01-01,162_pronunciamiento_pronuncie_acento_éli...
163,"alícuota, exportación, fob, superar, agroindustrial",4,2019-01-01,163_exportación_importación_mercadería_c...
167,"carro, nanni, leavy, noma, autó",10,2019-01-01,167_carro_nanni_mounier_car
168,"bioetanol, azúcar, 6500, precio, gallegos",1,2019-01-01,168_biocombustibl_biodiésel_combustible_...
171,"fibrosis, quístico, xiv, pronunciamiento, renuncia",2,2019-01-01,171_ficación_afi_xiv_xix
172,"mencionir, referencia, moisés, personal, ",2,2019-01-01,172_referencia_coautor_referencien_lengu...
173,"reitero, escuchar, , , ",2,2019-01-01,173_escuchar_garay_reitero_escúchenme
175,"señoras, provisional, kirchner, elección, disposición",1,2019-01-01,175_pedidos_mociones_informes_consulta
176,"pregunta, formulir, cortar, afirmación, allá",3,2019-01-01,176_pregunta_preguntar_contestar_respond...
178,"sugerir, tener, , , ",2,2019-01-01,178_sugerencia_sugerir_sugerido_acepto
179,"banfi, , , , ",3,2019-01-01,179_banfi_refiera_habiéndose_loguear
180,"omiteir, correcto, cosa, , ",1,2019-01-01,180_inconveniente_excusación_contrario_e...
181,"petri, , , , ",4,2019-01-01,181_petri_respetar_petmite_calma
183,"evangelios, santos, dios, jura, electoral",7,2019-01-01,183_evangelios_santos_jura_dios
184,"sukaria, soher, requerírsele, jura, dios",1,2019-01-01,184_audiencia_guardar_público_requerírse...
186,"tema, , , , ",2,2019-01-01,186_pala_tema_hase_interesado
189,"agradec, verbal, taquigráfico, ramón, versión",1,2019-01-01,189_versión_taquigráfico_taquigráfi_taqu...
-1,"pandemia, 2020, salud, mujer, jubilado",3886,2020-01-01,-1_él_provincia_caso_año
0,"pandemia, argentina, deuda, argentino, jubilado",981,2020-01-01,0_argentino_argentina_país_gobierno
1,"presupuesto, pandemia, ciento, 2021, pesos",77,2020-01-01,1_presupuesto_gasto_ciento_millón
2,"incendio, sukaria, polledo, 26815, ayelén",9,2020-01-01,2_pastoriza_landau_abdala_silvestre
3,"debate, discusión, banfi, lastra, suárez",45,2020-01-01,3_debate_discusión_tema_debatir
4,"educación, docente, educativo, distancia, conectividad",81,2020-01-01,4_educación_universidad_docente_educativ...
5,"convencional, gas, petróleo, 180000, cuadrados",9,2020-01-01,5_energía_gas_combustible_combustibles
6,"penal, 71000, moratoria, objetor, infracción",9,2020-01-01,6_penal_código_pena_delito
7,"119, 130, afi, 123, 127",34,2020-01-01,7_afi_127_129_131
8,"impuesto, fiscal, tributario, tributación, baja",25,2020-01-01,8_impuesto_ganancia_tributario_fiscal
9,"finalizadar, registrar, finalizado, haber, 253",29,2020-01-01,9_registrar_afi_él_136
10,"haber, sr, cornejo, él, enríquez",196,2020-01-01,10_haber_él_sr_referir
11,"teletrabajo, modalidad, trabajo, trabajador, laboral",24,2020-01-01,11_trabajo_trabajador_empleador_laboral
12,"covid, plasma, 19, paciente, salud",38,2020-01-01,12_salud_discapacidad_paciente_pública
13,"interrumpe, señal, beneficiario, hostil, 9000",2,2020-01-01,13_precio_dólares_italo_millón
14,"president, barbijo, ipad, identificador, ocupado",15,2020-01-01,14_presiden_president_bue_sugerir
15,"massa, tomás, sergio, ocupar, barbijo",10,2020-01-01,15_doctor_caride_hoz_ocupar
16,"rraro, campagnoli, soher, marcela, logueado",32,2020-01-01,16_resulta_pala_afi_sin
17,"transporte, pasajero, escolar, 10500, scalización",16,2020-01-01,17_ferroviario_ruta_ferrocarril_transpor...
18,"jubilado, movilidad, 2020, jubilación, jubilatorio",28,2020-01-01,18_pensión_previsional_jubilado_jubilaci...
19,"haber, mona, álvaro, sr, wolf",42,2020-01-01,19_jurar_jura_someter_sr
20,"manifestaciones, manifestación, megaminería, sentemo, alabanza",17,2020-01-01,20_manifestaciones_manifestación_barra_l...
22,"karina, banfi, comunicarme, generarir, consideraríar",5,2020-01-01,22_militar_fuerza_defensa_soldati
23,"obstruir, color, querar, abrazar, verde",8,2020-01-01,23_político_democracia_partido_debate
24,"legislador, termas, niñita, intendencia, desdichado",20,2020-01-01,24_legislador_congreso_legislativo_parla...
25,"sr, álvaro, cano, martiarena, oto",38,2020-01-01,25_sr_pala_concedo_álvaro
26,"vicepresidente, negri, álvaro, desempeñar, designación",10,2020-01-01,26_vicepresidente_vicepresidencia_ocupar...
28,"2020, 303, 951d, zottos, temario",8,2020-01-01,28_2007_2010_2006_07
30,"cítrico, 27507, pomelo, vicentin, reembolso",5,2020-01-01,30_agropecuario_ganadería_productor_agri...
31,"deuda, débito, 24522, quiebra, 25300",11,2020-01-01,31_deudor_deuda_hipotecario_crédito
32,"bernazza, amablemente, evangélico, rezinovsky, citar",3,2020-01-01,32_evangelios_santos_dios_jurar
33,"déjelir, webex, fueros, censor, finalizadar",7,2020-01-01,33_justicialista_juez_justicia_bancada
34,"hereditario, garanticemos, parcelamiento, 26061, partición",3,2020-01-01,34_matrimonio_divorcio_cónyuge_hijo
35,"fonoaudiología, fonoaudiólogo, profesional, fonoestomatología, licenciado",11,2020-01-01,35_teatral_radio_televisión_audiovisual
36,"maradona, recomiencir, tiño, velorio, bormioli",3,2020-01-01,36_memoria_rendido_homenajes_rendir
37,"dirigencia, top, metemos, ten, energética",1,2020-01-01,37_nuclear_energía_energético_gas
38,"temario, inclusión, formar, carácter, fuerza",1,2020-01-01,38_cívica_radical_unión_nombre
39,"wolff, voté, votar, voten, uhrig",7,2020-01-01,39_votar_voté_votado_vota
40,"langar, leito, alderete, patiño, aparicio",39,2020-01-01,40_leito_aparicio_alderete_leavy
41,"aeropuerto, palomar, low, cost, aerolíneas",10,2020-01-01,41_aéreo_aerolíneas_argentinas_aeronave
42,"disculpe, disculpa, perdón, discúlpeme, carro",34,2020-01-01,42_disculpe_disculpa_perdón_discúlpeme
43,"ministros, gabinete, jefe, licenciado, responder",13,2020-01-01,43_ministros_gabinete_jefe_ministro
44,"respeto, respetuoso, respetar, irrespetuoso, continúir",24,2020-01-01,44_respeto_respetar_respetuoso_señores
45,"escuchar, oído, langan, continúir, sr",31,2020-01-01,45_escuchar_oradora_escuchaber_escuchen
46,"momento, temario, espera, atenguir, 2020",19,2020-01-01,46_momento_plazo_quórum_oportuno
47,"sierra, delú, 2º, ximena, cassinerio",15,2020-01-01,47_agost_carreño_2º_xii
49,"aborto, embarazo, mujer, vida, voluntario",61,2020-01-01,49_aborto_mujer_embarazo_salud
50,"fenecen, inusual, literalmente, computar, brenda",2,2020-01-01,50_decreto_648_alidez_derogar
51,"mujer, acoso, violencia, cosmovisión, género",27,2020-01-01,51_mujer_violencia_01_género
52,"ley, aviso, definitivamente, proposición, 11723",12,2020-01-01,52_ley_aviso_roja_definitivamente
53,"jefe, dinación, coor, timiento, asen",8,2020-01-01,53_secretario_jefe_gabinete_secretaria
54,"audio, micrófono, interrumpe, apagar, cortar",56,2020-01-01,54_micrófono_audio_sonido_receptor
55,"redacción, aceptarer, matzen, stefani, citar",7,2020-01-01,55_redacción_autor_copia_citación
56,"continúir, finalizar, proseguir, completar, exceder",11,2020-01-01,56_continúir_finalizar_proseguir_continú...
57,"presentaré, municipal, imagin, irrefrenable, coordinación",3,2020-01-01,57_provincia_provincial_jurisdicción_int...
58,"sarghini, grosso, correa, benedetti, diputadar",32,2020-01-01,58_registrado_sarghini_carrió_grosso
59,"vea, castellano, taquígrafos, levantado, pág",10,2020-01-01,59_taquígrafos_director_cuerpo_monasteri...
61,"renuncia, aceptación, víctimas, 211, scioli",3,2020-01-01,61_renuncia_presentado_peticiones_renunc...
62,"risas, heladera, prudencial, revísenle, malena",13,2020-01-01,62_risas_humor_risa_reír
63,"educación, escuela, pandemia, educativo, universidad",23,2020-01-01,63_educación_educativo_universidad_docen...
64,"chubut, provincia, mounier, caradura, arsat",10,2020-01-01,64_provincia_provincias_jura_requerírsel...
65,"127, aplazar, 129, pendiente, quórum",10,2020-01-01,65_boletín_prescindir_enunciación_resuel...
66,"yasky, allende, giacomo, acordar, sapag",12,2020-01-01,66_yasky_espert_acordar_allende
67,"ascarate, , , , ",3,2020-01-01,67_massot_mayoraz_rugir_vallone
68,"incendio, ambiental, suelo, parámetro, humedal",1,2020-01-01,68_desastre_zona_emergencia_agropecuario
70,"tabacalero, vacuna, presupuesto, 2019, transporte",5,2020-01-01,70_tabaco_cigarrillo_tabacalero_fumar
71,"abstenciones, abstención, registra, 224, 246",25,2020-01-01,71_abstenciones_abstención_afi_195
72,"8º, laspina, 7º, 6º, 1º",10,2020-01-01,72_6º_7º_1º_8º
73,"casas, haber, caliva, señalar, él",17,2020-01-01,73_casas_bue_considera_figueroa
74,"turismo, turístico, actividad, 2020, sector",29,2020-01-01,74_turismo_turístico_viaje_actividad
75,"ocaña, orrego, conferencia, abierto, unidad",20,2020-01-01,75_inte_ocaña_conferencia_abierto
76,"compartir, robar, interbloque, manuel, pertenecer",3,2020-01-01,76_compartir_pala_natalia_morán
77,"giacomo, ceder, austin, nalizar, ",18,2020-01-01,77_giacomo_stolbizer_nalizar_pala
78,"reconsideración, lapso, tratar, compromiso, volver",1,2020-01-01,78_reconsideración_reconsiderar_formulo_...
79,"schwindt, , , , ",1,2020-01-01,79_considera_schlotthauer_nieri_pala
80,"incendio, bosque, 26815, superficie, manejo",14,2020-01-01,80_bosque_nativo_ambiental_forestal
81,"228, 152, 180, órden, dictámen",1,2020-01-01,81_civil_código_sustitución_padre
82,"segundo, cuarenta, treinta, exceder, mutear",16,2020-01-01,82_treinta_veinte_segundo_quince
83,"vea, pág, sr, laspina, sukaria",9,2020-01-01,83_vea_pág_otación_él
84,"yacobitti, álvarez, identificar, esperir, ansaloni",38,2020-01-01,84_yacobitti_verasay_pala_gollán
85,"abstenciones, abstención, 127, 117, 122",23,2020-01-01,85_abstenciones_abstención_afi_131
86,"entonar, estrofa, himno, pág, orquesta",15,2020-01-01,86_estrofa_entonar_himno_orquesta
87,"igon, chubut, , , ",1,2020-01-01,87_chubut_pala_sidencia_monti
88,"correntado, adehéctor, olivares, informarnos, cuidando",1,2020-01-01,88_deportivo_antidopaje_deporte_fútbol
89,"sukaría, recordar, renumerado, igle, sia",5,2020-01-01,89_recordar_italo_nalizado_olvidar
90,"juntos, cambiar, cambio, interbloque, afi",47,2020-01-01,90_cambio_juntos_cambiar_interbloque
91,"delicado, referido, cumplir, sujeto, tema",4,2020-01-01,91_tema_motivo_razón_lógica
93,"alzado, mano, lena, temario, glia",19,2020-01-01,93_alzado_mano_levantar_afi
95,"oficial, brindar, dato, central, banco",1,2020-01-01,95_banco_central_directorio_negociación
96,"lena, austin, , , ",16,2020-01-01,96_pala_lena_austin_tina
97,"259, frontal, etiquetado, acompañamos, igualmente",1,2020-01-01,97_dieta_goce_homenajes_descuento
98,"allende, vuelta, veinte, , ",1,2020-01-01,98_vuelta_garrido_giro_carasso
100,"vázquez, osuna, , , ",9,2020-01-01,100_osuna_llancafilo_vásquez_punto
101,"nulo, reserva, menna, cero, oto",48,2020-01-01,101_negativa_cero_negativos_nulo
102,"cipolini, solicitant, frade, solicité, gerardo",5,2020-01-01,102_solicitud_peticiones_solicité_solici...
103,"agradecer, ocupándolo, cubeddu, madrugada, cenciado",11,2020-01-01,103_agradecer_apreciación_agradecimiento...
104,"cansado, planilla, mañana, pleno, cambio",1,2020-01-01,104_mañana_ayer_acordar_desplacer
105,"micropym, software, pyme, agroalimentario, vergel",8,2020-01-01,105_ciencia_tecnología_innovación_tecnol...
106,"088, alimentario, partida, gabinete, 27501",2,2020-01-01,106_alimentario_alimento_programa_alimen...
108,"renuncia, , , , ",1,2020-01-01,108_cientemente_apoyado_sufi_juliano
109,"inamovilidad, oral, pez, judicial, impunidad",3,2020-01-01,109_corte_juez_patti_judicial
110,"corpacci, cuerpo, ameri, renumeración, décimo",26,2020-01-01,110_cuerpo_renumeración_corpacci_faculta...
112,"gorleri, morales, sr, haber, luca",13,2020-01-01,112_resulta_gorleri_morales_gorila
114,"24922, buque, pesco, infracción, pesca",5,2020-01-01,114_pesca_pesquero_mar_buque
116,"resolución, sanciona, convocatoria, , ",3,2020-01-01,116_resolución_disidencias_aciones_obser...
117,"haber, latorre, joury, él, vara",30,2020-01-01,117_suficientemente_apoyado_apoyar_consi...
118,"auditor, pichetto, ángel, auditoría, exsenador",5,2020-01-01,118_auditoría_auditor_forlón_designado
119,"empezar, individual, carnaghi, cassinerio, segmento",7,2020-01-01,119_comenzar_individual_comienzo_empezar
122,"3º, 2º, 1º, , ",2,2020-01-01,122_3º_5º_polini_1º
123,"vacuna, covid, plasma, 19, paciente",59,2020-01-01,123_vacuna_vacunación_covid_salud
124,"cacace, leído, álvaro, leer, entendido",2,2020-01-01,124_leído_leer_afi_leeré
125,"contigiani, selva, respetuoso, iniciar, ",27,2020-01-01,125_contigiani_selva_afi_espinoza
126,"sepia, clientelismo, perpetuar, cano, escandaloso",2,2020-01-01,126_periodista_periodístico_prensa_perio...
127,"polledo, valdés, preopinante, , ",6,2020-01-01,127_arroyo_valdés_acevedo_polledo
128,"vigo, conectar, regresar, volver, ramón",4,2020-01-01,128_volver_nuevamente_otorgué_afi
132,"enviarar, nombre, interbloque, sukaria, acertar",6,2020-01-01,132_nombre_apellido_pila_corrección
134,"afi, , , , ",2,2020-01-01,134_afi_paulón_robson_copello
135,"aborto, mujer, embarazo, vida, abortar",63,2020-01-01,135_aborto_mujer_embarazo_vida
136,"presencial, himno, remoto, doña, requerimiento",12,2020-01-01,136_doña_himno_electoral_abierto
137,"rizzotti, aicega, sírvar, rendir, ",6,2020-01-01,137_sírvar_resu_rizzotti_ta
138,"vivero, difícil, debate, , ",5,2020-01-01,138_lombardi_vidal_debate_vivero
139,"afi, , , , ",2,2020-01-01,139_afi___
141,"interrumpir, interrup, riton, señal, interrumpe",9,2020-01-01,141_interrumpir_interrup_dencia_presi
142,"ginocchio, bucca, valdes, aclarado, opción",8,2020-01-01,142_ginocchio_benegas_pala_lynch
143,"hágalo, lastra, loguear, facundo, yo",5,2020-01-01,143_indicar_tienir_yo_pala
144,"martiarena, hagman, pértile, , ",26,2020-01-01,144_martiarena_suficientemente_hagman_ap...
145,"salud, pandemia, teleasistencia, virus, contagio",19,2020-01-01,145_salud_medicina_médico_medicamento
146,"flores, asignado, constar, ayala, enríquez",10,2020-01-01,146_flores_plantee_riutort_planteo
147,"previamente, copia, conocimiento, tomar, poder",1,2020-01-01,147_conocimiento_información_tomar_conoc...
148,"dejir, continúir, demandar, ratificar, constar",4,2020-01-01,148_caso_suponer_demandar_separado
149,"referir, tu, recién, presentar, él",3,2020-01-01,149_referir_él_refer_déjeme
150,"laspina, villada, recomendar, exceder, ",8,2020-01-01,150_laspina_acceder_afi_lasbanca
151,"caselles, , , , ",5,2020-01-01,151_autenticacer_archivar_formular_diari...
153,"patiño, constitución, hacíar, progresar, martiarena",4,2020-01-01,153_constitución_jura_requerírsele_esqui...
154,"interrumpe, señal, actitud, apoyo, ",1,2020-01-01,154_apoyo_apoyar_apoyamos_adelantar
155,"logueado, sistema, figuré, computadora, desmuteo",12,2020-01-01,155_sistema_electrónicamente_funcionar_l...
156,"considerer, rodilla, frade, restante, tender",2,2020-01-01,156_iniciativa_ambos_resulta_brevedad
157,"eliminación, completo, afi, , ",2,2020-01-01,157_eliminación_suprimir_eliminado_elimi...
158,"estévez, rendido, vertido, , ",19,2020-01-01,158_estévez_rendido_vertido_milman
159,"reconsideración, , , , ",1,2020-01-01,159_reconsideración_reconsideracion_reco...
161,"marziotta, martearena, gisela, , ",16,2020-01-01,161_marziotta_cobos_manes_gisela
162,"inaudibl, nota, viciado, estrado, pronunciado",2,2020-01-01,162_pronunciamiento_pronuncie_acento_éli...
164,"licenciado, guzmán, decer, ministro, agra",3,2020-01-01,164_economía_ministro_ministerio_italo
165,"figura, testigo, averiguado, coachear, arrepentido",1,2020-01-01,165_juicio_juez_doctor_actuación
167,"nanni, carro, mounier, noma, autóno",29,2020-01-01,167_carro_nanni_mounier_car
168,"biocombustibl, biodiesel, líquido, signo, sustentable",5,2020-01-01,168_biocombustibl_biodiésel_combustible_...
169,"próximo, tema, , , ",3,2020-01-01,169_próximo_listado_seguir_afi
172,"diríjase, referencia, personal, , ",2,2020-01-01,172_referencia_coautor_referencien_lengu...
173,"reitero, escuchar, , , ",3,2020-01-01,173_escuchar_garay_reitero_escúchenme
174,"montoto, , , , ",1,2020-01-01,174_traslado_montoto_solicitud_trasladar
175,"provisionalmente, elección, provisional, ejercer, disposición",2,2020-01-01,175_pedidos_mociones_informes_consulta
176,"preguntar, nuevamente, langar, cisneros, ávila",7,2020-01-01,176_pregunta_preguntar_contestar_respond...
179,"banfi, baldassi, segundo, devolver, respetar",9,2020-01-01,179_banfi_refiera_habiéndose_loguear
180,"gana, impugnación, insisto, igualmente, inconveniente",2,2020-01-01,180_inconveniente_excusación_contrario_e...
181,"petri, calma, nervioso, gaillard, señores",23,2020-01-01,181_petri_respetar_petmite_calma
182,"figurar, preguntar, realizar, , ",2,2020-01-01,182_pregunta_realizar_preguntar_raro
184,"bormioli, requerírsele, lisandro, jura, público",2,2020-01-01,184_audiencia_guardar_público_requerírse...
186,"espacio, tema, , , ",3,2020-01-01,186_pala_tema_hase_interesado
187,"cipolini, sancta, contactir, sarghini, esperarer",3,2020-01-01,187_consulta_consultar_asesoramiento_ase...
189,"versión, taquigráfico, planilla, constar, seguíar",5,2020-01-01,189_versión_taquigráfico_taquigráfi_taqu...
-1,"ambiental, pandemia, 2021, trans, 2020",2270,2021-01-01,-1_él_provincia_caso_año
0,"pandemia, argentina, impuesto, argentino, ciento",596,2021-01-01,0_argentino_argentina_país_gobierno
1,"presupuesto, inflación, ciento, 2020, 2021",69,2021-01-01,1_presupuesto_gasto_ciento_millón
2,"continúo, carolina, gabriela, yambrún, vivero",13,2021-01-01,2_pastoriza_landau_abdala_silvestre
3,"temario, consenso, debate, fácticamente, propongar",26,2021-01-01,3_debate_discusión_tema_debatir
4,"27591, transportista, educación, escolar, educativo",23,2021-01-01,4_educación_universidad_docente_educativ...
5,"gas, frío, enargas, usuario, 25565",19,2021-01-01,5_energía_gas_combustible_combustibles
6,"juntándol, jerarquías, condicionar, 73000, 636",4,2021-01-01,6_penal_código_pena_delito
7,"126, 127, lamadrid, 233, arribado",15,2021-01-01,7_afi_127_129_131
8,"ganancia, impuesto, deducción, contribuyente, alícuota",34,2021-01-01,8_impuesto_ganancia_tributario_fiscal
9,"registrar, 132, schlotthauer, giordano, 236",10,2021-01-01,9_registrar_afi_él_136
10,"haber, él, vigo, cisneros, contigiani",86,2021-01-01,10_haber_él_sr_referir
11,"trabajador, salte, vea, 105, grite",8,2021-01-01,11_trabajo_trabajador_empleador_laboral
12,"oncopediátrico, paciente, cáncer, adolescente, tratante",6,2021-01-01,12_salud_discapacidad_paciente_pública
14,"president, labrar, encandilado, juntos, grandeza",11,2021-01-01,14_presiden_president_bue_sugerir
15,"test, pcr, massa, sergio, tomás",14,2021-01-01,15_doctor_caride_hoz_ocupar
16,"cerruti, reitere, palar, laspina, dactilar",17,2021-01-01,16_resulta_pala_afi_sin
17,"transporte, asistencial, adolescente, autoridad, comprendido",5,2021-01-01,17_ferroviario_ruta_ferrocarril_transpor...
18,"bebida, jubilado, contribuyente, monotributo, 3700000",5,2021-01-01,18_pensión_previsional_jubilado_jubilaci...
19,"bogdanich, ceñir, sayago, exdiputada, haber",36,2021-01-01,19_jurar_jura_someter_sr
20,"marchi, barbaro, habiendo, correspondientes, hoy",3,2021-01-01,20_manifestaciones_manifestación_barra_l...
22,"incorporado, órden, 19101, armado, vertical",5,2021-01-01,22_militar_fuerza_defensa_soldati
23,"consumo, afiliación, elección, contagio, electoral",17,2021-01-01,23_político_democracia_partido_debate
24,"legislativa, legislador, aguirre, decer, estudeír",9,2021-01-01,24_legislador_congreso_legislativo_parla...
25,"identifiquir, fagioli, héctor, sr, federico",3,2021-01-01,25_sr_pala_concedo_álvaro
26,"vicepresidente, omar, marchi, gioja, hermanado",8,2021-01-01,26_vicepresidente_vicepresidencia_ocupar...
27,"sapag, 0074, 1677, inmueble, 0000",1,2021-01-01,27_educación_escuela_monumento_aconsejar
28,"2021, 949d, banfi, 958, 948",10,2021-01-01,28_2007_2010_2006_07
30,"ovino, ganadería, actividad, ganadero, 850",9,2021-01-01,30_agropecuario_ganadería_productor_agri...
31,"deuda, endeudar, flameacer, adeudamiento, condicionamiento",4,2021-01-01,31_deudor_deuda_hipotecario_crédito
32,"santos, evangelios, dios, jurar, jura",29,2021-01-01,32_evangelios_santos_dios_jurar
33,"ofendar, comprar, cisneros, paradigmático, ávila",5,2021-01-01,33_justicialista_juez_justicia_bancada
34,"casación, 469, plazo, procesal, denunciar",3,2021-01-01,34_matrimonio_divorcio_cónyuge_hijo
35,"género, equidad, operado, prestador, diversidad",4,2021-01-01,35_teatral_radio_televisión_audiovisual
36,"exdiputado, memoria, exgobernador, homenajes, busti",9,2021-01-01,36_memoria_rendido_homenajes_rendir
37,"energía, tarifa, generar, biocombustibl, subsidio",5,2021-01-01,37_nuclear_energía_energético_gas
38,"130, fundación, koenig, lastra, cívica",3,2021-01-01,38_cívica_radical_unión_nombre
39,"voté, 127, cleri, mulado, logueado",5,2021-01-01,39_votar_voté_votado_vota
40,"leito, aparicio, berisso, patiño, alderete",22,2021-01-01,40_leito_aparicio_alderete_leavy
41,"ovina, nervioso, abandonado, respetuosamente, piloto",2,2021-01-01,41_aéreo_aerolíneas_argentinas_aeronave
42,"disculpe, disculpa, disculpar, discúlpeme, apagar",17,2021-01-01,42_disculpe_disculpa_perdón_discúlpeme
43,"gabinete, ministros, jefe, pregunta, respuesta",14,2021-01-01,43_ministros_gabinete_jefe_ministro
44,"respetuoso, respeto, irrespetuoso, stilman, respetar",16,2021-01-01,44_respeto_respetar_respetuoso_señores
45,"escuchar, desmutear, lastra, aprendan, suárez",18,2021-01-01,45_escuchar_oradora_escuchaber_escuchen
46,"esperen, maratónica, enteir, entusiasmado, permítamir",7,2021-01-01,46_momento_plazo_quórum_oportuno
47,"2º, giácomo, cassinerio, delú, aclacer",11,2021-01-01,47_agost_carreño_2º_xii
49,"26130, contracepción, quirúrgico, discapacidad, persona",11,2021-01-01,49_aborto_mujer_embarazo_salud
51,"género, mujer, medio, equidad, inhabilidad",16,2021-01-01,51_mujer_violencia_01_género
52,"ley, vea, pág, 602, 431",4,2021-01-01,52_ley_aviso_roja_definitivamente
53,"cállese, wolff, segundo, banfi, juntos",5,2021-01-01,53_secretario_jefe_gabinete_secretaria
54,"micrófono, audio, malnutrido, interrumpe, tailhade",31,2021-01-01,54_micrófono_audio_sonido_receptor
56,"continúir, proseguir, incomparable, terminarer, continúe",9,2021-01-01,56_continúir_finalizar_proseguir_continú...
57,"mendocina, panfleto, indigent, tamos, discriminado",2,2021-01-01,57_provincia_provincial_jurisdicción_int...
58,"sarghini, grosso, benedetti, conexión, loguear",23,2021-01-01,58_registrado_sarghini_carrió_grosso
59,"castellano, taquígrafos, levantado, guillermo, director",3,2021-01-01,59_taquígrafos_director_cuerpo_monasteri...
60,"corrijar, wellbach, sistemas, martiarena, sarghini",1,2021-01-01,60_jaroslavsky_sr_manzano_proposición
61,"renuncia, incorporaciones, juramentos, presentado, soria",5,2021-01-01,61_renuncia_presentado_peticiones_renunc...
62,"risas, mónica, carra, pabla, incontrolablemente",16,2021-01-01,62_risas_humor_risa_reír
63,"universitaria, tehuel, humanamente, valiar, agradar",1,2021-01-01,63_educación_educativo_universidad_docen...
64,"jura, provincia, fielmente, requerírsele, bertoldi",32,2021-01-01,64_provincia_provincias_jura_requerírsel...
65,"190, cecilia, 127, 129, entender",1,2021-01-01,65_boletín_prescindir_enunciación_resuel...
66,"yasky, allende, espert, lena, loguear",20,2021-01-01,66_yasky_espert_acordar_allende
67,"ascarate, , , , ",3,2021-01-01,67_massot_mayoraz_rugir_vallone
68,"hectómetro, productiv, ambiental, emergencia, hídrico",4,2021-01-01,68_desastre_zona_emergencia_agropecuario
71,"abstenciones, abstención, 223, 235, 215",22,2021-01-01,71_abstenciones_abstención_afi_195
72,"8º, 7º, banfi, félix, referir",3,2021-01-01,72_6º_7º_1º_8º
73,"casas, quédese, segundo, tranquilo, figueroa",9,2021-01-01,73_casas_bue_considera_figueroa
75,"orrego, ocaña, conferencia, abierto, unidad",13,2021-01-01,75_inte_ocaña_conferencia_abierto
76,"souto, sukaria, natalia, marcela, compartir",4,2021-01-01,76_compartir_pala_natalia_morán
77,"giacomo, stolbizer, concedo, , ",16,2021-01-01,77_giacomo_stolbizer_nalizar_pala
79,"schlotthauer, schwindt, nieri, , ",18,2021-01-01,79_considera_schlotthauer_nieri_pala
82,"minutito, cacace, métale, segundo, veinte",10,2021-01-01,82_treinta_veinte_segundo_quince
83,"vea, pág, vigo, inser1, apéndice",11,2021-01-01,83_vea_pág_otación_él
84,"yacobitti, inmos, gollán, haber, carla",11,2021-01-01,84_yacobitti_verasay_pala_gollán
85,"abstención, abstenciones, 112, 116, 122",16,2021-01-01,85_abstenciones_abstención_afi_131
86,"entonar, estrofa, himno, pág, interpretado",11,2021-01-01,86_estrofa_entonar_himno_orquesta
87,"igon, chubut, 188, , ",6,2021-01-01,87_chubut_pala_sidencia_monti
88,"deportista, antidopaje, dopaje, deportes, deportivo",5,2021-01-01,88_deportivo_antidopaje_deporte_fútbol
89,"hicise, recordar, separadamente, cerruti, duramente",5,2021-01-01,89_recordar_italo_nalizado_olvidar
90,"juntos, cambio, vara, interbloque, igna",14,2021-01-01,90_cambio_juntos_cambiar_interbloque
91,"porqué, fundamentar, expresado, principal, explicar",2,2021-01-01,91_tema_motivo_razón_lógica
93,"alzado, mano, anulemos, levantar, guiñar",10,2021-01-01,93_alzado_mano_levantar_afi
95,"librado, abuso, explicación, bancario, suerte",1,2021-01-01,95_banco_central_directorio_negociación
96,"lena, austin, detallar, completar, serie",15,2021-01-01,96_pala_lena_austin_tina
97,"frontal, etiquetado, temario, alimento, integrar",1,2021-01-01,97_dieta_goce_homenajes_descuento
98,"carasso, , , , ",1,2021-01-01,98_vuelta_garrido_giro_carasso
99,"votos, declarado, válido, recurrido, impugnado",3,2021-01-01,99_electoral_alianza_dni_candidato
100,"osuna, vázquez, , , ",9,2021-01-01,100_osuna_llancafilo_vásquez_punto
101,"cero, abstenciones, menna, 126, 127",10,2021-01-01,101_negativa_cero_negativos_nulo
102,"habilita, campagnoli, juntos, cumplido, básicamente",2,2021-01-01,102_solicitud_peticiones_solicité_solici...
103,"agradecer, salutación, massapalooza, matzen, orrego",6,2021-01-01,103_agradecer_apreciación_agradecimiento...
104,"repetí, oncopediatría, respetir, inserte, chance",3,2021-01-01,104_mañana_ayer_acordar_desplacer
105,"ciencia, tecnología, innovación, científico, tecnológico",17,2021-01-01,105_ciencia_tecnología_innovación_tecnol...
106,"alimento, alimentación, etiquetado, saludable, consumir",21,2021-01-01,106_alimentario_alimento_programa_alimen...
110,"corpacci, renumeración, cuerpo, yacobitti, estrado",10,2021-01-01,110_cuerpo_renumeración_corpacci_faculta...
112,"gorleri, morales, lamadrid, villada, prometer",6,2021-01-01,112_resulta_gorleri_morales_gorila
114,"submarino, ara, tripulante, familiar, ballena",5,2021-01-01,114_pesca_pesquero_mar_buque
115,"ministros, gabinete, jefe, , ",2,2021-01-01,115_ministros_gabinete_jefe_sota
117,"latorre, haber, joury, él, ",11,2021-01-01,117_suficientemente_apoyado_apoyar_consi...
119,"alvarito, iniciar, comenzar, leito, ponce",6,2021-01-01,119_comenzar_individual_comienzo_empezar
120,"palestino, israel, sionista, israelí, pueblo",11,2021-01-01,120_the_israel_palestino_convention
122,"3º, schlereth, 2º, tercer, ",3,2021-01-01,122_3º_5º_polini_1º
123,"vacuna, vacunación, vacunar, pfizer, dosis",43,2021-01-01,123_vacuna_vacunación_covid_salud
125,"contigiani, selva, loguear, segmento, culminar",16,2021-01-01,125_contigiani_selva_afi_espinoza
126,"899, repudio, periodista, 2021, brawer",8,2021-01-01,126_periodista_periodístico_prensa_perio...
127,"polledo, valdés, arroyo, , ",9,2021-01-01,127_arroyo_valdés_acevedo_polledo
128,"pronto, aprovecho, desear, recuperación, volver",5,2021-01-01,128_volver_nuevamente_otorgué_afi
130,"condenado, cumplido, condenada, firme, anterioridad",2,2021-01-01,130_vivienda_alquiler_vendedor_locación
132,"logueado, dejser, okay, lucila, menna",2,2021-01-01,132_nombre_apellido_pila_corrección
135,"bicontinental, fueguín, feminista, islas, alegría",1,2021-01-01,135_aborto_mujer_embarazo_vida
136,"doña, himno, cacho, requerimiento, efectuado",4,2021-01-01,136_doña_himno_electoral_abierto
137,"rizzotti, , , , ",1,2021-01-01,137_sírvar_resu_rizzotti_ta
138,"vivero, lombardi, vidal, nominación, ",9,2021-01-01,138_lombardi_vidal_debate_vivero
141,"apagar, señal, , , ",1,2021-01-01,141_interrumpir_interrup_dencia_presi
142,"ginocchio, félix, agradecer, decidir, ",5,2021-01-01,142_ginocchio_benegas_pala_lynch
143,"indicarme, descuente, logueado, schlotthauer, yacobitti",6,2021-01-01,143_indicar_tienir_yo_pala
144,"martiarena, hagman, continúe, , ",27,2021-01-01,144_martiarena_suficientemente_hagman_ap...
145,"pandemia, salud, vacuna, vacunar, elección",11,2021-01-01,145_salud_medicina_médico_medicamento
146,"flores, haber, uhrig, danilo, enríquez",8,2021-01-01,146_flores_plantee_riutort_planteo
147,"contigiani, reconocimiento, desarrollar, gestión, lugar",1,2021-01-01,147_conocimiento_información_tomar_conoc...
148,"hicierais, tope, reforzar, demandar, convocatoria",2,2021-01-01,148_caso_suponer_demandar_separado
150,"laspina, guardar, , , ",9,2021-01-01,150_laspina_acceder_afi_lasbanca
151,"caselles, , , , ",2,2021-01-01,151_autenticacer_archivar_formular_diari...
152,"responder, oportunidad, , , ",1,2021-01-01,152_oportunidad_solicité_ocasión_aprovec...
153,"excedido, respeter, ortega, requerírsele, acatar",3,2021-01-01,153_constitución_jura_requerírsele_esqui...
154,"apoyamos, , , , ",1,2021-01-01,154_apoyo_apoyar_apoyamos_adelantar
155,"sistema, avisen, logueo, identifiquir, revisar",14,2021-01-01,155_sistema_electrónicamente_funcionar_l...
156,"temario, metropolitana, visitante, agilizar, contento",2,2021-01-01,156_iniciativa_ambos_resulta_brevedad
157,"eliminación, vigo, explicitado, macha, figura",3,2021-01-01,157_eliminación_suprimir_eliminado_elimi...
158,"estévez, rendido, milman, vertido, ",14,2021-01-01,158_estévez_rendido_vertido_milman
159,"reconsideración, , , , ",1,2021-01-01,159_reconsideración_reconsideracion_reco...
161,"marziotta, cobos, gisela, llamado, reitero",12,2021-01-01,161_marziotta_cobos_manes_gisela
162,"ávila, verbal, pronunciado, dicho, tomar",2,2021-01-01,162_pronunciamiento_pronuncie_acento_éli...
167,"carro, mounier, nanni, logueado, individual",16,2021-01-01,167_carro_nanni_mounier_car
168,"biocombustibl, bioetanol, biodiésel, mezcla, combustible",43,2021-01-01,168_biocombustibl_biodiésel_combustible_...
172,"referencia, importante, , , ",2,2021-01-01,172_referencia_coautor_referencien_lengu...
173,"escuchar, reitero, , , ",3,2021-01-01,173_escuchar_garay_reitero_escúchenme
174,"montoto, , , , ",2,2021-01-01,174_traslado_montoto_solicitud_trasladar
176,"uceda, segmento, félix, individual, contestar",3,2021-01-01,176_pregunta_preguntar_contestar_respond...
177,"juntos, manifestarar, integrante, depositar, confianza",1,2021-01-01,177_radical_radicalismo_bancada_evolució...
178,"sugerir, contestar, , , ",1,2021-01-01,178_sugerencia_sugerir_sugerido_acepto
179,"banfi, refiera, habiéndose, original, referir",6,2021-01-01,179_banfi_refiera_habiéndose_loguear
180,"concederar, corroborar, tranquilo, contrario, concentrar",3,2021-01-01,180_inconveniente_excusación_contrario_e...
181,"petri, respetar, negri, mencionado, ",10,2021-01-01,181_petri_respetar_petmite_calma
182,"sapag, pregunta, preguntar, , ",4,2021-01-01,182_pregunta_realizar_preguntar_raro
183,"evangelios, zanglá, santos, bachey, jura",4,2021-01-01,183_evangelios_santos_jura_dios
188,"azúcar, ingenio, tucumano, industria, bioetanol",1,2021-01-01,188_azúcar_vino_fructosa_remolacha
189,"taquigráfico, versión, 8º, online, separado",2,2021-01-01,189_versión_taquigráfico_taquigráfi_taqu...
-1,"enfermería, 2022, boleta, provincia, salud",2299,2022-01-01,-1_él_provincia_caso_año
0,"boleta, argentina, inflación, venir, acá",732,2022-01-01,0_argentino_argentina_país_gobierno
1,"presupuesto, inflación, 2023, ciento, ajuste",83,2022-01-01,1_presupuesto_gasto_ciento_millón
2,"pág, 2022, ansenuza, ausentes, parque",5,2022-01-01,2_pastoriza_landau_abdala_silvestre
3,"debate, debatir, irrenunciable, individual, respeto",34,2022-01-01,3_debate_discusión_tema_debatir
4,"educación, universidad, 33, recorte, educativo",44,2022-01-01,4_educación_universidad_docente_educativ...
5,"alcohol, cero, conductor, eléctrico, autovía",13,2022-01-01,5_energía_gas_combustible_combustibles
6,"523, perla, fracción, clandestino, detención",1,2022-01-01,6_penal_código_pena_delito
7,"128, laspina, 121, 119, 126",41,2022-01-01,7_afi_127_129_131
8,"impuesto, fiscal, ganancia, 2022, específico",45,2022-01-01,8_impuesto_ganancia_tributario_fiscal
9,"registrar, 132, 231, oto, 227",17,2022-01-01,9_registrar_afi_él_136
10,"pedir, latorre, logueado, loguear, rodra",15,2022-01-01,10_haber_él_sr_referir
11,"23789, constatación, diagnóstico, requeír, habient",7,2022-01-01,11_trabajo_trabajador_empleador_laboral
12,"discapacidad, paliativo, cuidado, certificado, salud",40,2022-01-01,12_salud_discapacidad_paciente_pública
13,"bazze, esperir, continúe, barletta, tolerancia",2,2022-01-01,13_precio_dólares_italo_millón
14,"president, vih, alvear, milman, illia",12,2022-01-01,14_presiden_president_bue_sugerir
15,"uso, massa, excombatiente, soportaríamo, dawidowicz",7,2022-01-01,15_doctor_caride_hoz_ocupar
16,"castets, chacur, zabala, ajmechet, campagnoli",18,2022-01-01,16_resulta_pala_afi_sin
17,"ruta, pesaje, default, infeliz, conectividad",4,2022-01-01,17_ferroviario_ruta_ferrocarril_transpor...
18,"contributivo, hepatitis, vih, pensión, vulnerabilidad",8,2022-01-01,18_pensión_previsional_jubilado_jubilaci...
19,"topo, luca, cipolini, manes, quetglas",10,2022-01-01,19_jurar_jura_someter_sr
20,"manifestaciones, manifestación, colgar, levantado, triunfalista",29,2022-01-01,20_manifestaciones_manifestación_barra_l...
21,"posterir, 520, 126, señores, sr",2,2022-01-01,21_diputados_5282_pala_pág
22,"notecnologío, traje, armado, colaboré, soberanía",6,2022-01-01,22_militar_fuerza_defensa_soldati
23,"boleta, sistema, elección, democracia, político",27,2022-01-01,23_político_democracia_partido_debate
24,"legislador, blanqueo, loguear, imagipoder, festeje",9,2022-01-01,24_legislador_congreso_legislativo_parla...
25,"sr, stefani, frigerio, víctor, bonafi",14,2022-01-01,25_sr_pala_concedo_álvaro
26,"tranquilos, vicepresidenta, magnicidio, quédense, vicepresidente",4,2022-01-01,26_vicepresidente_vicepresidencia_ocupar...
27,"cromañón, jaures, inmueble, 3038, inmortalidad",4,2022-01-01,27_educación_escuela_monumento_aconsejar
28,"2022, 985, temario, bachey, alcoholemia",9,2022-01-01,28_2007_2010_2006_07
30,"limítrofes, asimétrico, habíar, quemar, misionero",1,2022-01-01,30_agropecuario_ganadería_productor_agri...
31,"default, monetario, trampa, discursivo, cepo",6,2022-01-01,31_deudor_deuda_hipotecario_crédito
32,"santos, juráis, arricau, fielmente, loguear",3,2022-01-01,32_evangelios_santos_dios_jurar
33,"carrera, paradoja, dispuesta, judicial, rendam",3,2022-01-01,33_justicialista_juez_justicia_bancada
34,"nieri, casaretto, restar, cerrado, intervención",1,2022-01-01,34_matrimonio_divorcio_cónyuge_hijo
35,"cultura, asignación, cine, biblioteca, específico",14,2022-01-01,35_teatral_radio_televisión_audiovisual
36,"memoria, rendir, homenajes, sota, bardin",12,2022-01-01,36_memoria_rendido_homenajes_rendir
37,"ypf, energético, petróleo, hidrocarburo, muerta",5,2022-01-01,37_nuclear_energía_energético_gas
38,"cívica, radical, 25152, 104, unión",7,2022-01-01,38_cívica_radical_unión_nombre
39,"votar, separado, vote, mastaler, votaríamo",7,2022-01-01,39_votar_voté_votado_vota
40,"leito, ántola, bárbaro, alderete, poggi",17,2022-01-01,40_leito_aparicio_alderete_leavy
41,"avión, notificar, canciller, embajadora, paraguay",5,2022-01-01,41_aéreo_aerolíneas_argentinas_aeronave
42,"disculpe, perdón, disculpa, continúir, loguear",20,2022-01-01,42_disculpe_disculpa_perdón_discúlpeme
43,"gabinete, jefe, ministros, griterío, escuchar",5,2022-01-01,43_ministros_gabinete_jefe_ministro
44,"respeto, ciñir, ginocchio, insulte, cercenarl",15,2022-01-01,44_respeto_respetar_respetuoso_señores
45,"oradora, escuchaber, escuchar, loguear, continúe",17,2022-01-01,45_escuchar_oradora_escuchaber_escuchen
46,"quórum, giro, caída, privil, egio",9,2022-01-01,46_momento_plazo_quórum_oportuno
47,"2º, giácomo, segundo, , ",5,2022-01-01,47_agost_carreño_2º_xii
49,"cardiopatía, cardiopatías, congénitas, congénita, gestant",8,2022-01-01,49_aborto_mujer_embarazo_salud
51,"deporte, género, deportivo, paridad, mujer",21,2022-01-01,51_mujer_violencia_01_género
52,"ley, vea, definitivamente, aviso, pág",10,2022-01-01,52_ley_aviso_roja_definitivamente
53,"gabinete, insumeir, cort, jefe, precioso",5,2022-01-01,53_secretario_jefe_gabinete_secretaria
54,"micrófono, córteme, botoncito, antipático, casaretto",7,2022-01-01,54_micrófono_audio_sonido_receptor
55,"macri, libro, contribución, ayer, presentar",1,2022-01-01,55_redacción_autor_copia_citación
56,"continúe, continúir, concluya, terminer, cordialidad",19,2022-01-01,56_continúir_finalizar_proseguir_continú...
57,"derenunciar, ginocchio, dilema, aniquilada, miniatura",4,2022-01-01,57_provincia_provincial_jurisdicción_int...
58,"borrego, schiavoni, geopolíticamente, intachable, rectificar",7,2022-01-01,58_registrado_sarghini_carrió_grosso
59,"castellano, taquígrafos, levantado, véansar, pág",8,2022-01-01,59_taquígrafos_director_cuerpo_monasteri...
61,"exdiputada, tolosa, éxito, renuncia, jimena",2,2022-01-01,61_renuncia_presentado_peticiones_renunc...
62,"risas, descontarer, sport, tejeda, barbijo",8,2022-01-01,62_risas_humor_risa_reír
63,"educación, educativo, escuela, docente, eliminación",9,2022-01-01,63_educación_educativo_universidad_docen...
64,"provincias, provincia, interbloque, enfermería, matyi",23,2022-01-01,64_provincia_provincias_jura_requerírsel...
65,"985d, lamenter, moisés, cuadrito, 2022",5,2022-01-01,65_boletín_prescindir_enunciación_resuel...
66,"espert, yasky, pedrini, allende, achicarno",42,2022-01-01,66_yasky_espert_acordar_allende
67,"ascarate, rugir, omodeo, , ",6,2022-01-01,67_massot_mayoraz_rugir_vallone
68,"incautar, mencionar, escuela, 2022, 2021",5,2022-01-01,68_desastre_zona_emergencia_agropecuario
70,"tabaco, habano, fet, habanito, calentado",2,2022-01-01,70_tabaco_cigarrillo_tabacalero_fumar
71,"abstención, abstenciones, 199, 195, 229",22,2022-01-01,71_abstenciones_abstención_afi_195
72,"8º, manzi, 9º, 6º, cacace",4,2022-01-01,72_6º_7º_1º_8º
73,"casas, figueroa, apartamento, penúltimo, loguear",18,2022-01-01,73_casas_bue_considera_figueroa
74,"previaje, devaluar, turismo, errático, confronter",4,2022-01-01,74_turismo_turístico_viaje_actividad
75,"ocaña, orrego, , , ",17,2022-01-01,75_inte_ocaña_conferencia_abierto
76,"compartir, vilca, cacace, gaillard, laspina",9,2022-01-01,76_compartir_pala_natalia_morán
77,"giacomo, stolbizer, , , ",25,2022-01-01,77_giacomo_stolbizer_nalizar_pala
78,"reconsideración, reciclador, ofender, lamentablemen, rechacir",5,2022-01-01,78_reconsideración_reconsiderar_formulo_...
79,"nieri, , , , ",3,2022-01-01,79_considera_schlotthauer_nieri_pala
80,"déjeme, parque, ecoturismo, frenir, migrar",2,2022-01-01,80_bosque_nativo_ambiental_forestal
82,"ceñir, apurar, veinticinco, pendiente, establecido",1,2022-01-01,82_treinta_veinte_segundo_quince
83,"vea, otación, pág, 101, 358",9,2022-01-01,83_vea_pág_otación_él
84,"yacobitti, verasay, gollán, quiroz, souto",23,2022-01-01,84_yacobitti_verasay_pala_gollán
85,"abstenciones, abstención, 129, 118, 126",21,2022-01-01,85_abstenciones_abstención_afi_131
86,"himno, entonar, estrofa, convocatoria, argentino",13,2022-01-01,86_estrofa_entonar_himno_orquesta
87,"monti, chubut, , , ",7,2022-01-01,87_chubut_pala_sidencia_monti
88,"2072, 27432, 2022, deportivo, 20630",4,2022-01-01,88_deportivo_antidopaje_deporte_fútbol
89,"órden, recordar, necesitar, , ",2,2022-01-01,89_recordar_italo_nalizado_olvidar
90,"juntos, interbloque, cambio, bouhid, cacace",9,2022-01-01,90_cambio_juntos_cambiar_interbloque
91,"ameritar, verter, ordenamiento, sentir, mecanismo",2,2022-01-01,91_tema_motivo_razón_lógica
93,"alzado, mano, retirado, cacace, reagrupar",33,2022-01-01,93_alzado_mano_levantar_afi
94,"coli, nalizado, marcela, , ",4,2022-01-01,94_lipovetzky_coli_nalizado_santillán
96,"lena, , , , ",7,2022-01-01,96_pala_lena_austin_tina
98,"carasso, girándosela, vuelta, , ",8,2022-01-01,98_vuelta_garrido_giro_carasso
99,"renuncia, tomás, 2022, obran, massa",1,2022-01-01,99_electoral_alianza_dni_candidato
100,"osuna, , , , ",8,2022-01-01,100_osuna_llancafilo_vásquez_punto
101,"cero, negativos, abstenciones, negativa, 216",9,2022-01-01,101_negativa_cero_negativos_nulo
102,"solicitud, leído, efectuado, presentado, ",2,2022-01-01,102_solicitud_peticiones_solicité_solici...
103,"agradecer, vesvessian, deportista, fortaleza, pase",8,2022-01-01,103_agradecer_apreciación_agradecimiento...
104,"mañana, , , , ",1,2022-01-01,104_mañana_ayer_acordar_desplacer
105,"innovación, nanotecnología, 23877, biotecnología, 26270",23,2022-01-01,105_ciencia_tecnología_innovación_tecnol...
106,"morosos, alimentario, alimentarios, deudores, registro",7,2022-01-01,106_alimentario_alimento_programa_alimen...
107,"discúlpeme, inscribir, debidamente, corporación, tipo",1,2022-01-01,107_italo_compañía_empresa_firma
109,"taxi, preséntese, censura, ridículo, tono",3,2022-01-01,109_corte_juez_patti_judicial
110,"renumeración, cuerpo, articulado, introducido, ordenes",6,2022-01-01,110_cuerpo_renumeración_corpacci_faculta...
111,"brouwer, koning, , , ",5,2022-01-01,111_considera_resulta_koning_brouwer
112,"gorleri, morales, tocar, ocupar, venir",5,2022-01-01,112_resulta_gorleri_morales_gorila
114,"área, azul, bentónica, marítimos, protegida",12,2022-01-01,114_pesca_pesquero_mar_buque
115,"sota, ministros, gabinete, jefe, ",4,2022-01-01,115_ministros_gabinete_jefe_sota
116,"resolución, , , , ",3,2022-01-01,116_resolución_disidencias_aciones_obser...
117,"latorre, joury, consignar, , ",5,2022-01-01,117_suficientemente_apoyado_apoyar_consi...
118,"virginia, consignar, cornejo, cerrado, auditoría",1,2022-01-01,118_auditoría_auditor_forlón_designado
119,"individual, ronda, inicio, segmento, comienzo",9,2022-01-01,119_comenzar_individual_comienzo_empezar
120,"antisemitismo, palestina, banfi, violar, compartir",2,2022-01-01,120_the_israel_palestino_convention
121,"loredo, , , , ",3,2022-01-01,121_castillo_loredo_ripoll_pichetto
122,"polini, 5º, dichos, 7º, 4º",6,2022-01-01,122_3º_5º_polini_1º
123,"banquito, jáuregui, marina, recordatorio, precisár",1,2022-01-01,123_vacuna_vacunación_covid_salud
124,"leído, leer, importante, él, ",4,2022-01-01,124_leído_leer_afi_leeré
125,"selva, , , , ",2,2022-01-01,125_contigiani_selva_afi_espinoza
126,"escondido, irrespetuosidad, foto, leitmotiv, pizarrón",1,2022-01-01,126_periodista_periodístico_prensa_perio...
127,"arroyo, valdés, , , ",11,2022-01-01,127_arroyo_valdés_acevedo_polledo
128,"rever, fein, nuevamente, volver, situación",3,2022-01-01,128_volver_nuevamente_otorgué_afi
129,"digno, paliativo, pasándolar, yuanes, oncopediatría",3,2022-01-01,129_terrorismo_terrorista_humanos_derech...
132,"nombre, propusimos, aeroportuaria, avisar, juntos",3,2022-01-01,132_nombre_apellido_pila_corrección
135,"perinatal, muerte, duelo, gestant, bebé",2,2022-01-01,135_aborto_mujer_embarazo_vida
136,"himno, requerimiento, abierto, efectuado, presencia",10,2022-01-01,136_doña_himno_electoral_abierto
137,"rizzotti, provincia, , , ",7,2022-01-01,137_sírvar_resu_rizzotti_ta
138,"lombardi, vidal, continúir, 122, abstener",16,2022-01-01,138_lombardi_vidal_debate_vivero
142,"ginocchio, exponer, individual, costa, reitero",13,2022-01-01,142_ginocchio_benegas_pala_lynch
143,"permítame, sentar, milei, , ",2,2022-01-01,143_indicar_tienir_yo_pala
144,"hagman, comenzar, , , ",5,2022-01-01,144_martiarena_suficientemente_hagman_ap...
145,"vih, hepatitis, salud, convivir, sida",9,2022-01-01,145_salud_medicina_médico_medicamento
146,"aquino, cartón, miriam, flores, villa",1,2022-01-01,146_flores_plantee_riutort_planteo
148,"caso, , , , ",1,2022-01-01,148_caso_suponer_demandar_separado
149,"referir, él, , , ",1,2022-01-01,149_referir_él_refer_déjeme
150,"laspina, retirar, , , ",15,2022-01-01,150_laspina_acceder_afi_lasbanca
151,"caselles, , , , ",4,2022-01-01,151_autenticacer_archivar_formular_diari...
152,"rectificar, oportunidad, , , ",1,2022-01-01,152_oportunidad_solicité_ocasión_aprovec...
153,"leila, chaher, viva, consignar, reiterar",1,2022-01-01,153_constitución_jura_requerírsele_esqui...
154,"sand, nancy, fundamentar, brindar, apoyo",1,2022-01-01,154_apoyo_apoyar_apoyamos_adelantar
155,"voté, tomar, sistema, , ",1,2022-01-01,155_sistema_electrónicamente_funcionar_l...
156,"háganlo, loguear, oradora, iniciativa, presentar",2,2022-01-01,156_iniciativa_ambos_resulta_brevedad
157,"eliminado, cacace, enumerado, , ",1,2022-01-01,157_eliminación_suprimir_eliminado_elimi...
158,"estévez, milman, rendido, vertido, calletti",27,2022-01-01,158_estévez_rendido_vertido_milman
159,"reconsideración, reconsiderar, , , ",3,2022-01-01,159_reconsideración_reconsideracion_reco...
160,"cannabis, medicinal, cáñamo, agencia, industria",29,2022-01-01,160_cannabis_medicinal_cáñamo_aceite
161,"cobos, manes, marziotta, , ",14,2022-01-01,161_marziotta_cobos_manes_gisela
162,"pronunciamiento, , , , ",1,2022-01-01,162_pronunciamiento_pronuncie_acento_éli...
163,"exportación, incremental, 2031, delegación, fijar",6,2022-01-01,163_exportación_importación_mercadería_c...
164,"sartori, lamento, contemplado, limitar, analizar",1,2022-01-01,164_economía_ministro_ministerio_italo
165,"2022, 562, magnicidio, vicepresidenta, mariana",1,2022-01-01,165_juicio_juez_doctor_actuación
167,"nanni, carro, toffino, tomás, carmen",9,2022-01-01,167_carro_nanni_mounier_car
168,"automotriz, industria, unidad, 829000, 434000",2,2022-01-01,168_biocombustibl_biodiésel_combustible_...
171,"mama, chahla, cáncer, lucha, ",1,2022-01-01,171_ficación_afi_xiv_xix
173,"escuchar, , , , ",3,2022-01-01,173_escuchar_garay_reitero_escúchenme
176,"contestar, preopinante, cosa, , ",1,2022-01-01,176_pregunta_preguntar_contestar_respond...
177,"evolución, loredo, asignado, radical, ciñir",4,2022-01-01,177_radical_radicalismo_bancada_evolució...
178,"sugerencia, sugerido, nanni, inicialmente, leído",1,2022-01-01,178_sugerencia_sugerir_sugerido_acepto
179,"banfi, , , , ",10,2022-01-01,179_banfi_refiera_habiéndose_loguear
180,"alusión, evitar, personal, , ",1,2022-01-01,180_inconveniente_excusación_contrario_e...
181,"respetar, , , , ",1,2022-01-01,181_petri_respetar_petmite_calma
182,"pregunta, , , , ",1,2022-01-01,182_pregunta_realizar_preguntar_raro
184,"guardar, continúir, requerírsele, jura, interrumpir",3,2022-01-01,184_audiencia_guardar_público_requerírse...
185,"extra, , , , ",1,2022-01-01,185_agregado_genera_resulta_gennaro
186,"tema, , , , ",2,2022-01-01,186_pala_tema_hase_interesado
-1,"calzado, 2022, 2023, alquiler, violencia",1610,2023-01-01,-1_él_provincia_caso_año
0,"argentina, trabajador, inflación, argentino, ciento",444,2023-01-01,0_argentino_argentina_país_gobierno
1,"inflación, tech, mono, contribuyente, simplificado",28,2023-01-01,1_presupuesto_gasto_ciento_millón
2,"castets, germana, lena, galimberti, brouwer",3,2023-01-01,2_pastoriza_landau_abdala_silvestre
3,"debate, debatir, querellante, intempestivo, ascarate",28,2023-01-01,3_debate_discusión_tema_debatir
4,"universidad, educación, educativo, universitario, creación",50,2023-01-01,4_educación_universidad_docente_educativ...
5,"gnl, btu, gas, cuenca, barril",9,2023-01-01,5_energía_gas_combustible_combustibles
6,"narcotráfico, rosario, organizado, falta, problemática",7,2023-01-01,6_penal_código_pena_delito
7,"oto, 169, , , ",1,2023-01-01,7_afi_127_129_131
8,"2022, smvm, mensual, 2023, impuesto",14,2023-01-01,8_impuesto_ganancia_tributario_fiscal
9,"782, chacra, vilca, 214, viedma",2,2023-01-01,9_registrar_afi_él_136
10,"pertenezca, lleno, heladera, loguear, cálmense",17,2023-01-01,10_haber_él_sr_referir
11,"puam, trabajador, activamente, uatre, unidad",3,2023-01-01,11_trabajo_trabajador_empleador_laboral
12,"salud, terapéutico, sanitario, profesional, paciente",27,2023-01-01,12_salud_discapacidad_paciente_pública
13,"referencia, valor, fob, dólar, valer",6,2023-01-01,13_precio_dólares_italo_millón
14,"president, giacomo, convers, presenciar, chárlenlo",17,2023-01-01,14_presiden_president_bue_sugerir
15,"armesto, ise, oriolo, incondicionalmente, emilia",3,2023-01-01,15_doctor_caride_hoz_ocupar
16,"loguear, omoedo, harpia, harpyja, maribel",13,2023-01-01,16_resulta_pala_afi_sin
18,"jubilación, jubilado, jubilar, aporte, informalidad",6,2023-01-01,18_pensión_previsional_jubilado_jubilaci...
19,"jurar, nieguir, arrúa, razzini, avico",18,2023-01-01,19_jurar_jura_someter_sr
20,"manifestaciones, manifestación, ley, casta, alexis",17,2023-01-01,20_manifestaciones_manifestación_barra_l...
21,"temario, 710, 715, 683, 714",1,2023-01-01,21_diputados_5282_pala_pág
22,"subsidiario, concedentir, custodia, ingeniería, armado",1,2023-01-01,22_militar_fuerza_defensa_soldati
23,"juancho, internacionalista, jujeño, conciliador, casta",6,2023-01-01,23_político_democracia_partido_debate
24,"legislador, loguear, pennaca, avanc, identifiquir",7,2023-01-01,24_legislador_congreso_legislativo_parla...
25,"sr, barra, abucheo, abuchear, silbido",10,2023-01-01,25_sr_pala_concedo_álvaro
26,"vicepresidente, 3º, vicepresidenta, secretarios, renuncias",10,2023-01-01,26_vicepresidente_vicepresidencia_ocupar...
27,"universidad, educación, saladillo, virgen, decil",8,2023-01-01,27_educación_escuela_monumento_aconsejar
28,"2023, 644, 740, 627, 488",3,2023-01-01,28_2007_2010_2006_07
30,"orgánico, beneficiario, promoción, producción, aplicación",7,2023-01-01,30_agropecuario_ganadería_productor_agri...
31,"uvis, crédito, hipotecarios, uvi, vivienda",8,2023-01-01,31_deudor_deuda_hipotecario_crédito
32,"evangelios, santos, dios, jurar, requerir",26,2023-01-01,32_evangelios_santos_dios_jurar
33,"indignado, jurar, ligereza, 30000, excolega",8,2023-01-01,33_justicialista_juez_justicia_bancada
34,"declaración, niñas, niños, detección, abuso",1,2023-01-01,34_matrimonio_divorcio_cónyuge_hijo
35,"apagala, apagá, radio, ratito, prender",2,2023-01-01,35_teatral_radio_televisión_audiovisual
36,"memoria, rendido, lápices, homenajes, labrune",9,2023-01-01,36_memoria_rendido_homenajes_rendir
37,"gas, energético, muerta, ypf, abastecer",9,2023-01-01,37_nuclear_energía_energético_gas
38,"oficialismo, nominación, apoyar, voluntad, popular",1,2023-01-01,38_cívica_radical_unión_nombre
39,"votar, 782, votarar, masin, 179",4,2023-01-01,39_votar_voté_votado_vota
40,"aparicio, termínela, aclare, espil, lea",13,2023-01-01,40_leito_aparicio_alderete_leavy
41,"aerolíneas, argentinas, radar, avión, volar",8,2023-01-01,41_aéreo_aerolíneas_argentinas_aeronave
42,"disculpe, discúlpeme, iparraguirre, eché, disculpa",15,2023-01-01,42_disculpe_disculpa_perdón_discúlpeme
43,"ministros, gabinete, jefe, agustín, ministro",18,2023-01-01,43_ministros_gabinete_jefe_ministro
44,"respeto, respetar, faltás, falta, respéteme",17,2023-01-01,44_respeto_respetar_respetuoso_señores
45,"loguear, oradora, apagá, murmullo, escuchar",13,2023-01-01,45_escuchar_oradora_escuchaber_escuchen
47,"sr, , , , ",1,2023-01-01,47_agost_carreño_2º_xii
49,"obstetricia, trisomía, monotributo, profesional, nacido",3,2023-01-01,49_aborto_mujer_embarazo_salud
51,"digital, 485, 26, mujer, violencia",12,2023-01-01,51_mujer_violencia_01_género
52,"ley, aviso, definitivamente, vea, inser1",6,2023-01-01,52_ley_aviso_roja_definitivamente
53,"gabinete, jefe, conversar, pedo, respetir",8,2023-01-01,53_secretario_jefe_gabinete_secretaria
54,"micrófono, percibir, manifestación, alcanzar, alejandro",14,2023-01-01,54_micrófono_audio_sonido_receptor
55,"manzi, uif, copia, equivalente, redacción",2,2023-01-01,55_redacción_autor_copia_citación
56,"continúir, desloguea, proseguir, finalizar, finalizadar",8,2023-01-01,56_continúir_finalizar_proseguir_continú...
57,"igon, renumerar, provinciano, claustro, provincial",4,2023-01-01,57_provincia_provincial_jurisdicción_int...
58,"grosso, benedetti, , , ",4,2023-01-01,58_registrado_sarghini_carrió_grosso
59,"castellano, levantado, taquígrafos, véansar, guillermo",6,2023-01-01,59_taquígrafos_director_cuerpo_monasteri...
61,"renuncia, renuncias, presentado, documentación, duco",7,2023-01-01,61_renuncia_presentado_peticiones_renunc...
62,"miren, risas, tranquilo, poner, creer",1,2023-01-01,62_risas_humor_risa_reír
63,"universidad, educación, educativo, laurentino, universitario",17,2023-01-01,63_educación_educativo_universidad_docen...
64,"mazú, interbloque, provincia, vessvessian, gollán",11,2023-01-01,64_provincia_provincias_jura_requerírsel...
65,"verasay, referencia, bochinche, acepté, valor",2,2023-01-01,65_boletín_prescindir_enunciación_resuel...
66,"espert, yasky, pedrini, acordar, vallese",25,2023-01-01,66_yasky_espert_acordar_allende
67,"massot, rugir, aplicar, , ",2,2023-01-01,67_massot_mayoraz_rugir_vallone
68,"salvar, agua, aviar, mosquito, gripe",1,2023-01-01,68_desastre_zona_emergencia_agropecuario
70,"sigar, , , , ",1,2023-01-01,70_tabaco_cigarrillo_tabacalero_fumar
71,"abstenciones, abstención, 176, 156, 194",14,2023-01-01,71_abstenciones_abstención_afi_195
72,"7º, 8º, cacace, 9º, 1º",9,2023-01-01,72_6º_7º_1º_8º
73,"casas, figueroa, apartamento, asseff, ",10,2023-01-01,73_casas_bue_considera_figueroa
74,"chiquito, ministros, receta, jefe, gabinete",1,2023-01-01,74_turismo_turístico_viaje_actividad
75,"ocaña, conferencia, abierto, unidad, mantener",7,2023-01-01,75_inte_ocaña_conferencia_abierto
76,"compartir, reordenar, finocchiaro, litza, graciela",4,2023-01-01,76_compartir_pala_natalia_morán
77,"giacomo, stolbizer, concedo, moran, ",21,2023-01-01,77_giacomo_stolbizer_nalizar_pala
78,"reconsiderar, fein, problema, , ",1,2023-01-01,78_reconsideración_reconsiderar_formulo_...
79,"nieri, , , , ",1,2023-01-01,79_considera_schlotthauer_nieri_pala
80,"águilo, harpiar, naturales, recursos, exportar",2,2023-01-01,80_bosque_nativo_ambiental_forestal
81,"27551, locación, 1198, 224, asseff",1,2023-01-01,81_civil_código_sustitución_padre
82,"segundo, veinte, treinta, , ",2,2023-01-01,82_treinta_veinte_segundo_quince
83,"vea, otación, pág, 382, quédense",6,2023-01-01,83_vea_pág_otación_él
84,"verasay, gollán, yacobitti, souto, quiroz",14,2023-01-01,84_yacobitti_verasay_pala_gollán
85,"abstenciones, abstención, 102, 126, 111",16,2023-01-01,85_abstenciones_abstención_afi_131
86,"estrofa, entonar, himno, rolando, convocatoria",11,2023-01-01,86_estrofa_entonar_himno_orquesta
87,"chubut, igon, , , ",5,2023-01-01,87_chubut_pala_sidencia_monti
88,"pequeños, simplificado, tecnológicos, contribuyentes, tech",3,2023-01-01,88_deportivo_antidopaje_deporte_fútbol
89,"recordar, nieri, marín, acortar, asseff",4,2023-01-01,89_recordar_italo_nalizado_olvidar
90,"juntos, interbloque, cambio, cambiemos, dijimos",8,2023-01-01,90_cambio_juntos_cambiar_interbloque
91,"otorgábamos, saldado, sincero, específicamente, justificar",4,2023-01-01,91_tema_motivo_razón_lógica
93,"alzado, mano, pediríar, pisarello, flaco",8,2023-01-01,93_alzado_mano_levantar_afi
94,"coli, lipovetzky, llamar, estévez, massa",3,2023-01-01,94_lipovetzky_coli_nalizado_santillán
96,"lena, , , , ",4,2023-01-01,96_pala_lena_austin_tina
98,"carasso, unifiqu, giro, manzi, garrido",8,2023-01-01,98_vuelta_garrido_giro_carasso
99,"dni, firmado, cne, 2021, 2023",9,2023-01-01,99_electoral_alianza_dni_candidato
100,"osuna, , , , ",3,2023-01-01,100_osuna_llancafilo_vásquez_punto
101,"abstenciones, cero, negativos, abstención, 197",11,2023-01-01,101_negativa_cero_negativos_nulo
102,"rendido, vertido, convocatoria, , ",1,2023-01-01,102_solicitud_peticiones_solicité_solici...
103,"agradecer, aprovecho, cañuelas, saladillo, paraná",3,2023-01-01,103_agradecer_apreciación_agradecimiento...
104,"reduzcamos, informant, preparar, mañana, faltar",1,2023-01-01,104_mañana_ayer_acordar_desplacer
105,"ciencia, innovación, tecnología, 2030, 741",10,2023-01-01,105_ciencia_tecnología_innovación_tecnol...
106,"comedor, alimento, constantemente, casta, primerear",2,2023-01-01,106_alimentario_alimento_programa_alimen...
108,"renuncia, , , , ",1,2023-01-01,108_cientemente_apoyado_sufi_juliano
110,"cuerpo, exdiputado, incorporar, previamente, quince",4,2023-01-01,110_cuerpo_renumeración_corpacci_faculta...
111,"brouwer, koning, , , ",4,2023-01-01,111_considera_resulta_koning_brouwer
112,"gorleri, morales, ocaña, ronda, parir",5,2023-01-01,112_resulta_gorleri_morales_gorila
114,"trazabilidad, pesca, proteína, volvimos, intereses",5,2023-01-01,114_pesca_pesquero_mar_buque
115,"ministros, gabinete, jefe, sota, ",4,2023-01-01,115_ministros_gabinete_jefe_sota
116,"aciones, resolución, disidencias, observ, ley",2,2023-01-01,116_resolución_disidencias_aciones_obser...
117,"latorre, , , , ",2,2023-01-01,117_suficientemente_apoyado_apoyar_consi...
119,"inicio, individual, terminemos, macha, passo",6,2023-01-01,119_comenzar_individual_comienzo_empezar
120,"israel, palestino, terrorista, hamás, gaza",21,2023-01-01,120_the_israel_palestino_convention
121,"loredo, , , , ",1,2023-01-01,121_castillo_loredo_ripoll_pichetto
122,"5º, 7º, 4º, cacace, 1º",5,2023-01-01,122_3º_5º_polini_1º
123,"dengue, descacharrado, combatir, 41257, decena",3,2023-01-01,123_vacuna_vacunación_covid_salud
124,"lea, derecho, , , ",1,2023-01-01,124_leído_leer_afi_leeré
125,"selva, termínela, continúe, , ",4,2023-01-01,125_contigiani_selva_afi_espinoza
126,"perseguir, periodista, c5n, escrachar, usar",7,2023-01-01,126_periodista_periodístico_prensa_perio...
127,"arroyo, valdés, individual, , ",14,2023-01-01,127_arroyo_valdés_acevedo_polledo
128,"sométalo, retomar, nuevamente, , ",2,2023-01-01,128_volver_nuevamente_otorgué_afi
129,"operandi, modus, clandestino, gollán, desclasificado",1,2023-01-01,129_terrorismo_terrorista_humanos_derech...
130,"alquiler, inquilino, oferta, inflación, 27551",14,2023-01-01,130_vivienda_alquiler_vendedor_locación
131,"planteé, licitación, ente, semana, problema",1,2023-01-01,131_miércoles_jueves_semana_viernes
132,"decí, identifiqué, nombre, huerto, alejandra",4,2023-01-01,132_nombre_apellido_pila_corrección
136,"himno, 129, abierto, requerimiento, presencia",9,2023-01-01,136_doña_himno_electoral_abierto
137,"cris, rizzotti, , , ",2,2023-01-01,137_sírvar_resu_rizzotti_ta
138,"lombardi, gestito, vidal, espere, aparicio",13,2023-01-01,138_lombardi_vidal_debate_vivero
141,"sistemáticamente, juntos, interrumpir, cambio, diputados",1,2023-01-01,141_interrumpir_interrup_dencia_presi
142,"ginocchio, festividad, virgen, entendido, valle",8,2023-01-01,142_ginocchio_benegas_pala_lynch
143,"obstar, conceder, permítanme, cantar, acompañar",4,2023-01-01,143_indicar_tienir_yo_pala
144,"hagman, loguear, posteriormente, seguir, ",4,2023-01-01,144_martiarena_suficientemente_hagman_ap...
145,"clínico, digitalización, historia, informatización, salud",7,2023-01-01,145_salud_medicina_médico_medicamento
150,"laspina, , , , ",2,2023-01-01,150_laspina_acceder_afi_lasbanca
153,"contesté, constitución, claro, pregunta, ",1,2023-01-01,153_constitución_jura_requerírsele_esqui...
155,"danta, informática, anexar, bertoldi, cacace",4,2023-01-01,155_sistema_electrónicamente_funcionar_l...
158,"estévez, rendido, vertido, , ",9,2023-01-01,158_estévez_rendido_vertido_milman
159,"reconsideración, , , , ",1,2023-01-01,159_reconsideración_reconsideracion_reco...
161,"cobos, manes, marziotta, , ",6,2023-01-01,161_marziotta_cobos_manes_gisela
164,"acordás, murphy, rúa, ricardo, ministro",1,2023-01-01,164_economía_ministro_ministerio_italo
167,"nanni, carro, , , ",5,2023-01-01,167_carro_nanni_mounier_car
173,"escuchaber, escuchar, atención, , ",4,2023-01-01,173_escuchar_garay_reitero_escúchenme
175,"señoras, provisional, elección, disposición, ",1,2023-01-01,175_pedidos_mociones_informes_consulta
176,"formulación, pregunta, , , ",1,2023-01-01,176_pregunta_preguntar_contestar_respond...
177,"levantar, asseff, probable, ideología, ocasión",2,2023-01-01,177_radical_radicalismo_bancada_evolució...
178,"sugerir, poner, venir, tener, ",2,2023-01-01,178_sugerencia_sugerir_sugerido_acepto
179,"banfi, interrumpir, recordar, provincia, ",10,2023-01-01,179_banfi_refiera_habiéndose_loguear
181,"respetar, , , , ",1,2023-01-01,181_petri_respetar_petmite_calma
182,"preguntar, simple, explicar, pregunta, realizar",3,2023-01-01,182_pregunta_realizar_preguntar_raro
183,"evangelios, santos, dios, jura, requerir",10,2023-01-01,183_evangelios_santos_jura_dios
184,"guardar, continúir, público, grosso, rápidamente",4,2023-01-01,184_audiencia_guardar_público_requerírse...
189,"video, taquigráfico, versión, búsquenlo, miren",7,2023-01-01,189_versión_taquigráfico_taquigráfi_taqu...
-1,"union, 2024, milei, genético, gobierno",4048,2024-01-01,-1_él_provincia_caso_año
0,"milei, argentina, bases, acá, argentino",1152,2024-01-01,0_argentino_argentina_país_gobierno
1,"presupuesto, dnu, inflación, fiscal, 2024",37,2024-01-01,1_presupuesto_gasto_ciento_millón
2,"pág, ausentes, natalia, 141º, lorena",2,2024-01-01,2_pastoriza_landau_abdala_silvestre
3,"debate, discusión, tema, emplazamiento, debatir",74,2024-01-01,3_debate_discusión_tema_debatir
4,"universidad, docente, 2024, universitario, educación",127,2024-01-01,4_educación_universidad_docente_educativ...
5,"traigan, revancha, bases, rigi, petróleo",16,2024-01-01,5_energía_gas_combustible_combustibles
6,"código, penal, bloqueo, bis, huelga",28,2024-01-01,6_penal_código_pena_delito
7,"afi, 127, 136, 177, 113",88,2024-01-01,7_afi_127_129_131
8,"impuesto, ganancia, bien, pagar, personal",18,2024-01-01,8_impuesto_ganancia_tributario_fiscal
9,"232, 200, registr, léalo, surgen",8,2024-01-01,9_registrar_afi_él_136
10,"loguear, él, sírvanse, sírvansar, identificar",50,2024-01-01,10_haber_él_sr_referir
11,"trabajador, sindicato, prueba, período, sindical",33,2024-01-01,11_trabajo_trabajador_empleador_laboral
12,"2024, fumar, online, apuesta, emplazamiento",4,2024-01-01,12_salud_discapacidad_paciente_pública
13,"hable, farsa, barletta, ucr, reir",6,2024-01-01,13_precio_dólares_italo_millón
14,"president, voluntad, acercar, cuest, organizar",24,2024-01-01,14_presiden_president_bue_sugerir
15,"entrerriano, mencho, figueroa, doctor, conmocionado",4,2024-01-01,15_doctor_caride_hoz_ocupar
16,"castagneto, sírvar, paulón, finocchiaro, bornoroni",40,2024-01-01,16_resulta_pala_afi_sin
17,"tren, transporte, amba, pasajero, ferroviario",11,2024-01-01,17_ferroviario_ruta_ferrocarril_transpor...
18,"jubilado, 24, movilidad, jubilatorio, jubilaciones",28,2024-01-01,18_pensión_previsional_jubilado_jubilaci...
19,"mayoraz, agost, carreño, cൺඌඍൾඅඅൺඇඈ, අඅൾඋආඈ",24,2024-01-01,19_jurar_jura_someter_sr
20,"manifestación, manifestaciones, alexis, manifestante, loredo",20,2024-01-01,20_manifestaciones_manifestación_barra_l...
21,"colaboracionista, santurio, 217, 215, 157",2,2024-01-01,21_diputados_5282_pala_pág
22,"abstendrar, militar, quillango, tandil, brigada",9,2024-01-01,22_militar_fuerza_defensa_soldati
23,"democracia, acá, venir, gustar, representación",21,2024-01-01,23_político_democracia_partido_debate
24,"legislador, exprópiese, delegación, bicameral, coimero",18,2024-01-01,24_legislador_congreso_legislativo_parla...
25,"sr, agustín, álvaro, afi, cierro",51,2024-01-01,25_sr_pala_concedo_álvaro
26,"vicepresidenta, vicepresidencia, ocupar, añez, tantísima",9,2024-01-01,26_vicepresidente_vicepresidencia_ocupar...
27,"inmaterial, 483, patrimonio, cultural, registro",4,2024-01-01,27_educación_escuela_monumento_aconsejar
28,"2024, 2023, 24, 930, murphy",11,2024-01-01,28_2007_2010_2006_07
29,"sugeír, 1846, avancar, revisionismo, quebracho",2,2024-01-01,29_1984_1985_diputados_véanse
30,"ómnibu, necesitar, muerta, delegación, patagónico",2,2024-01-01,30_agropecuario_ganadería_productor_agri...
31,"loan, tratant, blanquear, 57000, 46000",4,2024-01-01,31_deudor_deuda_hipotecario_crédito
32,"esquiú, biasi, excelsitud, amarante, dios",5,2024-01-01,32_evangelios_santos_dios_jurar
33,"trabajarar, reaccionario, calle, marchar, combatir",2,2024-01-01,33_justicialista_juez_justicia_bancada
34,"abstendríamos, receptar, autoexclusión, exclusión, competente",1,2024-01-01,34_matrimonio_divorcio_cónyuge_hijo
35,"inamu, cultura, instituto, teatro, télam",9,2024-01-01,35_teatral_radio_televisión_audiovisual
36,"memoria, guardar, cortiñas, exdiputado, exgobernador",8,2024-01-01,36_memoria_rendido_homenajes_rendir
37,"energético, hidrógeno, 26741, verde, juntar",10,2024-01-01,37_nuclear_energía_energético_gas
38,"cívica, unión, radical, 2024, espert",18,2024-01-01,38_cívica_radical_unión_nombre
39,"votar, frade, voté, junto, él",31,2024-01-01,39_votar_voté_votado_vota
40,"moran, logueado, léalos, anotar, aclare",20,2024-01-01,40_leito_aparicio_alderete_leavy
41,"aerolíneas, privatización, argentinas, liderar, piloto",6,2024-01-01,41_aéreo_aerolíneas_argentinas_aeronave
42,"disculpe, disculpa, perdón, continúir, enoje",44,2024-01-01,42_disculpe_disculpa_perdón_discúlpeme
43,"gabinete, ministros, jefe, whatsapp, pregunta",11,2024-01-01,43_ministros_gabinete_jefe_ministro
44,"respeto, respetar, respetuoso, señores, respeter",50,2024-01-01,44_respeto_respetar_respetuoso_señores
45,"escuchar, escuchaber, señores, oradora, dama",41,2024-01-01,45_escuchar_oradora_escuchaber_escuchen
46,"momento, tardaríamos, deslogueer, logueó, emplacemos",15,2024-01-01,46_momento_plazo_quórum_oportuno
47,"agost, carreño, 2º, molle, otemos",33,2024-01-01,47_agost_carreño_2º_xii
50,"656, 2024, agost, carreño, rechazo",4,2024-01-01,50_decreto_648_alidez_derogar
51,"mujer, asedio, modernidad, violencia, feminista",8,2024-01-01,51_mujer_violencia_01_género
52,"ley, aviso, definitivamente, 1263, 1476",4,2024-01-01,52_ley_aviso_roja_definitivamente
53,"secretario, jefe, gabinete, póngansir, daives",11,2024-01-01,53_secretario_jefe_gabinete_secretaria
54,"micrófono, biasi, percibir, manifestación, alcanzar",41,2024-01-01,54_micrófono_audio_sonido_receptor
55,"recomendé, artero, calificativo, libro, preopinante",7,2024-01-01,55_redacción_autor_copia_citación
56,"finalizar, continúir, continúe, proseguir, exceder",32,2024-01-01,56_continúir_finalizar_proseguir_continú...
57,"invítase, redacción, instamos, dialoguir, adhesión",6,2024-01-01,57_provincia_provincial_jurisdicción_int...
58,"benedetti, borrego, benedit, bianchetti, bornoroni",18,2024-01-01,58_registrado_sarghini_carrió_grosso
59,"castellano, taquígrafos, guillermo, director, carajo",6,2024-01-01,59_taquígrafos_director_cuerpo_monasteri...
62,"risas, reír, amargar, cort, angelici",11,2024-01-01,62_risas_humor_risa_reír
63,"educación, docente, universidad, educativo, chico",41,2024-01-01,63_educación_educativo_universidad_docen...
64,"santurio, provincia, zapata, tavela, arrieta",8,2024-01-01,64_provincia_provincias_jura_requerírsel...
65,"economicemos, anótesar, 15750, 2024, secundar",4,2024-01-01,65_boletín_prescindir_enunciación_resuel...
66,"espert, yasky, allende, pedrini, peluc",50,2024-01-01,66_yasky_espert_acordar_allende
67,"massot, mayoraz, rugir, retirar, agregado",55,2024-01-01,67_massot_mayoraz_rugir_vallone
68,"temperatura, temporal, anegado, nevada, chubutens",2,2024-01-01,68_desastre_zona_emergencia_agropecuario
70,"tabaco, 24674, internos, válidamente, cigarrillo",8,2024-01-01,70_tabaco_cigarrillo_tabacalero_fumar
71,"abstención, afi, abstenciones, 224, 145",35,2024-01-01,71_abstenciones_abstención_afi_195
72,"8º, 7º, 6º, frade, afi",16,2024-01-01,72_6º_7º_1º_8º
73,"casas, figueroa, apartamento, sírvar, procederer",22,2024-01-01,73_casas_bue_considera_figueroa
74,"automovilismo, carretera, representar, turismo, rendir",1,2024-01-01,74_turismo_turístico_viaje_actividad
75,"carignano, res, , , ",7,2024-01-01,75_inte_ocaña_conferencia_abierto
76,"mayoraz, habler, lujo, espert, comer",2,2024-01-01,76_compartir_pala_natalia_morán
77,"stolbizer, nalizar, concedo, sírvar, culminar",33,2024-01-01,77_giacomo_stolbizer_nalizar_pala
78,"reconsideración, logueado, banfi, subsanar, consignar",3,2024-01-01,78_reconsideración_reconsiderar_formulo_...
79,"schlotthauer, nieri, nido, defi, ",37,2024-01-01,79_considera_schlotthauer_nieri_pala
80,"forestales, ciencias, universidad, , ",1,2024-01-01,80_bosque_nativo_ambiental_forestal
81,"292, redacción, originalmente, frío, suprimir",1,2024-01-01,81_civil_código_sustitución_padre
82,"segundo, treinta, váyase, caminatas, veinte",11,2024-01-01,82_treinta_veinte_segundo_quince
83,"otación, vea, pág, él, afi",55,2024-01-01,83_vea_pág_otación_él
84,"ibañez, gollán, verasay, campero, quiroz",32,2024-01-01,84_yacobitti_verasay_pala_gollán
85,"abstención, abstenciones, afi, 110, 136",28,2024-01-01,85_abstenciones_abstención_afi_131
86,"entonar, estrofa, himno, convocatoria, público",1,2024-01-01,86_estrofa_entonar_himno_orquesta
87,"monti, chubut, treffinger, avila, afi",20,2024-01-01,87_chubut_pala_sidencia_monti
88,"pongar, abucheo, tolerable, normalidad, cancha",1,2024-01-01,88_deportivo_antidopaje_deporte_fútbol
89,"jornada, olvidar, respetar, mencionar, recordar",2,2024-01-01,89_recordar_italo_nalizado_olvidar
90,"cambio, cambiar, nieri, pedro, habíar",12,2024-01-01,90_cambio_juntos_cambiar_interbloque
91,"enfóquese, abstractas, cumplir, lógico, créame",14,2024-01-01,91_tema_motivo_razón_lógica
92,"pág, fernanda, avila, invito, doña",2,2024-01-01,92_abierto_presencia_puestos_electoral
93,"alzado, mano, afi, zago, 172",21,2024-01-01,93_alzado_mano_levantar_afi
94,"coli, santillán, manes, nalizado, concatenado",22,2024-01-01,94_lipovetzky_coli_nalizado_santillán
95,"loredo, propusar, bancar, impreso, estrado",1,2024-01-01,95_banco_central_directorio_negociación
98,"garrido, redondeé, tournier, mocionar, vuelta",17,2024-01-01,98_vuelta_garrido_giro_carasso
99,"candidato, 2021, galimberti, 2024, apoderado",5,2024-01-01,99_electoral_alianza_dni_candidato
100,"vásquez, llancafilo, osuna, , ",39,2024-01-01,100_osuna_llancafilo_vásquez_punto
101,"cero, abstenciones, afi, 145, 231",18,2024-01-01,101_negativa_cero_negativos_nulo
102,"almirón, camente, apelación, villaverde, específi",2,2024-01-01,102_solicitud_peticiones_solicité_solici...
103,"agradecer, habilitemos, aceptarer, gentileza, tavela",7,2024-01-01,103_agradecer_apreciación_agradecimiento...
104,"mañana, pichetto, llegadar, ayer, quédense",9,2024-01-01,104_mañana_ayer_acordar_desplacer
105,"innovación, abstener, integrante, yo, ",2,2024-01-01,105_ciencia_tecnología_innovación_tecnol...
106,"comedor, alimento, intermediario, gustar, inscripto",2,2024-01-01,106_alimentario_alimento_programa_alimen...
107,"angelici, sucio, lobby, salvedad, cha",2,2024-01-01,107_italo_compañía_empresa_firma
108,"juliano, diferencialmente, emprolijar, sufi, zoom",25,2024-01-01,108_cientemente_apoyado_sufi_juliano
110,"cuerpo, renumeración, concernient, estilo, facultar",15,2024-01-01,110_cuerpo_renumeración_corpacci_faculta...
111,"koning, brouwer, bouwer, sírvar, certeza",17,2024-01-01,111_considera_resulta_koning_brouwer
112,"cosa, , , , ",2,2024-01-01,112_resulta_gorleri_morales_gorila
113,"2024, 477, octubre, capozzi, 567",4,2024-01-01,113_2002_diputados_2001_noviembre
114,"pesca, frío, garantía, milei, 520",1,2024-01-01,114_pesca_pesquero_mar_buque
115,"sota, ministros, gabinete, jefe, ",6,2024-01-01,115_ministros_gabinete_jefe_sota
117,"consignar, omodeo, haber, apoyo, alcanzar",15,2024-01-01,117_suficientemente_apoyado_apoyar_consi...
118,"auditoría, consignar, strada, bornoroni, constar",32,2024-01-01,118_auditoría_auditor_forlón_designado
119,"ronda, comienzo, cuatros, juntár, empecinamiento",10,2024-01-01,119_comenzar_individual_comienzo_empezar
120,"palestino, israel, netanyahu, genocidio, gaza",16,2024-01-01,120_the_israel_palestino_convention
121,"castillo, loredo, pichetto, finocchiaro, sírvar",75,2024-01-01,121_castillo_loredo_ripoll_pichetto
122,"polini, 5º, 3º, loredo, frade",21,2024-01-01,122_3º_5º_polini_1º
123,"antiaftós, represa, hidroeléctrica, vacunación, vacuna",3,2024-01-01,123_vacuna_vacunación_covid_salud
124,"leído, leer, afi, ciegas, leeré",34,2024-01-01,124_leído_leer_afi_leeré
125,"selva, inaceptable, , , ",12,2024-01-01,125_contigiani_selva_afi_espinoza
126,"mandíbula, corrí, maricón, policía, luro",4,2024-01-01,126_periodista_periodístico_prensa_perio...
127,"acevedo, valdés, arroyo, , ",43,2024-01-01,127_arroyo_valdés_acevedo_polledo
128,"secundar, giuliano, loredo, volver, loan",6,2024-01-01,128_volver_nuevamente_otorgué_afi
129,"840, genocida, 2024, fundamentar, gritir",2,2024-01-01,129_terrorismo_terrorista_humanos_derech...
130,"orgar, house, macrismo, fiscal, responsabilidad",1,2024-01-01,130_vivienda_alquiler_vendedor_locación
131,"jueves, tratando, nanciamiento, universitario, cronograma",4,2024-01-01,131_miércoles_jueves_semana_viernes
132,"renumera, nombre, antola, loguear, habitualmente",5,2024-01-01,132_nombre_apellido_pila_corrección
133,"honesto, negociar, contestar, ser, preguntar",1,2024-01-01,133_negociación_negociador_negociar_nego...
134,"paulón, afi, , , ",18,2024-01-01,134_afi_paulón_robson_copello
136,"estrofa, entonar, himno, doña, pág",9,2024-01-01,136_doña_himno_electoral_abierto
137,"sírvar, rizzotti, sírvansar, picón, galimberti",70,2024-01-01,137_sírvar_resu_rizzotti_ta
138,"lombardi, vidal, logueado, bongiovanni, sírvar",30,2024-01-01,138_lombardi_vidal_debate_vivero
139,"afi, , , , ",8,2024-01-01,139_afi___
141,"interrumpir, freites, castagneto, alocución, incumplir",4,2024-01-01,141_interrumpir_interrup_dencia_presi
142,"ginocchio, benegas, lynch, poncho, excedido",18,2024-01-01,142_ginocchio_benegas_pala_lynch
143,"indicar, yo, palo, dígame, verasay",14,2024-01-01,143_indicar_tienir_yo_pala
144,"hagman, hagan, comienzo, individual, pedro",11,2024-01-01,144_martiarena_suficientemente_hagman_ap...
145,"libertad, profundamente, 8100, medicina, prepagar",4,2024-01-01,145_salud_medicina_médico_medicamento
146,"plantee, permitar, respetar, , ",2,2024-01-01,146_flores_plantee_riutort_planteo
147,"infomercial, infocomercial, frade, conocimiento, acercar",4,2024-01-01,147_conocimiento_información_tomar_conoc...
148,"araujo, caso, , , ",1,2024-01-01,148_caso_suponer_demandar_separado
149,"referir, macha, decir, explicar, él",4,2024-01-01,149_referir_él_refer_déjeme
150,"laspina, , , , ",6,2024-01-01,150_laspina_acceder_afi_lasbanca
151,"someter, carro, dnu, gente, ",10,2024-01-01,151_autenticacer_archivar_formular_diari...
152,"tinuaremos, oportunidad, taquigráfico, ameritar, celeridad",3,2024-01-01,152_oportunidad_solicité_ocasión_aprovec...
153,"nader, alida, alí, constitución, requerírsele",8,2024-01-01,153_constitución_jura_requerírsele_esqui...
154,"décimo, apoyo, , , ",1,2024-01-01,154_apoyo_apoyar_apoyamos_adelantar
155,"sistema, loguear, arrúa, funcionar, chequear",18,2024-01-01,155_sistema_electrónicamente_funcionar_l...
157,"suprimir, terminer, eliminación, eliminado, bornoroni",6,2024-01-01,157_eliminación_suprimir_eliminado_elimi...
158,"milman, estévez, omodeo, nuñez, ",10,2024-01-01,158_estévez_rendido_vertido_milman
159,"reconsideración, , , , ",1,2024-01-01,159_reconsideración_reconsideracion_reco...
161,"cobos, manes, marziotta, , ",40,2024-01-01,161_marziotta_cobos_manes_gisela
164,"dujovne, ministro, educado, economía, estigmatizar",4,2024-01-01,164_economía_ministro_ministerio_italo
167,"carro, pasaremos, tavela, chica, soria",14,2024-01-01,167_carro_nanni_mounier_car
169,"seguir, paulón, frade, , ",5,2024-01-01,169_próximo_listado_seguir_afi
173,"escuchar, escuchen, banfi, , ",8,2024-01-01,173_escuchar_garay_reitero_escúchenme
174,"montoto, mover, , , ",4,2024-01-01,174_traslado_montoto_solicitud_trasladar
175,"señoras, bornoroni, provisional, elección, disposición",1,2024-01-01,175_pedidos_mociones_informes_consulta
176,"habilitado, diferenciado, suceder, preguntar, ",1,2024-01-01,176_pregunta_preguntar_contestar_respond...
177,"radicalismo, obscena, embarrar, terminer, sírvar",5,2024-01-01,177_radical_radicalismo_bancada_evolució...
178,"sugerir, tener, , , ",1,2024-01-01,178_sugerencia_sugerir_sugerido_acepto
179,"banfi, loguear, , , ",32,2024-01-01,179_banfi_refiera_habiéndose_loguear
180,"cercenacer, rechazar, sometimo, aciones, biasi",5,2024-01-01,180_inconveniente_excusación_contrario_e...
181,"respetar, , , , ",3,2024-01-01,181_petri_respetar_petmite_calma
184,"leticia, guardar, schlotthauer, requerírsele, mónica",2,2024-01-01,184_audiencia_guardar_público_requerírse...
185,"agregado, afi, , , ",2,2024-01-01,185_agregado_genera_resulta_gennaro
186,"tema, , , , ",3,2024-01-01,186_pala_tema_hase_interesado
187,"rectifi, car, consignar, notar, ratifi",1,2024-01-01,187_consulta_consultar_asesoramiento_ase...
189,"taquigráfi, versión, constar, taquigráfico, giuliano",8,2024-01-01,189_versión_taquigráfico_taquigráfi_taqu...
-1,"union, 2025, milei, avanza, discapacidad",4408,2025-01-01,-1_él_provincia_caso_año
0,"milei, limpia, ficha, jubilado, argentina",876,2025-01-01,0_argentino_argentina_país_gobierno
1,"discapacidad, presupuesto, contributivo, 2026, pensión",81,2025-01-01,1_presupuesto_gasto_ciento_millón
2,"fred, machado, mina, guatemala, oro",3,2025-01-01,2_pastoriza_landau_abdala_silvestre
3,"debate, emplazamiento, ordenar, tema, hinchada",65,2025-01-01,3_debate_discusión_tema_debatir
4,"universidad, universitario, docente, 2025, educación",50,2025-01-01,4_educación_universidad_docente_educativ...
5,"fideicomiso, 23966, combustibles, fondo, coma",15,2025-01-01,5_energía_gas_combustible_combustibles
6,"reiterancia, procesal, imputado, penal, delictivo",29,2025-01-01,6_penal_código_pena_delito
7,"127, 129, 210, futurología, basándome",20,2025-01-01,7_afi_127_129_131
8,"coparticipación, fiscal, 23548, provincia, caja",11,2025-01-01,8_impuesto_ganancia_tributario_fiscal
9,"loredo, 147, 127, identificar, temario",2,2025-01-01,9_registrar_afi_él_136
10,"loguear, decir, estafó, milei, él",52,2025-01-01,10_haber_él_sr_referir
11,"digitally, verified, 2023, date, signed",7,2025-01-01,11_trabajo_trabajador_empleador_laboral
12,"discapacidad, alzheimer, demencia, personas, persona",79,2025-01-01,12_salud_discapacidad_paciente_pública
13,"bloomberg, karina, milei, cena, dólares",7,2025-01-01,13_precio_dólares_italo_millón
14,"president, avisar, morchio, acercar, procederer",17,2025-01-01,14_presiden_president_bue_sugerir
15,"alexis, menem, doctor, laxo, ocupar",6,2025-01-01,15_doctor_caride_hoz_ocupar
16,"bornoroni, noroni, machado, bor, santurio",28,2025-01-01,16_resulta_pala_afi_sin
17,"ruta, 329, hadad, tren, intendente",7,2025-01-01,17_ferroviario_ruta_ferrocarril_transpor...
18,"2025, jubilado, previsional, jubilación, pensión",44,2025-01-01,18_pensión_previsional_jubilado_jubilaci...
19,"agost, carreño, tanda, moira, marclay",50,2025-01-01,19_jurar_jura_someter_sr
20,"manifestación, cántico, manifestaciones, estanislao, alexis",22,2025-01-01,20_manifestaciones_manifestación_barra_l...
21,"760, peticiones, poder, , ",1,2025-01-01,21_diputados_5282_pala_pág
22,"soldano, pertinentes, maureira, sépanlo, 200",4,2025-01-01,22_militar_fuerza_defensa_soldati
23,"dnu, posteo, milei, estafa, acá",33,2025-01-01,23_político_democracia_partido_debate
24,"senador, legislador, desdoblar, congreso, tuit",19,2025-01-01,24_legislador_congreso_legislativo_parla...
25,"sr, llamalo, álvaro, tomen, almirón",46,2025-01-01,25_sr_pala_concedo_álvaro
26,"vicepresidencia, vicepresidenta, vicepresidente, petri, bornoroni",21,2025-01-01,26_vicepresidente_vicepresidencia_ocupar...
27,"investigar, denunciar, patrimonio, , ",1,2025-01-01,27_educación_escuela_monumento_aconsejar
28,"2025, 2024, 789, despachado, habilitar",21,2025-01-01,28_2007_2010_2006_07
29,"explosión, tapa, 1992, clarín, cial",1,2025-01-01,29_1984_1985_diputados_véanse
30,"agroproductivo, ído, concretamen, cuario, agrope",2,2025-01-01,30_agropecuario_ganadería_productor_agri...
31,"519000, estafa, 54000, cripto, estafador",6,2025-01-01,31_deudor_deuda_hipotecario_crédito
32,"evangelios, santos, dios, jurar, jura",41,2025-01-01,32_evangelios_santos_dios_jurar
33,"oficio, juez, espert, justicia, tomar",30,2025-01-01,33_justicialista_juez_justicia_bancada
34,"fentanilo, niñas, niños, sarapura, adolescentes",5,2025-01-01,34_matrimonio_divorcio_cónyuge_hijo
35,"audio, spagnuolo, chorear, agencia, andis",7,2025-01-01,35_teatral_radio_televisión_audiovisual
36,"memoria, homenajes, cándida, tarlovsky, kirk",8,2025-01-01,36_memoria_rendido_homenajes_rendir
37,"ypf, antimafias, tasa, barra, sucursal",5,2025-01-01,37_nuclear_energía_energético_gas
38,"discapacidad, cívica, radical, unión, actualizar",9,2025-01-01,38_cívica_radical_unión_nombre
39,"votar, votado, sarapura, vot, espert",21,2025-01-01,39_votar_voté_votado_vota
40,"clara, anótese, sírvanse, aguarden, hágalir",21,2025-01-01,40_leito_aparicio_alderete_leavy
41,"transportes, importar, tozudez, aerolíneas, argentinas",4,2025-01-01,41_aéreo_aerolíneas_argentinas_aeronave
42,"perdón, disculpe, disculpa, ledesma, ianni",37,2025-01-01,42_disculpe_disculpa_perdón_discúlpeme
43,"gabinete, jefe, ministros, pregunta, contestar",77,2025-01-01,43_ministros_gabinete_jefe_ministro
44,"respeto, respetuoso, faltar, falta, respetar",58,2025-01-01,44_respeto_respetar_respetuoso_señores
45,"escuchar, escuchaber, oradora, murmullo, señores",43,2025-01-01,45_escuchar_oradora_escuchaber_escuchen
46,"momento, massot, poquito, vení, brindándoles",14,2025-01-01,46_momento_plazo_quórum_oportuno
47,"agost, carreño, emplazamiento, sr, gre",61,2025-01-01,47_agost_carreño_2º_xii
48,"suizo, francos, autoinvestigación, retuiteó, orfebre",5,2025-01-01,48_suizo_suiza_italo_accionista
49,"abortista, provido, defensoría, cualquiera, niño",1,2025-01-01,49_aborto_mujer_embarazo_salud
50,"25, decreto, 461, 462, 345",13,2025-01-01,50_decreto_648_alidez_derogar
51,"01, a1, 5k, 018, 18",4,2025-01-01,51_mujer_violencia_01_género
52,"ley, aviso, definitivamente, , ",2,2025-01-01,52_ley_aviso_roja_definitivamente
53,"gabinete, jefe, pregunta, contestar, interrumpir",56,2025-01-01,53_secretario_jefe_gabinete_secretaria
54,"micrófono, percibir, manifestación, alcanzar, biasi",61,2025-01-01,54_micrófono_audio_sonido_receptor
55,"sugeír, papelerío, dossier, estilar, redacter",8,2025-01-01,55_redacción_autor_copia_citación
56,"continúir, finalizar, finalice, milman, continu",42,2025-01-01,56_continúir_finalizar_proseguir_continú...
57,"riojana, numerar, provincia, escuchada, bullicio",6,2025-01-01,57_provincia_provincial_jurisdicción_int...
58,"borrego, benedetti, registrado, basualdo, bianchetti",21,2025-01-01,58_registrado_sarghini_carrió_grosso
59,"castellano, taquígrafos, levantado, guillermo, director",8,2025-01-01,59_taquígrafos_director_cuerpo_monasteri...
61,"renuncia, acevedo, quisiste, pedirte, presentado",7,2025-01-01,61_renuncia_presentado_peticiones_renunc...
62,"risas, distraído, angustie, evitá, consecutivamente",8,2025-01-01,62_risas_humor_risa_reír
63,"universitario, universidad, 2025, docente, educación",18,2025-01-01,63_educación_educativo_universidad_docen...
64,"provincias, unidas, fielmente, jura, requerírsele",24,2025-01-01,64_provincia_provincias_jura_requerírsel...
65,"emplazamiento, 228, 106, interpretación, 127",10,2025-01-01,65_boletín_prescindir_enunciación_resuel...
66,"yasky, pedrini, espert, peluc, allende",32,2025-01-01,66_yasky_espert_acordar_allende
67,"massot, mayoraz, transitar, afi, ",55,2025-01-01,67_massot_mayoraz_rugir_vallone
68,"2025, afectado, incendio, emergencia, zona",13,2025-01-01,68_desastre_zona_emergencia_agropecuario
70,"evasión, planteé, trulalá, oliveras, 27742",3,2025-01-01,70_tabaco_cigarrillo_tabacalero_fumar
71,"abstenciones, abstención, 158, 159, 146",30,2025-01-01,71_abstenciones_abstención_afi_195
72,"9º, 7º, entien, 6º, finocchiaro",10,2025-01-01,72_6º_7º_1º_8º
73,"casas, figueroa, interrumpo, alrededor, libra",29,2025-01-01,73_casas_bue_considera_figueroa
74,"bahía, afectado, blanca, temporal, zona",2,2025-01-01,74_turismo_turístico_viaje_actividad
75,"carignano, conferencia, andino, abierto, unidad",9,2025-01-01,75_inte_ocaña_conferencia_abierto
76,"natalia, sota, , , ",1,2025-01-01,76_compartir_pala_natalia_morán
77,"stolbizer, concedo, mayoraz, caer, ",19,2025-01-01,77_giacomo_stolbizer_nalizar_pala
78,"reconsideración, tarado, hagar, inconveniente, 8º",10,2025-01-01,78_reconsideración_reconsiderar_formulo_...
79,"schlotthauer, nieri, opinar, alguien, ",20,2025-01-01,79_considera_schlotthauer_nieri_pala
82,"segundo, treinta, veinte, otemos, exceder",11,2025-01-01,82_treinta_veinte_segundo_quince
83,"otación, vea, pág, véase, 7º",26,2025-01-01,83_vea_pág_otación_él
84,"ibañez, verasay, gollán, campero, quiroz",32,2025-01-01,84_yacobitti_verasay_pala_gollán
85,"abstenciones, abstención, 131, 130, 129",34,2025-01-01,85_abstenciones_abstención_afi_131
86,"tanda, entonar, estrofa, himno, convocatoria",1,2025-01-01,86_estrofa_entonar_himno_orquesta
87,"monti, chubut, , , ",7,2025-01-01,87_chubut_pala_sidencia_monti
88,"cancha, fútbol, diputados, , ",1,2025-01-01,88_deportivo_antidopaje_deporte_fútbol
89,"auspiciante, olvidar, recordar, gaillard, emplazamiento",5,2025-01-01,89_recordar_italo_nalizado_olvidar
90,"cambiar, desmientar, plenario, molle, cambio",9,2025-01-01,90_cambio_juntos_cambiar_interbloque
91,"márquez, fortuito, desvirtuar, argumentar, sensible",10,2025-01-01,91_tema_motivo_razón_lógica
93,"alzado, mano, emplazamiento, levantar, exprese",33,2025-01-01,93_alzado_mano_levantar_afi
94,"coli, santillán, coletta, continúe, rizzotti",21,2025-01-01,94_lipovetzky_coli_nalizado_santillán
95,"kirchnerismo, banco, pañar, sanear, central",3,2025-01-01,95_banco_central_directorio_negociación
98,"garrido, vuelta, redondeé, tournier, guapo",38,2025-01-01,98_vuelta_garrido_giro_carasso
99,"electoral, candidato, 2021, 20210927113532238, 303590111",6,2025-01-01,99_electoral_alianza_dni_candidato
100,"llancafilo, vásquez, osuna, tanda, ",30,2025-01-01,100_osuna_llancafilo_vásquez_punto
101,"cero, abstenciones, mentís, 172, 115",4,2025-01-01,101_negativa_cero_negativos_nulo
102,"solicitud, peticiones, reen, alí, paulón",7,2025-01-01,102_solicitud_peticiones_solicité_solici...
103,"agradecer, superagradecer, respetem, bienvenido, valdés",16,2025-01-01,103_agradecer_apreciación_agradecimiento...
104,"anulado, tocar, espacio, plantear, próximo",1,2025-01-01,104_mañana_ayer_acordar_desplacer
105,"ciencia, innovación, tecnología, 27614, productiva",13,2025-01-01,105_ciencia_tecnología_innovación_tecnol...
106,"machicote, canario, lechuga, totalmente, sigar",1,2025-01-01,106_alimentario_alimento_programa_alimen...
107,"estipule, sugerir, firma, caer, cumplir",1,2025-01-01,107_italo_compañía_empresa_firma
108,"juliano, intervención, , , ",43,2025-01-01,108_cientemente_apoyado_sufi_juliano
109,"estafa, guion, investigar, tuit, proscripción",5,2025-01-01,109_corte_juez_patti_judicial
110,"cuerpo, renumeración, facultar, estilo, pauta",22,2025-01-01,110_cuerpo_renumeración_corpacci_faculta...
111,"brouwer, koning, sarapura, massot, ",16,2025-01-01,111_considera_resulta_koning_brouwer
112,"cosa, , , , ",3,2025-01-01,112_resulta_gorleri_morales_gorila
114,"indígena, troncal, puertos, navegación, hidrovía",5,2025-01-01,114_pesca_pesquero_mar_buque
115,"sota, gabinete, jefe, ministros, personalmente",7,2025-01-01,115_ministros_gabinete_jefe_sota
116,"resolución, 335, vea, tanda, santilli",4,2025-01-01,116_resolución_disidencias_aciones_obser...
117,"suficientemente, apoyado, apoyar, , ",1,2025-01-01,117_suficientemente_apoyado_apoyar_consi...
118,"auditoría, auditor, cintia, almada, calletti",24,2025-01-01,118_auditoría_auditor_forlón_designado
119,"comenzar, tanda, ajmechet, empezar, comienzo",16,2025-01-01,119_comenzar_individual_comienzo_empezar
120,"palestino, israel, gaza, genocidio, netanyahu",44,2025-01-01,120_the_israel_palestino_convention
121,"castillo, loredo, ripoll, mendieta, tanda",83,2025-01-01,121_castillo_loredo_ripoll_pichetto
122,"5º, 3º, establezcar, tríada, correspondientes",10,2025-01-01,122_3º_5º_polini_1º
123,"vacuna, investigar, astrazeneca, 130000, beca",6,2025-01-01,123_vacuna_vacunación_covid_salud
124,"leído, leer, literal, ordenado, asignar",6,2025-01-01,124_leído_leer_afi_leeré
125,"selva, chequear, sabrina, continúir, yasky",16,2025-01-01,125_contigiani_selva_afi_espinoza
126,"manes, firtman, tuit, periodístico, bloomberg",12,2025-01-01,126_periodista_periodístico_prensa_perio...
127,"arroyo, valdés, acevedo, 2º, 1º",37,2025-01-01,127_arroyo_valdés_acevedo_polledo
128,"llamo, listo, manrique, volver, momento",2,2025-01-01,128_volver_nuevamente_otorgué_afi
129,"revelación, marchanta, contrapunto, nóblega, equivocar",5,2025-01-01,129_terrorismo_terrorista_humanos_derech...
132,"empate, definar, karina, llamar, banfi",2,2025-01-01,132_nombre_apellido_pila_corrección
133,"web, contrato, tuit, acompañarer, libra",2,2025-01-01,133_negociación_negociador_negociar_nego...
134,"paulón, indec, soria, , ",18,2025-01-01,134_afi_paulón_robson_copello
136,"entonar, estrofa, himno, doña, abierto",13,2025-01-01,136_doña_himno_electoral_abierto
137,"rizzotti, sírvar, mayoraz, póngansar, arjol",15,2025-01-01,137_sírvar_resu_rizzotti_ta
138,"vidal, lombardi, debate, liviandad, ",22,2025-01-01,138_lombardi_vidal_debate_vivero
141,"interrumpir, interrup, interrumpar, continúe, concedo",14,2025-01-01,141_interrumpir_interrup_dencia_presi
142,"benegas, lynch, ginocchio, michel, todero",29,2025-01-01,142_ginocchio_benegas_pala_lynch
143,"dígame, breguer, demir, deme, vuelta",10,2025-01-01,143_indicar_tienir_yo_pala
144,"hagman, hagan, apreciación, pregunta, ",13,2025-01-01,144_martiarena_suficientemente_hagman_ap...
145,"salud, mundial, organización, anmat, medicamento",5,2025-01-01,145_salud_medicina_médico_medicamento
146,"plantee, votir, dejir, formule, intercalar",4,2025-01-01,146_flores_plantee_riutort_planteo
147,"información, conocimiento, idea, recabé, interesante",9,2025-01-01,147_conocimiento_información_tomar_conoc...
148,"árbitro, cobos, apartar, caso, tema",4,2025-01-01,148_caso_suponer_demandar_separado
150,"laspina, , , , ",2,2025-01-01,150_laspina_acceder_afi_lasbanca
151,"someter, , , , ",1,2025-01-01,151_autenticacer_archivar_formular_diari...
152,"emplazamiento, oportunidad, cualquiero, reiterado, temario",4,2025-01-01,152_oportunidad_solicité_ocasión_aprovec...
153,"constitución, requerir, myriam, lousteau, virtud",11,2025-01-01,153_constitución_jura_requerírsele_esqui...
155,"aparezco, sistema, pantalla, computadora, positivo",10,2025-01-01,155_sistema_electrónicamente_funcionar_l...
156,"responder, iniciativa, empresario, conocimiento, ",1,2025-01-01,156_iniciativa_ambos_resulta_brevedad
158,"milman, rendido, vertido, michel, osuna",12,2025-01-01,158_estévez_rendido_vertido_milman
159,"reconsideración, , , , ",6,2025-01-01,159_reconsideración_reconsideracion_reco...
161,"cobos, manes, marziotta, , ",24,2025-01-01,161_marziotta_cobos_manes_gisela
162,"mandar, , , , ",1,2025-01-01,162_pronunciamiento_pronuncie_acento_éli...
163,"58558124, importación, ordener, exímase, sau",1,2025-01-01,163_exportación_importación_mercadería_c...
164,"libra, trabajé, ministro, eventualmente, cavallo",3,2025-01-01,164_economía_ministro_ministerio_italo
165,"4311, mirabelli, oficio, lino, isidro",1,2025-01-01,165_juicio_juez_doctor_actuación
167,"carro, comprarir, noma, autóno, autó",13,2025-01-01,167_carro_nanni_mounier_car
168,"27640, tolerancia, biocombustibl, segundo, notorio",1,2025-01-01,168_biocombustibl_biodiésel_combustible_...
169,"tanda, seguir, massot, próximo, sr",5,2025-01-01,169_próximo_listado_seguir_afi
172,"referencia, dividir, temario, completo, ",2,2025-01-01,172_referencia_coautor_referencien_lengu...
173,"escuchar, escúchenme, escuchaber, reitero, acá",11,2025-01-01,173_escuchar_garay_reitero_escúchenme
174,"montoto, , , , ",2,2025-01-01,174_traslado_montoto_solicitud_trasladar
175,"aguarde, bornoroni, elección, provisional, perdón",2,2025-01-01,175_pedidos_mociones_informes_consulta
176,"pregunta, preguntar, responder, acordar, páselir",18,2025-01-01,176_pregunta_preguntar_contestar_respond...
177,"4º, 1º, radicalismo, aprovechar, radical",2,2025-01-01,177_radical_radicalismo_bancada_evolució...
178,"sugerencia, exprese, sugerir, , ",4,2025-01-01,178_sugerencia_sugerir_sugerido_acepto
179,"banfi, massot, ceder, adelantar, lugar",26,2025-01-01,179_banfi_refiera_habiéndose_loguear
180,"biasi, cumplir, regla, esperar, ",1,2025-01-01,180_inconveniente_excusación_contrario_e...
181,"petri, independencia, , , ",4,2025-01-01,181_petri_respetar_petmite_calma
182,"pregunta, raro, preguntar, realizar, notable",17,2025-01-01,182_pregunta_realizar_preguntar_raro
183,"evangelios, santos, humenuk, petrovich, dios",6,2025-01-01,183_evangelios_santos_jura_dios
184,"mayoraz, jura, públicamente, público, organizar",5,2025-01-01,184_audiencia_guardar_público_requerírse...
185,"agregado, , , , ",1,2025-01-01,185_agregado_genera_resulta_gennaro
186,"tema, , , , ",3,2025-01-01,186_pala_tema_hase_interesado
189,"taquigráfico, versión, taquigráfica, 1086, figuro",11,2025-01-01,189_versión_taquigráfico_taquigráfi_taqu...
-1,"glaciar, agua, laboral, hídrico, europea",783,2026-01-01,-1_él_provincia_caso_año
0,"laboral, trabajador, reforma, argentina, trabajo",192,2026-01-01,0_argentino_argentina_país_gobierno
1,"apriete, sabilidad, ahogar, sintonía, guarda",3,2026-01-01,1_presupuesto_gasto_ciento_millón
3,"debate, paulón, replicar, empezarar, terminé",9,2026-01-01,3_debate_discusión_tema_debatir
4,"700000, bancada, pib, apelación, tremendo",3,2026-01-01,4_educación_universidad_docente_educativ...
5,"lksg, ignorancia, falté, lobista, sindicato",2,2026-01-01,5_energía_gas_combustible_combustibles
6,"condena, detención, tratarar, edad, sección",10,2026-01-01,6_penal_código_pena_delito
7,"176, 195, 119, 130, 125",23,2026-01-01,7_afi_127_129_131
8,"imn, baja, bajar, perfecto, cheque",1,2026-01-01,8_impuesto_ganancia_tributario_fiscal
9,"23cuestión, estión, privileg, 133, ",1,2026-01-01,9_registrar_afi_él_136
10,"almirón, xxiii, repesada, ueer, dígal",7,2026-01-01,10_haber_él_sr_referir
11,"laboral, trabajador, 177, ultraactividad, modernización",38,2026-01-01,11_trabajo_trabajador_empleador_laboral
13,"compensación, unanimidad, decir, construir, gasto",1,2026-01-01,13_precio_dólares_italo_millón
14,"avión, presidencial, noche, mañana, criterio",1,2026-01-01,14_presiden_president_bue_sugerir
15,"alexis, miño, menem, humildemente, ocupar",2,2026-01-01,15_doctor_caride_hoz_ocupar
16,"iputado, luque, adorni, cipollini, pitrola",8,2026-01-01,16_resulta_pala_afi_sin
18,"robando, dijimos, curro, déjeme, desfinanciamiento",1,2026-01-01,18_pensión_previsional_jubilado_jubilaci...
19,"reformatorio, grabois, juliano, álvaro, encerrar",3,2026-01-01,19_jurar_jura_someter_sr
20,"pib, 16manifestación, reclutan, pampita, manifestación",7,2026-01-01,20_manifestaciones_manifestación_barra_l...
21,"diputad, 208, reir, 140, respetuoso",2,2026-01-01,21_diputados_5282_pala_pág
22,"cobardes, helicóptero, anécdota, inútil, capitán",3,2026-01-01,22_militar_fuerza_defensa_soldati
23,"intimidar, engañar, intimidado, cambiar, institucionalista",3,2026-01-01,23_político_democracia_partido_debate
24,"audiencia, materialmente, encerrado, mayoraz, pared",4,2026-01-01,24_legislador_congreso_legislativo_parla...
25,"sr, madure, callame, cotorra, palazzo",8,2026-01-01,25_sr_pala_concedo_álvaro
28,"mre, dtr, if, 2026, apn",2,2026-01-01,28_2007_2010_2006_07
32,"schiaretti, evangelios, santos, jura, dios",1,2026-01-01,32_evangelios_santos_dios_jurar
33,"lear, judicializar, cortar, ejercer, estar",1,2026-01-01,33_justicialista_juez_justicia_bancada
35,"ianigla, andis, geoforma, glaciar, ambigüedad",4,2026-01-01,35_teatral_radio_televisión_audiovisual
36,"homenajes, memoria, uoso, 21homenajes, rendido",6,2026-01-01,36_memoria_rendido_homenajes_rendir
37,"nuclear, reidel, modular, aceite, reactor",6,2026-01-01,37_nuclear_energía_energético_gas
39,"reconsideración, votar, legitimemo, avivado, englobar",4,2026-01-01,39_votar_voté_votado_vota
40,"zigacer, tepp, velázquez, andreis, tita",14,2026-01-01,40_leito_aparicio_alderete_leavy
42,"disculpe, bunny, bad, disculpa, respete",8,2026-01-01,42_disculpe_disculpa_perdón_discúlpeme
43,"intercambiabl, muchísimo, pagán, anticipé, sobrado",2,2026-01-01,43_ministros_gabinete_jefe_ministro
44,"respeto, continúir, mayoraz, respetar, falté",13,2026-01-01,44_respeto_respetar_respetuoso_señores
45,"escuchar, glinski, aburro, ahuad, dirigido",8,2026-01-01,45_escuchar_oradora_escuchaber_escuchen
46,"hemiciclo, alocución, esperar, duración, aprovechar",3,2026-01-01,46_momento_plazo_quórum_oportuno
47,"xxvi, xxiv, xviii, 154, segundo",6,2026-01-01,47_agost_carreño_2º_xii
51,"atacada, mujer, expresidento, profesionalizar, adulto",3,2026-01-01,51_mujer_violencia_01_género
52,"rocede, increpar, quintar, 659, desmontar",1,2026-01-01,52_ley_aviso_roja_definitivamente
53,"32cuestión, stitucional, secretario, privileg, interrumpo",6,2026-01-01,53_secretario_jefe_gabinete_secretaria
54,"micrófono, álvaro, tontito, manifestación, percibir",13,2026-01-01,54_micrófono_audio_sonido_receptor
55,"enoje, sugerencia, redacción, sacar, modificar",1,2026-01-01,55_redacción_autor_copia_citación
56,"patrón, finalice, continúar, completar, hacés",9,2026-01-01,56_continúir_finalizar_proseguir_continú...
57,"barrick, aús, tilizar, gobernador, relevamiento",2,2026-01-01,57_provincia_provincial_jurisdicción_int...
58,"biella, basualdo, , , ",6,2026-01-01,58_registrado_sarghini_carrió_grosso
59,"taiana, pidiendo, avisar, levantado, taquígrafos",2,2026-01-01,59_taquígrafos_director_cuerpo_monasteri...
61,"déjeme, despedido, monotributista, finalizar, sr",1,2026-01-01,61_renuncia_presentado_peticiones_renunc...
63,"lectivo, escolar, docente, numerar, discontinuo",3,2026-01-01,63_educación_educativo_universidad_docen...
64,"rebolear, vendepatria, poncho, gradualidad, lula",5,2026-01-01,64_provincia_provincias_jura_requerírsel...
65,"quórum, aseveración, 138, rectificar, 128",2,2026-01-01,65_boletín_prescindir_enunciación_resuel...
66,"peluc, yasky, rendido, estrado, vertido",9,2026-01-01,66_yasky_espert_acordar_allende
67,"massot, mayoraz, , , ",9,2026-01-01,67_massot_mayoraz_rugir_vallone
68,"agua, federalismo, recurso, glaciar, hídrico",4,2026-01-01,68_desastre_zona_emergencia_agropecuario
71,"203, abstenciones, , , ",1,2026-01-01,71_abstenciones_abstención_afi_195
72,"12moción, 6moción, 8moción, 9moción, 11moción",6,2026-01-01,72_6º_7º_1º_8º
73,"apartamento, 2026, 7moción, 949, 601",3,2026-01-01,73_casas_bue_considera_figueroa
75,"carignano, andino, , , ",7,2026-01-01,75_inte_ocaña_conferencia_abierto
77,"concedar, , , , ",1,2026-01-01,77_giacomo_stolbizer_nalizar_pala
78,"reconsideración, arrebato, cerramos, pasar, alzado",2,2026-01-01,78_reconsideración_reconsiderar_formulo_...
79,"nieri, , , , ",1,2026-01-01,79_considera_schlotthauer_nieri_pala
82,"22cuestión, rendido, selva, vertido, dictámen",2,2026-01-01,82_treinta_veinte_segundo_quince
83,"otación, vea, pág, 253, res1",10,2026-01-01,83_vea_pág_otación_él
84,"verasay, , , , ",2,2026-01-01,84_yacobitti_verasay_pala_gollán
85,"abstención, 139, 110, abstenciones, 117",27,2026-01-01,85_abstenciones_abstención_afi_131
87,"avila, chubut, , , ",1,2026-01-01,87_chubut_pala_sidencia_monti
90,"contexto, modificar, cambiar, momento, diputados",2,2026-01-01,90_cambio_juntos_cambiar_interbloque
91,"todero, bornoroni, racional, tema, ",2,2026-01-01,91_tema_motivo_razón_lógica
93,"alzado, mano, leído, scaglia, sugerencia",6,2026-01-01,93_alzado_mano_levantar_afi
94,"santillán, , , , ",1,2026-01-01,94_lipovetzky_coli_nalizado_santillán
98,"grabois, garrido, massot, , ",11,2026-01-01,98_vuelta_garrido_giro_carasso
100,"osuna, , , , ",1,2026-01-01,100_osuna_llancafilo_vásquez_punto
101,"abstenciones, cero, 139, 111, manrique",7,2026-01-01,101_negativa_cero_negativos_nulo
103,"ovación, bendición, mango, tanda, agradecer",3,2026-01-01,103_agradecer_apreciación_agradecimiento...
108,"juliano, , , , ",6,2026-01-01,108_cientemente_apoyado_sufi_juliano
110,"cuerpo, requerido, habilitar, poner, posibilidad",1,2026-01-01,110_cuerpo_renumeración_corpacci_faculta...
114,"arreseygor, iñaki, puerto, 2026, interferir",1,2026-01-01,114_pesca_pesquero_mar_buque
115,"sota, , , , ",2,2026-01-01,115_ministros_gabinete_jefe_sota
117,"chorear, , , , ",1,2026-01-01,117_suficientemente_apoyado_apoyar_consi...
118,"rectificación, auditoría, , , ",1,2026-01-01,118_auditoría_auditor_forlón_designado
119,"3moción, comenzar, yasky, machado, dictámen",3,2026-01-01,119_comenzar_individual_comienzo_empezar
120,"trump, guerra, israel, milei, malvinas",9,2026-01-01,120_the_israel_palestino_convention
122,"machado, 5º, 3º, prolongado, ",2,2026-01-01,122_3º_5º_polini_1º
124,"leído, , , , ",1,2026-01-01,124_leído_leer_afi_leeré
125,"selva, , , , ",2,2026-01-01,125_contigiani_selva_afi_espinoza
126,"estatuto, periodismo, retiro, prontuario, mención",4,2026-01-01,126_periodista_periodístico_prensa_perio...
127,"valdés, , , , ",3,2026-01-01,127_arroyo_valdés_acevedo_polledo
128,"estarer, reitero, nuevamente, brindar, integrante",2,2026-01-01,128_volver_nuevamente_otorgué_afi
132,"positivo, comprendido, nombre, , ",1,2026-01-01,132_nombre_apellido_pila_corrección
134,"paulón, , , , ",5,2026-01-01,134_afi_paulón_robson_copello
136,"estrofa, entonar, himno, pauli, 2convocatoria",2,2026-01-01,136_doña_himno_electoral_abierto
137,"rizzotti, , , , ",2,2026-01-01,137_sírvar_resu_rizzotti_ta
141,"10moción, negat, freites, interrumpar, álvaro",3,2026-01-01,141_interrumpir_interrup_dencia_presi
144,"hagman, , , , ",1,2026-01-01,144_martiarena_suficientemente_hagman_ap...
146,"flores, maximiliano, perdón, , ",2,2026-01-01,146_flores_plantee_riutort_planteo
148,"carignano, alusión, personal, caso, ",1,2026-01-01,148_caso_suponer_demandar_separado
152,"falcone, oportunidad, , , ",1,2026-01-01,152_oportunidad_solicité_ocasión_aprovec...
153,"recta, ordenir, constitucionalismo, respeto, gusto",2,2026-01-01,153_constitución_jura_requerírsele_esqui...
155,"voté, revisar, funcionamiento, tomar, sistema",1,2026-01-01,155_sistema_electrónicamente_funcionar_l...
157,"eliminación, almirón, agradecido, sugerencia, sugerir",3,2026-01-01,157_eliminación_suprimir_eliminado_elimi...
158,"estévez, michel, tanda, rendido, vertido",4,2026-01-01,158_estévez_rendido_vertido_milman
159,"reconsideración, , , , ",1,2026-01-01,159_reconsideración_reconsideracion_reco...
163,"instituto, introducción, respectar, especializado, des",1,2026-01-01,163_exportación_importación_mercadería_c...
171,"xiv, , , , ",1,2026-01-01,171_ficación_afi_xiv_xix
172,"referencia, , , , ",1,2026-01-01,172_referencia_coautor_referencien_lengu...
173,"escuchar, , , , ",1,2026-01-01,173_escuchar_garay_reitero_escúchenme
176,"terminemos, alzado, puntualizar, mano, obtener",1,2026-01-01,176_pregunta_preguntar_contestar_respond...
177,"niki, cantard, construimos, unificar, montón",1,2026-01-01,177_radical_radicalismo_bancada_evolució...
178,"sugerencia, hagar, agradec, enoje, michel",14,2026-01-01,178_sugerencia_sugerir_sugerido_acepto
179,"banfi, , , , ",6,2026-01-01,179_banfi_refiera_habiéndose_loguear
182,"scaglia, realizar, distinto, , ",1,2026-01-01,182_pregunta_realizar_preguntar_raro
